"N","min(origNodeNums)","q1(origNodeNums)","med(origNodeNums)","q3(origNodeNums)","max(origNodeNums)","avg(origNodeNums)","std(origNodeNums)","min(fluidMechPressure_timeDeriv1)","q1(fluidMechPressure_timeDeriv1)","med(fluidMechPressure_timeDeriv1)","q3(fluidMechPressure_timeDeriv1)","max(fluidMechPressure_timeDeriv1)","avg(fluidMechPressure_timeDeriv1)","std(fluidMechPressure_timeDeriv1)","min(vtkOriginalPointIds)","q1(vtkOriginalPointIds)","med(vtkOriginalPointIds)","q3(vtkOriginalPointIds)","max(vtkOriginalPointIds)","avg(vtkOriginalPointIds)","std(vtkOriginalPointIds)","min(X)","q1(X)","med(X)","q3(X)","max(X)","avg(X)","std(X)","min(Y)","q1(Y)","med(Y)","q3(Y)","max(Y)","avg(Y)","std(Y)","min(Z)","q1(Z)","med(Z)","q3(Z)","max(Z)","avg(Z)","std(Z)","vtkValidPointMask","Time"
1,2,2,2,2,2,2,0,0.87491,0.87491,0.87491,0.87491,0.87491,0.87491,0,1,1,1,1,1,1,0,-1,-1,-1,-1,-1,-1,0,1,1,1,1,1,1,0,0,0,0,0,0,0,0,1,0.01
1,2,2,2,2,2,2,0,0.99976,0.99976,0.99976,0.99976,0.99976,0.99976,0,1,1,1,1,1,1,0,-1,-1,-1,-1,-1,-1,0,1,1,1,1,1,1,0,0,0,0,0,0,0,0,1,0.02
1,2,2,2,2,2,2,0,0.99951,0.99951,0.99951,0.99951,0.99951,0.99951,0,1,1,1,1,1,1,0,-1,-1,-1,-1,-1,-1,0,1,1,1,1,1,1,0,0,0,0,0,0,0,0,1,0.03
1,2,2,2,2,2,2,0,0.99916,0.99916,0.99916,0.99916,0.99916,0.99916,0,1,1,1,1,1,1,0,-1,-1,-1,-1,-1,-1,0,1,1,1,1,1,1,0,0,0,0,0,0,0,0,1,0.04
1,2,2,2,2,2,2,0,0.99871,0.99871,0.99871,0.99871,0.99871,0.99871,0,1,1,1,1,1,1,0,-1,-1,-1,-1,-1,-1,0,1,1,1,1,1,1,0,0,0,0,0,0,0,0,1,0.05
1,2,2,2,2,2,2,0,0.99816,0.99816,0.99816,0.99816,0.99816,0.99816,0,1,1,1,1,1,1,0,-1,-1,-1,-1,-1,-1,0,1,1,1,1,1,1,0,0,0,0,0,0,0,0,1,0.06
1,2,2,2,2,2,2,0,0.99751,0.99751,0.99751,0.99751,0.99751,0.99751,0,1,1,1,1,1,1,0,-1,-1,-1,-1,-1,-1,0,1,1,1,1,1,1,0,0,0,0,0,0,0,0,1,0.07
1,2,2,2,2,2,2,0,0.99676,0.99676,0.99676,0.99676,0.99676,0.99676,0,1,1,1,1,1,1,0,-1,-1,-1,-1,-1,-1,0,1,1,1,1,1,1,0,0,0,0,0,0,0,0,1,0.08
1,2,2,2,2,2,2,0,0.99591,0.99591,0.99591,0.99591,0.99591,0.99591,0,1,1,1,1,1,1,0,-1,-1,-1,-1,-1,-1,0,1,1,1,1,1,1,0,0,0,0,0,0,0,0,1,0.09
1,2,2,2,2,2,2,0,0.99496,0.99496,0.99496,0.99496,0.99496,0.99496,0,1,1,1,1,1,1,0,-1,-1,-1,-1,-1,-1,0,1,1,1,1,1,1,0,0,0,0,0,0,0,0,1,0.1
1,2,2,2,2,2,2,0,0.99391,0.99391,0.99391,0.99391,0.99391,0.99391,0,1,1,1,1,1,1,0,-1,-1,-1,-1,-1,-1,0,1,1,1,1,1,1,0,0,0,0,0,0,0,0,1,0.11
1,2,2,2,2,2,2,0,0.99277,0.99277,0.99277,0.99277,0.99277,0.99277,0,1,1,1,1,1,1,0,-1,-1,-1,-1,-1,-1,0,1,1,1,1,1,1,0,0,0,0,0,0,0,0,1,0.12
1,2,2,2,2,2,2,0,0.99152,0.99152,0.99152,0.99152,0.99152,0.99152,0,1,1,1,1,1,1,0,-1,-1,-1,-1,-1,-1,0,1,1,1,1,1,1,0,0,0,0,0,0,0,0,1,0.13
1,2,2,2,2,2,2,0,0.99017,0.99017,0.99017,0.99017,0.99017,0.99017,0,1,1,1,1,1,1,0,-1,-1,-1,-1,-1,-1,0,1,1,1,1,1,1,0,0,0,0,0,0,0,0,1,0.14
1,2,2,2,2,2,2,0,0.98873,0.98873,0.98873,0.98873,0.98873,0.98873,0,1,1,1,1,1,1,0,-1,-1,-1,-1,-1,-1,0,1,1,1,1,1,1,0,0,0,0,0,0,0,0,1,0.15
1,2,2,2,2,2,2,0,0.98719,0.98719,0.98719,0.98719,0.98719,0.98719,0,1,1,1,1,1,1,0,-1,-1,-1,-1,-1,-1,0,1,1,1,1,1,1,0,0,0,0,0,0,0,0,1,0.16
1,2,2,2,2,2,2,0,0.98554,0.98554,0.98554,0.98554,0.98554,0.98554,0,1,1,1,1,1,1,0,-1,-1,-1,-1,-1,-1,0,1,1,1,1,1,1,0,0,0,0,0,0,0,0,1,0.17
1,2,2,2,2,2,2,0,0.9838,0.9838,0.9838,0.9838,0.9838,0.9838,0,1,1,1,1,1,1,0,-1,-1,-1,-1,-1,-1,0,1,1,1,1,1,1,0,0,0,0,0,0,0,0,1,0.18
1,2,2,2,2,2,2,0,0.98196,0.98196,0.98196,0.98196,0.98196,0.98196,0,1,1,1,1,1,1,0,-1,-1,-1,-1,-1,-1,0,1,1,1,1,1,1,0,0,0,0,0,0,0,0,1,0.19
1,2,2,2,2,2,2,0,0.98003,0.98003,0.98003,0.98003,0.98003,0.98003,0,1,1,1,1,1,1,0,-1,-1,-1,-1,-1,-1,0,1,1,1,1,1,1,0,0,0,0,0,0,0,0,1,0.2
1,2,2,2,2,2,2,0,0.97799,0.97799,0.97799,0.97799,0.97799,0.97799,0,1,1,1,1,1,1,0,-1,-1,-1,-1,-1,-1,0,1,1,1,1,1,1,0,0,0,0,0,0,0,0,1,0.21
1,2,2,2,2,2,2,0,0.97586,0.97586,0.97586,0.97586,0.97586,0.97586,0,1,1,1,1,1,1,0,-1,-1,-1,-1,-1,-1,0,1,1,1,1,1,1,0,0,0,0,0,0,0,0,1,0.22
1,2,2,2,2,2,2,0,0.97363,0.97363,0.97363,0.97363,0.97363,0.97363,0,1,1,1,1,1,1,0,-1,-1,-1,-1,-1,-1,0,1,1,1,1,1,1,0,0,0,0,0,0,0,0,1,0.23
1,2,2,2,2,2,2,0,0.9713,0.9713,0.9713,0.9713,0.9713,0.9713,0,1,1,1,1,1,1,0,-1,-1,-1,-1,-1,-1,0,1,1,1,1,1,1,0,0,0,0,0,0,0,0,1,0.24
1,2,2,2,2,2,2,0,0.96887,0.96887,0.96887,0.96887,0.96887,0.96887,0,1,1,1,1,1,1,0,-1,-1,-1,-1,-1,-1,0,1,1,1,1,1,1,0,0,0,0,0,0,0,0,1,0.25
1,2,2,2,2,2,2,0,0.96635,0.96635,0.96635,0.96635,0.96635,0.96635,0,1,1,1,1,1,1,0,-1,-1,-1,-1,-1,-1,0,1,1,1,1,1,1,0,0,0,0,0,0,0,0,1,0.26
1,2,2,2,2,2,2,0,0.96373,0.96373,0.96373,0.96373,0.96373,0.96373,0,1,1,1,1,1,1,0,-1,-1,-1,-1,-1,-1,0,1,1,1,1,1,1,0,0,0,0,0,0,0,0,1,0.27
1,2,2,2,2,2,2,0,0.96102,0.96102,0.96102,0.96102,0.96102,0.96102,0,1,1,1,1,1,1,0,-1,-1,-1,-1,-1,-1,0,1,1,1,1,1,1,0,0,0,0,0,0,0,0,1,0.28
1,2,2,2,2,2,2,0,0.9582,0.9582,0.9582,0.9582,0.9582,0.9582,0,1,1,1,1,1,1,0,-1,-1,-1,-1,-1,-1,0,1,1,1,1,1,1,0,0,0,0,0,0,0,0,1,0.29
1,2,2,2,2,2,2,0,0.9553,0.9553,0.9553,0.9553,0.9553,0.9553,0,1,1,1,1,1,1,0,-1,-1,-1,-1,-1,-1,0,1,1,1,1,1,1,0,0,0,0,0,0,0,0,1,0.3
1,2,2,2,2,2,2,0,0.95229,0.95229,0.95229,0.95229,0.95229,0.95229,0,1,1,1,1,1,1,0,-1,-1,-1,-1,-1,-1,0,1,1,1,1,1,1,0,0,0,0,0,0,0,0,1,0.31
1,2,2,2,2,2,2,0,0.9492,0.9492,0.9492,0.9492,0.9492,0.9492,0,1,1,1,1,1,1,0,-1,-1,-1,-1,-1,-1,0,1,1,1,1,1,1,0,0,0,0,0,0,0,0,1,0.32
1,2,2,2,2,2,2,0,0.946,0.946,0.946,0.946,0.946,0.946,0,1,1,1,1,1,1,0,-1,-1,-1,-1,-1,-1,0,1,1,1,1,1,1,0,0,0,0,0,0,0,0,1,0.33
1,2,2,2,2,2,2,0,0.94272,0.94272,0.94272,0.94272,0.94272,0.94272,0,1,1,1,1,1,1,0,-1,-1,-1,-1,-1,-1,0,1,1,1,1,1,1,0,0,0,0,0,0,0,0,1,0.34
1,2,2,2,2,2,2,0,0.93933,0.93933,0.93933,0.93933,0.93933,0.93933,0,1,1,1,1,1,1,0,-1,-1,-1,-1,-1,-1,0,1,1,1,1,1,1,0,0,0,0,0,0,0,0,1,0.35
1,2,2,2,2,2,2,0,0.93586,0.93586,0.93586,0.93586,0.93586,0.93586,0,1,1,1,1,1,1,0,-1,-1,-1,-1,-1,-1,0,1,1,1,1,1,1,0,0,0,0,0,0,0,0,1,0.36
1,2,2,2,2,2,2,0,0.93229,0.93229,0.93229,0.93229,0.93229,0.93229,0,1,1,1,1,1,1,0,-1,-1,-1,-1,-1,-1,0,1,1,1,1,1,1,0,0,0,0,0,0,0,0,1,0.37
1,2,2,2,2,2,2,0,0.92863,0.92863,0.92863,0.92863,0.92863,0.92863,0,1,1,1,1,1,1,0,-1,-1,-1,-1,-1,-1,0,1,1,1,1,1,1,0,0,0,0,0,0,0,0,1,0.38
1,2,2,2,2,2,2,0,0.92487,0.92487,0.92487,0.92487,0.92487,0.92487,0,1,1,1,1,1,1,0,-1,-1,-1,-1,-1,-1,0,1,1,1,1,1,1,0,0,0,0,0,0,0,0,1,0.39
1,2,2,2,2,2,2,0,0.92102,0.92102,0.92102,0.92102,0.92102,0.92102,0,1,1,1,1,1,1,0,-1,-1,-1,-1,-1,-1,0,1,1,1,1,1,1,0,0,0,0,0,0,0,0,1,0.4
1,2,2,2,2,2,2,0,0.91708,0.91708,0.91708,0.91708,0.91708,0.91708,0,1,1,1,1,1,1,0,-1,-1,-1,-1,-1,-1,0,1,1,1,1,1,1,0,0,0,0,0,0,0,0,1,0.41
1,2,2,2,2,2,2,0,0.91305,0.91305,0.91305,0.91305,0.91305,0.91305,0,1,1,1,1,1,1,0,-1,-1,-1,-1,-1,-1,0,1,1,1,1,1,1,0,0,0,0,0,0,0,0,1,0.42
1,2,2,2,2,2,2,0,0.90893,0.90893,0.90893,0.90893,0.90893,0.90893,0,1,1,1,1,1,1,0,-1,-1,-1,-1,-1,-1,0,1,1,1,1,1,1,0,0,0,0,0,0,0,0,1,0.43
1,2,2,2,2,2,2,0,0.90471,0.90471,0.90471,0.90471,0.90471,0.90471,0,1,1,1,1,1,1,0,-1,-1,-1,-1,-1,-1,0,1,1,1,1,1,1,0,0,0,0,0,0,0,0,1,0.44
1,2,2,2,2,2,2,0,0.90041,0.90041,0.90041,0.90041,0.90041,0.90041,0,1,1,1,1,1,1,0,-1,-1,-1,-1,-1,-1,0,1,1,1,1,1,1,0,0,0,0,0,0,0,0,1,0.45
1,2,2,2,2,2,2,0,0.89602,0.89602,0.89602,0.89602,0.89602,0.89602,0,1,1,1,1,1,1,0,-1,-1,-1,-1,-1,-1,0,1,1,1,1,1,1,0,0,0,0,0,0,0,0,1,0.46
1,2,2,2,2,2,2,0,0.89153,0.89153,0.89153,0.89153,0.89153,0.89153,0,1,1,1,1,1,1,0,-1,-1,-1,-1,-1,-1,0,1,1,1,1,1,1,0,0,0,0,0,0,0,0,1,0.47
1,2,2,2,2,2,2,0,0.88696,0.88696,0.88696,0.88696,0.88696,0.88696,0,1,1,1,1,1,1,0,-1,-1,-1,-1,-1,-1,0,1,1,1,1,1,1,0,0,0,0,0,0,0,0,1,0.48
1,2,2,2,2,2,2,0,0.8823,0.8823,0.8823,0.8823,0.8823,0.8823,0,1,1,1,1,1,1,0,-1,-1,-1,-1,-1,-1,0,1,1,1,1,1,1,0,0,0,0,0,0,0,0,1,0.49
1,2,2,2,2,2,2,0,0.87755,0.87755,0.87755,0.87755,0.87755,0.87755,0,1,1,1,1,1,1,0,-1,-1,-1,-1,-1,-1,0,1,1,1,1,1,1,0,0,0,0,0,0,0,0,1,0.5
1,2,2,2,2,2,2,0,0.87271,0.87271,0.87271,0.87271,0.87271,0.87271,0,1,1,1,1,1,1,0,-1,-1,-1,-1,-1,-1,0,1,1,1,1,1,1,0,0,0,0,0,0,0,0,1,0.51
1,2,2,2,2,2,2,0,0.86778,0.86778,0.86778,0.86778,0.86778,0.86778,0,1,1,1,1,1,1,0,-1,-1,-1,-1,-1,-1,0,1,1,1,1,1,1,0,0,0,0,0,0,0,0,1,0.52
1,2,2,2,2,2,2,0,0.86277,0.86277,0.86277,0.86277,0.86277,0.86277,0,1,1,1,1,1,1,0,-1,-1,-1,-1,-1,-1,0,1,1,1,1,1,1,0,0,0,0,0,0,0,0,1,0.53
1,2,2,2,2,2,2,0,0.85767,0.85767,0.85767,0.85767,0.85767,0.85767,0,1,1,1,1,1,1,0,-1,-1,-1,-1,-1,-1,0,1,1,1,1,1,1,0,0,0,0,0,0,0,0,1,0.54
1,2,2,2,2,2,2,0,0.85249,0.85249,0.85249,0.85249,0.85249,0.85249,0,1,1,1,1,1,1,0,-1,-1,-1,-1,-1,-1,0,1,1,1,1,1,1,0,0,0,0,0,0,0,0,1,0.55
1,2,2,2,2,2,2,0,0.84722,0.84722,0.84722,0.84722,0.84722,0.84722,0,1,1,1,1,1,1,0,-1,-1,-1,-1,-1,-1,0,1,1,1,1,1,1,0,0,0,0,0,0,0,0,1,0.56
1,2,2,2,2,2,2,0,0.84187,0.84187,0.84187,0.84187,0.84187,0.84187,0,1,1,1,1,1,1,0,-1,-1,-1,-1,-1,-1,0,1,1,1,1,1,1,0,0,0,0,0,0,0,0,1,0.57
1,2,2,2,2,2,2,0,0.83643,0.83643,0.83643,0.83643,0.83643,0.83643,0,1,1,1,1,1,1,0,-1,-1,-1,-1,-1,-1,0,1,1,1,1,1,1,0,0,0,0,0,0,0,0,1,0.58
1,2,2,2,2,2,2,0,0.83091,0.83091,0.83091,0.83091,0.83091,0.83091,0,1,1,1,1,1,1,0,-1,-1,-1,-1,-1,-1,0,1,1,1,1,1,1,0,0,0,0,0,0,0,0,1,0.59
1,2,2,2,2,2,2,0,0.8253,0.8253,0.8253,0.8253,0.8253,0.8253,0,1,1,1,1,1,1,0,-1,-1,-1,-1,-1,-1,0,1,1,1,1,1,1,0,0,0,0,0,0,0,0,1,0.6
1,2,2,2,2,2,2,0,0.81961,0.81961,0.81961,0.81961,0.81961,0.81961,0,1,1,1,1,1,1,0,-1,-1,-1,-1,-1,-1,0,1,1,1,1,1,1,0,0,0,0,0,0,0,0,1,0.61
1,2,2,2,2,2,2,0,0.81384,0.81384,0.81384,0.81384,0.81384,0.81384,0,1,1,1,1,1,1,0,-1,-1,-1,-1,-1,-1,0,1,1,1,1,1,1,0,0,0,0,0,0,0,0,1,0.62
1,2,2,2,2,2,2,0,0.80799,0.80799,0.80799,0.80799,0.80799,0.80799,0,1,1,1,1,1,1,0,-1,-1,-1,-1,-1,-1,0,1,1,1,1,1,1,0,0,0,0,0,0,0,0,1,0.63
1,2,2,2,2,2,2,0,0.80206,0.80206,0.80206,0.80206,0.80206,0.80206,0,1,1,1,1,1,1,0,-1,-1,-1,-1,-1,-1,0,1,1,1,1,1,1,0,0,0,0,0,0,0,0,1,0.64
1,2,2,2,2,2,2,0,0.79605,0.79605,0.79605,0.79605,0.79605,0.79605,0,1,1,1,1,1,1,0,-1,-1,-1,-1,-1,-1,0,1,1,1,1,1,1,0,0,0,0,0,0,0,0,1,0.65
1,2,2,2,2,2,2,0,0.78996,0.78996,0.78996,0.78996,0.78996,0.78996,0,1,1,1,1,1,1,0,-1,-1,-1,-1,-1,-1,0,1,1,1,1,1,1,0,0,0,0,0,0,0,0,1,0.66
1,2,2,2,2,2,2,0,0.78379,0.78379,0.78379,0.78379,0.78379,0.78379,0,1,1,1,1,1,1,0,-1,-1,-1,-1,-1,-1,0,1,1,1,1,1,1,0,0,0,0,0,0,0,0,1,0.67
1,2,2,2,2,2,2,0,0.77754,0.77754,0.77754,0.77754,0.77754,0.77754,0,1,1,1,1,1,1,0,-1,-1,-1,-1,-1,-1,0,1,1,1,1,1,1,0,0,0,0,0,0,0,0,1,0.68
1,2,2,2,2,2,2,0,0.77121,0.77121,0.77121,0.77121,0.77121,0.77121,0,1,1,1,1,1,1,0,-1,-1,-1,-1,-1,-1,0,1,1,1,1,1,1,0,0,0,0,0,0,0,0,1,0.69
1,2,2,2,2,2,2,0,0.76481,0.76481,0.76481,0.76481,0.76481,0.76481,0,1,1,1,1,1,1,0,-1,-1,-1,-1,-1,-1,0,1,1,1,1,1,1,0,0,0,0,0,0,0,0,1,0.7
1,2,2,2,2,2,2,0,0.75833,0.75833,0.75833,0.75833,0.75833,0.75833,0,1,1,1,1,1,1,0,-1,-1,-1,-1,-1,-1,0,1,1,1,1,1,1,0,0,0,0,0,0,0,0,1,0.71
1,2,2,2,2,2,2,0,0.75177,0.75177,0.75177,0.75177,0.75177,0.75177,0,1,1,1,1,1,1,0,-1,-1,-1,-1,-1,-1,0,1,1,1,1,1,1,0,0,0,0,0,0,0,0,1,0.72
1,2,2,2,2,2,2,0,0.74514,0.74514,0.74514,0.74514,0.74514,0.74514,0,1,1,1,1,1,1,0,-1,-1,-1,-1,-1,-1,0,1,1,1,1,1,1,0,0,0,0,0,0,0,0,1,0.73
1,2,2,2,2,2,2,0,0.73844,0.73844,0.73844,0.73844,0.73844,0.73844,0,1,1,1,1,1,1,0,-1,-1,-1,-1,-1,-1,0,1,1,1,1,1,1,0,0,0,0,0,0,0,0,1,0.74
1,2,2,2,2,2,2,0,0.73166,0.73166,0.73166,0.73166,0.73166,0.73166,0,1,1,1,1,1,1,0,-1,-1,-1,-1,-1,-1,0,1,1,1,1,1,1,0,0,0,0,0,0,0,0,1,0.75
1,2,2,2,2,2,2,0,0.72481,0.72481,0.72481,0.72481,0.72481,0.72481,0,1,1,1,1,1,1,0,-1,-1,-1,-1,-1,-1,0,1,1,1,1,1,1,0,0,0,0,0,0,0,0,1,0.76
1,2,2,2,2,2,2,0,0.71788,0.71788,0.71788,0.71788,0.71788,0.71788,0,1,1,1,1,1,1,0,-1,-1,-1,-1,-1,-1,0,1,1,1,1,1,1,0,0,0,0,0,0,0,0,1,0.77
1,2,2,2,2,2,2,0,0.71088,0.71088,0.71088,0.71088,0.71088,0.71088,0,1,1,1,1,1,1,0,-1,-1,-1,-1,-1,-1,0,1,1,1,1,1,1,0,0,0,0,0,0,0,0,1,0.78
1,2,2,2,2,2,2,0,0.70382,0.70382,0.70382,0.70382,0.70382,0.70382,0,1,1,1,1,1,1,0,-1,-1,-1,-1,-1,-1,0,1,1,1,1,1,1,0,0,0,0,0,0,0,0,1,0.79
1,2,2,2,2,2,2,0,0.69668,0.69668,0.69668,0.69668,0.69668,0.69668,0,1,1,1,1,1,1,0,-1,-1,-1,-1,-1,-1,0,1,1,1,1,1,1,0,0,0,0,0,0,0,0,1,0.8
1,2,2,2,2,2,2,0,0.68947,0.68947,0.68947,0.68947,0.68947,0.68947,0,1,1,1,1,1,1,0,-1,-1,-1,-1,-1,-1,0,1,1,1,1,1,1,0,0,0,0,0,0,0,0,1,0.81
1,2,2,2,2,2,2,0,0.68219,0.68219,0.68219,0.68219,0.68219,0.68219,0,1,1,1,1,1,1,0,-1,-1,-1,-1,-1,-1,0,1,1,1,1,1,1,0,0,0,0,0,0,0,0,1,0.82
1,2,2,2,2,2,2,0,0.67485,0.67485,0.67485,0.67485,0.67485,0.67485,0,1,1,1,1,1,1,0,-1,-1,-1,-1,-1,-1,0,1,1,1,1,1,1,0,0,0,0,0,0,0,0,1,0.83
1,2,2,2,2,2,2,0,0.66744,0.66744,0.66744,0.66744,0.66744,0.66744,0,1,1,1,1,1,1,0,-1,-1,-1,-1,-1,-1,0,1,1,1,1,1,1,0,0,0,0,0,0,0,0,1,0.84
1,2,2,2,2,2,2,0,0.65996,0.65996,0.65996,0.65996,0.65996,0.65996,0,1,1,1,1,1,1,0,-1,-1,-1,-1,-1,-1,0,1,1,1,1,1,1,0,0,0,0,0,0,0,0,1,0.85
1,2,2,2,2,2,2,0,0.65241,0.65241,0.65241,0.65241,0.65241,0.65241,0,1,1,1,1,1,1,0,-1,-1,-1,-1,-1,-1,0,1,1,1,1,1,1,0,0,0,0,0,0,0,0,1,0.86
1,2,2,2,2,2,2,0,0.6448,0.6448,0.6448,0.6448,0.6448,0.6448,0,1,1,1,1,1,1,0,-1,-1,-1,-1,-1,-1,0,1,1,1,1,1,1,0,0,0,0,0,0,0,0,1,0.87
1,2,2,2,2,2,2,0,0.63712,0.63712,0.63712,0.63712,0.63712,0.63712,0,1,1,1,1,1,1,0,-1,-1,-1,-1,-1,-1,0,1,1,1,1,1,1,0,0,0,0,0,0,0,0,1,0.88
1,2,2,2,2,2,2,0,0.62939,0.62939,0.62939,0.62939,0.62939,0.62939,0,1,1,1,1,1,1,0,-1,-1,-1,-1,-1,-1,0,1,1,1,1,1,1,0,0,0,0,0,0,0,0,1,0.89
1,2,2,2,2,2,2,0,0.62158,0.62158,0.62158,0.62158,0.62158,0.62158,0,1,1,1,1,1,1,0,-1,-1,-1,-1,-1,-1,0,1,1,1,1,1,1,0,0,0,0,0,0,0,0,1,0.9
1,2,2,2,2,2,2,0,0.61372,0.61372,0.61372,0.61372,0.61372,0.61372,0,1,1,1,1,1,1,0,-1,-1,-1,-1,-1,-1,0,1,1,1,1,1,1,0,0,0,0,0,0,0,0,1,0.91
1,2,2,2,2,2,2,0,0.60579,0.60579,0.60579,0.60579,0.60579,0.60579,0,1,1,1,1,1,1,0,-1,-1,-1,-1,-1,-1,0,1,1,1,1,1,1,0,0,0,0,0,0,0,0,1,0.92
1,2,2,2,2,2,2,0,0.59781,0.59781,0.59781,0.59781,0.59781,0.59781,0,1,1,1,1,1,1,0,-1,-1,-1,-1,-1,-1,0,1,1,1,1,1,1,0,0,0,0,0,0,0,0,1,0.93
1,2,2,2,2,2,2,0,0.58976,0.58976,0.58976,0.58976,0.58976,0.58976,0,1,1,1,1,1,1,0,-1,-1,-1,-1,-1,-1,0,1,1,1,1,1,1,0,0,0,0,0,0,0,0,1,0.94
1,2,2,2,2,2,2,0,0.58166,0.58166,0.58166,0.58166,0.58166,0.58166,0,1,1,1,1,1,1,0,-1,-1,-1,-1,-1,-1,0,1,1,1,1,1,1,0,0,0,0,0,0,0,0,1,0.95
1,2,2,2,2,2,2,0,0.5735,0.5735,0.5735,0.5735,0.5735,0.5735,0,1,1,1,1,1,1,0,-1,-1,-1,-1,-1,-1,0,1,1,1,1,1,1,0,0,0,0,0,0,0,0,1,0.96
1,2,2,2,2,2,2,0,0.56528,0.56528,0.56528,0.56528,0.56528,0.56528,0,1,1,1,1,1,1,0,-1,-1,-1,-1,-1,-1,0,1,1,1,1,1,1,0,0,0,0,0,0,0,0,1,0.97
1,2,2,2,2,2,2,0,0.557,0.557,0.557,0.557,0.557,0.557,0,1,1,1,1,1,1,0,-1,-1,-1,-1,-1,-1,0,1,1,1,1,1,1,0,0,0,0,0,0,0,0,1,0.98
1,2,2,2,2,2,2,0,0.54867,0.54867,0.54867,0.54867,0.54867,0.54867,0,1,1,1,1,1,1,0,-1,-1,-1,-1,-1,-1,0,1,1,1,1,1,1,0,0,0,0,0,0,0,0,1,0.99
1,2,2,2,2,2,2,0,0.54028,0.54028,0.54028,0.54028,0.54028,0.54028,0,1,1,1,1,1,1,0,-1,-1,-1,-1,-1,-1,0,1,1,1,1,1,1,0,0,0,0,0,0,0,0,1,1
1,2,2,2,2,2,2,0,0.53184,0.53184,0.53184,0.53184,0.53184,0.53184,0,1,1,1,1,1,1,0,-1,-1,-1,-1,-1,-1,0,1,1,1,1,1,1,0,0,0,0,0,0,0,0,1,1.01
1,2,2,2,2,2,2,0,0.52334,0.52334,0.52334,0.52334,0.52334,0.52334,0,1,1,1,1,1,1,0,-1,-1,-1,-1,-1,-1,0,1,1,1,1,1,1,0,0,0,0,0,0,0,0,1,1.02
1,2,2,2,2,2,2,0,0.5148,0.5148,0.5148,0.5148,0.5148,0.5148,0,1,1,1,1,1,1,0,-1,-1,-1,-1,-1,-1,0,1,1,1,1,1,1,0,0,0,0,0,0,0,0,1,1.03
1,2,2,2,2,2,2,0,0.5062,0.5062,0.5062,0.5062,0.5062,0.5062,0,1,1,1,1,1,1,0,-1,-1,-1,-1,-1,-1,0,1,1,1,1,1,1,0,0,0,0,0,0,0,0,1,1.04
1,2,2,2,2,2,2,0,0.49755,0.49755,0.49755,0.49755,0.49755,0.49755,0,1,1,1,1,1,1,0,-1,-1,-1,-1,-1,-1,0,1,1,1,1,1,1,0,0,0,0,0,0,0,0,1,1.05
1,2,2,2,2,2,2,0,0.48885,0.48885,0.48885,0.48885,0.48885,0.48885,0,1,1,1,1,1,1,0,-1,-1,-1,-1,-1,-1,0,1,1,1,1,1,1,0,0,0,0,0,0,0,0,1,1.06
1,2,2,2,2,2,2,0,0.4801,0.4801,0.4801,0.4801,0.4801,0.4801,0,1,1,1,1,1,1,0,-1,-1,-1,-1,-1,-1,0,1,1,1,1,1,1,0,0,0,0,0,0,0,0,1,1.07
1,2,2,2,2,2,2,0,0.47131,0.47131,0.47131,0.47131,0.47131,0.47131,0,1,1,1,1,1,1,0,-1,-1,-1,-1,-1,-1,0,1,1,1,1,1,1,0,0,0,0,0,0,0,0,1,1.08
1,2,2,2,2,2,2,0,0.46247,0.46247,0.46247,0.46247,0.46247,0.46247,0,1,1,1,1,1,1,0,-1,-1,-1,-1,-1,-1,0,1,1,1,1,1,1,0,0,0,0,0,0,0,0,1,1.09
1,2,2,2,2,2,2,0,0.45358,0.45358,0.45358,0.45358,0.45358,0.45358,0,1,1,1,1,1,1,0,-1,-1,-1,-1,-1,-1,0,1,1,1,1,1,1,0,0,0,0,0,0,0,0,1,1.1
1,2,2,2,2,2,2,0,0.44464,0.44464,0.44464,0.44464,0.44464,0.44464,0,1,1,1,1,1,1,0,-1,-1,-1,-1,-1,-1,0,1,1,1,1,1,1,0,0,0,0,0,0,0,0,1,1.11
1,2,2,2,2,2,2,0,0.43566,0.43566,0.43566,0.43566,0.43566,0.43566,0,1,1,1,1,1,1,0,-1,-1,-1,-1,-1,-1,0,1,1,1,1,1,1,0,0,0,0,0,0,0,0,1,1.12
1,2,2,2,2,2,2,0,0.42664,0.42664,0.42664,0.42664,0.42664,0.42664,0,1,1,1,1,1,1,0,-1,-1,-1,-1,-1,-1,0,1,1,1,1,1,1,0,0,0,0,0,0,0,0,1,1.13
1,2,2,2,2,2,2,0,0.41758,0.41758,0.41758,0.41758,0.41758,0.41758,0,1,1,1,1,1,1,0,-1,-1,-1,-1,-1,-1,0,1,1,1,1,1,1,0,0,0,0,0,0,0,0,1,1.14
1,2,2,2,2,2,2,0,0.40847,0.40847,0.40847,0.40847,0.40847,0.40847,0,1,1,1,1,1,1,0,-1,-1,-1,-1,-1,-1,0,1,1,1,1,1,1,0,0,0,0,0,0,0,0,1,1.15
1,2,2,2,2,2,2,0,0.39932,0.39932,0.39932,0.39932,0.39932,0.39932,0,1,1,1,1,1,1,0,-1,-1,-1,-1,-1,-1,0,1,1,1,1,1,1,0,0,0,0,0,0,0,0,1,1.16
1,2,2,2,2,2,2,0,0.39014,0.39014,0.39014,0.39014,0.39014,0.39014,0,1,1,1,1,1,1,0,-1,-1,-1,-1,-1,-1,0,1,1,1,1,1,1,0,0,0,0,0,0,0,0,1,1.17
1,2,2,2,2,2,2,0,0.38091,0.38091,0.38091,0.38091,0.38091,0.38091,0,1,1,1,1,1,1,0,-1,-1,-1,-1,-1,-1,0,1,1,1,1,1,1,0,0,0,0,0,0,0,0,1,1.18
1,2,2,2,2,2,2,0,0.37164,0.37164,0.37164,0.37164,0.37164,0.37164,0,1,1,1,1,1,1,0,-1,-1,-1,-1,-1,-1,0,1,1,1,1,1,1,0,0,0,0,0,0,0,0,1,1.19
1,2,2,2,2,2,2,0,0.36234,0.36234,0.36234,0.36234,0.36234,0.36234,0,1,1,1,1,1,1,0,-1,-1,-1,-1,-1,-1,0,1,1,1,1,1,1,0,0,0,0,0,0,0,0,1,1.2
1,2,2,2,2,2,2,0,0.353,0.353,0.353,0.353,0.353,0.353,0,1,1,1,1,1,1,0,-1,-1,-1,-1,-1,-1,0,1,1,1,1,1,1,0,0,0,0,0,0,0,0,1,1.21
1,2,2,2,2,2,2,0,0.34363,0.34363,0.34363,0.34363,0.34363,0.34363,0,1,1,1,1,1,1,0,-1,-1,-1,-1,-1,-1,0,1,1,1,1,1,1,0,0,0,0,0,0,0,0,1,1.22
1,2,2,2,2,2,2,0,0.33422,0.33422,0.33422,0.33422,0.33422,0.33422,0,1,1,1,1,1,1,0,-1,-1,-1,-1,-1,-1,0,1,1,1,1,1,1,0,0,0,0,0,0,0,0,1,1.23
1,2,2,2,2,2,2,0,0.32478,0.32478,0.32478,0.32478,0.32478,0.32478,0,1,1,1,1,1,1,0,-1,-1,-1,-1,-1,-1,0,1,1,1,1,1,1,0,0,0,0,0,0,0,0,1,1.24
1,2,2,2,2,2,2,0,0.31531,0.31531,0.31531,0.31531,0.31531,0.31531,0,1,1,1,1,1,1,0,-1,-1,-1,-1,-1,-1,0,1,1,1,1,1,1,0,0,0,0,0,0,0,0,1,1.25
1,2,2,2,2,2,2,0,0.3058,0.3058,0.3058,0.3058,0.3058,0.3058,0,1,1,1,1,1,1,0,-1,-1,-1,-1,-1,-1,0,1,1,1,1,1,1,0,0,0,0,0,0,0,0,1,1.26
1,2,2,2,2,2,2,0,0.29627,0.29627,0.29627,0.29627,0.29627,0.29627,0,1,1,1,1,1,1,0,-1,-1,-1,-1,-1,-1,0,1,1,1,1,1,1,0,0,0,0,0,0,0,0,1,1.27
1,2,2,2,2,2,2,0,0.2867,0.2867,0.2867,0.2867,0.2867,0.2867,0,1,1,1,1,1,1,0,-1,-1,-1,-1,-1,-1,0,1,1,1,1,1,1,0,0,0,0,0,0,0,0,1,1.28
1,2,2,2,2,2,2,0,0.27711,0.27711,0.27711,0.27711,0.27711,0.27711,0,1,1,1,1,1,1,0,-1,-1,-1,-1,-1,-1,0,1,1,1,1,1,1,0,0,0,0,0,0,0,0,1,1.29
1,2,2,2,2,2,2,0,0.26749,0.26749,0.26749,0.26749,0.26749,0.26749,0,1,1,1,1,1,1,0,-1,-1,-1,-1,-1,-1,0,1,1,1,1,1,1,0,0,0,0,0,0,0,0,1,1.3
1,2,2,2,2,2,2,0,0.25784,0.25784,0.25784,0.25784,0.25784,0.25784,0,1,1,1,1,1,1,0,-1,-1,-1,-1,-1,-1,0,1,1,1,1,1,1,0,0,0,0,0,0,0,0,1,1.31
1,2,2,2,2,2,2,0,0.24817,0.24817,0.24817,0.24817,0.24817,0.24817,0,1,1,1,1,1,1,0,-1,-1,-1,-1,-1,-1,0,1,1,1,1,1,1,0,0,0,0,0,0,0,0,1,1.32
1,2,2,2,2,2,2,0,0.23847,0.23847,0.23847,0.23847,0.23847,0.23847,0,1,1,1,1,1,1,0,-1,-1,-1,-1,-1,-1,0,1,1,1,1,1,1,0,0,0,0,0,0,0,0,1,1.33
1,2,2,2,2,2,2,0,0.22874,0.22874,0.22874,0.22874,0.22874,0.22874,0,1,1,1,1,1,1,0,-1,-1,-1,-1,-1,-1,0,1,1,1,1,1,1,0,0,0,0,0,0,0,0,1,1.34
1,2,2,2,2,2,2,0,0.219,0.219,0.219,0.219,0.219,0.219,0,1,1,1,1,1,1,0,-1,-1,-1,-1,-1,-1,0,1,1,1,1,1,1,0,0,0,0,0,0,0,0,1,1.35
1,2,2,2,2,2,2,0,0.20923,0.20923,0.20923,0.20923,0.20923,0.20923,0,1,1,1,1,1,1,0,-1,-1,-1,-1,-1,-1,0,1,1,1,1,1,1,0,0,0,0,0,0,0,0,1,1.36
1,2,2,2,2,2,2,0,0.19944,0.19944,0.19944,0.19944,0.19944,0.19944,0,1,1,1,1,1,1,0,-1,-1,-1,-1,-1,-1,0,1,1,1,1,1,1,0,0,0,0,0,0,0,0,1,1.37
1,2,2,2,2,2,2,0,0.18963,0.18963,0.18963,0.18963,0.18963,0.18963,0,1,1,1,1,1,1,0,-1,-1,-1,-1,-1,-1,0,1,1,1,1,1,1,0,0,0,0,0,0,0,0,1,1.38
1,2,2,2,2,2,2,0,0.17981,0.17981,0.17981,0.17981,0.17981,0.17981,0,1,1,1,1,1,1,0,-1,-1,-1,-1,-1,-1,0,1,1,1,1,1,1,0,0,0,0,0,0,0,0,1,1.39
1,2,2,2,2,2,2,0,0.16996,0.16996,0.16996,0.16996,0.16996,0.16996,0,1,1,1,1,1,1,0,-1,-1,-1,-1,-1,-1,0,1,1,1,1,1,1,0,0,0,0,0,0,0,0,1,1.4
1,2,2,2,2,2,2,0,0.1601,0.1601,0.1601,0.1601,0.1601,0.1601,0,1,1,1,1,1,1,0,-1,-1,-1,-1,-1,-1,0,1,1,1,1,1,1,0,0,0,0,0,0,0,0,1,1.41
1,2,2,2,2,2,2,0,0.15022,0.15022,0.15022,0.15022,0.15022,0.15022,0,1,1,1,1,1,1,0,-1,-1,-1,-1,-1,-1,0,1,1,1,1,1,1,0,0,0,0,0,0,0,0,1,1.42
1,2,2,2,2,2,2,0,0.14033,0.14033,0.14033,0.14033,0.14033,0.14033,0,1,1,1,1,1,1,0,-1,-1,-1,-1,-1,-1,0,1,1,1,1,1,1,0,0,0,0,0,0,0,0,1,1.43
1,2,2,2,2,2,2,0,0.13042,0.13042,0.13042,0.13042,0.13042,0.13042,0,1,1,1,1,1,1,0,-1,-1,-1,-1,-1,-1,0,1,1,1,1,1,1,0,0,0,0,0,0,0,0,1,1.44
1,2,2,2,2,2,2,0,0.1205,0.1205,0.1205,0.1205,0.1205,0.1205,0,1,1,1,1,1,1,0,-1,-1,-1,-1,-1,-1,0,1,1,1,1,1,1,0,0,0,0,0,0,0,0,1,1.45
1,2,2,2,2,2,2,0,0.11057,0.11057,0.11057,0.11057,0.11057,0.11057,0,1,1,1,1,1,1,0,-1,-1,-1,-1,-1,-1,0,1,1,1,1,1,1,0,0,0,0,0,0,0,0,1,1.46
1,2,2,2,2,2,2,0,0.10062,0.10062,0.10062,0.10062,0.10062,0.10062,0,1,1,1,1,1,1,0,-1,-1,-1,-1,-1,-1,0,1,1,1,1,1,1,0,0,0,0,0,0,0,0,1,1.47
1,2,2,2,2,2,2,0,0.090668,0.090668,0.090668,0.090668,0.090668,0.090668,0,1,1,1,1,1,1,0,-1,-1,-1,-1,-1,-1,0,1,1,1,1,1,1,0,0,0,0,0,0,0,0,1,1.48
1,2,2,2,2,2,2,0,0.080705,0.080705,0.080705,0.080705,0.080705,0.080705,0,1,1,1,1,1,1,0,-1,-1,-1,-1,-1,-1,0,1,1,1,1,1,1,0,0,0,0,0,0,0,0,1,1.49
1,2,2,2,2,2,2,0,0.070734,0.070734,0.070734,0.070734,0.070734,0.070734,0,1,1,1,1,1,1,0,-1,-1,-1,-1,-1,-1,0,1,1,1,1,1,1,0,0,0,0,0,0,0,0,1,1.5
1,2,2,2,2,2,2,0,0.060756,0.060756,0.060756,0.060756,0.060756,0.060756,0,1,1,1,1,1,1,0,-1,-1,-1,-1,-1,-1,0,1,1,1,1,1,1,0,0,0,0,0,0,0,0,1,1.51
1,2,2,2,2,2,2,0,0.050772,0.050772,0.050772,0.050772,0.050772,0.050772,0,1,1,1,1,1,1,0,-1,-1,-1,-1,-1,-1,0,1,1,1,1,1,1,0,0,0,0,0,0,0,0,1,1.52
1,2,2,2,2,2,2,0,0.040783,0.040783,0.040783,0.040783,0.040783,0.040783,0,1,1,1,1,1,1,0,-1,-1,-1,-1,-1,-1,0,1,1,1,1,1,1,0,0,0,0,0,0,0,0,1,1.53
1,2,2,2,2,2,2,0,0.03079,0.03079,0.03079,0.03079,0.03079,0.03079,0,1,1,1,1,1,1,0,-1,-1,-1,-1,-1,-1,0,1,1,1,1,1,1,0,0,0,0,0,0,0,0,1,1.54
1,2,2,2,2,2,2,0,0.020794,0.020794,0.020794,0.020794,0.020794,0.020794,0,1,1,1,1,1,1,0,-1,-1,-1,-1,-1,-1,0,1,1,1,1,1,1,0,0,0,0,0,0,0,0,1,1.55
1,2,2,2,2,2,2,0,0.010796,0.010796,0.010796,0.010796,0.010796,0.010796,0,1,1,1,1,1,1,0,-1,-1,-1,-1,-1,-1,0,1,1,1,1,1,1,0,0,0,0,0,0,0,0,1,1.56
1,2,2,2,2,2,2,0,0.00079629,0.00079629,0.00079629,0.00079629,0.00079629,0.00079629,0,1,1,1,1,1,1,0,-1,-1,-1,-1,-1,-1,0,1,1,1,1,1,1,0,0,0,0,0,0,0,0,1,1.57
1,2,2,2,2,2,2,0,-0.0092032,-0.0092032,-0.0092032,-0.0092032,-0.0092032,-0.0092032,0,1,1,1,1,1,1,0,-1,-1,-1,-1,-1,-1,0,1,1,1,1,1,1,0,0,0,0,0,0,0,0,1,1.58
1,2,2,2,2,2,2,0,-0.019202,-0.019202,-0.019202,-0.019202,-0.019202,-0.019202,0,1,1,1,1,1,1,0,-1,-1,-1,-1,-1,-1,0,1,1,1,1,1,1,0,0,0,0,0,0,0,0,1,1.59
1,2,2,2,2,2,2,0,-0.029198,-0.029198,-0.029198,-0.029198,-0.029198,-0.029198,0,1,1,1,1,1,1,0,-1,-1,-1,-1,-1,-1,0,1,1,1,1,1,1,0,0,0,0,0,0,0,0,1,1.6
1,2,2,2,2,2,2,0,-0.039192,-0.039192,-0.039192,-0.039192,-0.039192,-0.039192,0,1,1,1,1,1,1,0,-1,-1,-1,-1,-1,-1,0,1,1,1,1,1,1,0,0,0,0,0,0,0,0,1,1.61
1,2,2,2,2,2,2,0,-0.049182,-0.049182,-0.049182,-0.049182,-0.049182,-0.049182,0,1,1,1,1,1,1,0,-1,-1,-1,-1,-1,-1,0,1,1,1,1,1,1,0,0,0,0,0,0,0,0,1,1.62
1,2,2,2,2,2,2,0,-0.059167,-0.059167,-0.059167,-0.059167,-0.059167,-0.059167,0,1,1,1,1,1,1,0,-1,-1,-1,-1,-1,-1,0,1,1,1,1,1,1,0,0,0,0,0,0,0,0,1,1.63
1,2,2,2,2,2,2,0,-0.069146,-0.069146,-0.069146,-0.069146,-0.069146,-0.069146,0,1,1,1,1,1,1,0,-1,-1,-1,-1,-1,-1,0,1,1,1,1,1,1,0,0,0,0,0,0,0,0,1,1.64
1,2,2,2,2,2,2,0,-0.079118,-0.079118,-0.079118,-0.079118,-0.079118,-0.079118,0,1,1,1,1,1,1,0,-1,-1,-1,-1,-1,-1,0,1,1,1,1,1,1,0,0,0,0,0,0,0,0,1,1.65
1,2,2,2,2,2,2,0,-0.089082,-0.089082,-0.089082,-0.089082,-0.089082,-0.089082,0,1,1,1,1,1,1,0,-1,-1,-1,-1,-1,-1,0,1,1,1,1,1,1,0,0,0,0,0,0,0,0,1,1.66
1,2,2,2,2,2,2,0,-0.099037,-0.099037,-0.099037,-0.099037,-0.099037,-0.099037,0,1,1,1,1,1,1,0,-1,-1,-1,-1,-1,-1,0,1,1,1,1,1,1,0,0,0,0,0,0,0,0,1,1.67
1,2,2,2,2,2,2,0,-0.10898,-0.10898,-0.10898,-0.10898,-0.10898,-0.10898,0,1,1,1,1,1,1,0,-1,-1,-1,-1,-1,-1,0,1,1,1,1,1,1,0,0,0,0,0,0,0,0,1,1.68
1,2,2,2,2,2,2,0,-0.11892,-0.11892,-0.11892,-0.11892,-0.11892,-0.11892,0,1,1,1,1,1,1,0,-1,-1,-1,-1,-1,-1,0,1,1,1,1,1,1,0,0,0,0,0,0,0,0,1,1.69
1,2,2,2,2,2,2,0,-0.12884,-0.12884,-0.12884,-0.12884,-0.12884,-0.12884,0,1,1,1,1,1,1,0,-1,-1,-1,-1,-1,-1,0,1,1,1,1,1,1,0,0,0,0,0,0,0,0,1,1.7
1,2,2,2,2,2,2,0,-0.13875,-0.13875,-0.13875,-0.13875,-0.13875,-0.13875,0,1,1,1,1,1,1,0,-1,-1,-1,-1,-1,-1,0,1,1,1,1,1,1,0,0,0,0,0,0,0,0,1,1.71
1,2,2,2,2,2,2,0,-0.14864,-0.14864,-0.14864,-0.14864,-0.14864,-0.14864,0,1,1,1,1,1,1,0,-1,-1,-1,-1,-1,-1,0,1,1,1,1,1,1,0,0,0,0,0,0,0,0,1,1.72
1,2,2,2,2,2,2,0,-0.15853,-0.15853,-0.15853,-0.15853,-0.15853,-0.15853,0,1,1,1,1,1,1,0,-1,-1,-1,-1,-1,-1,0,1,1,1,1,1,1,0,0,0,0,0,0,0,0,1,1.73
1,2,2,2,2,2,2,0,-0.16839,-0.16839,-0.16839,-0.16839,-0.16839,-0.16839,0,1,1,1,1,1,1,0,-1,-1,-1,-1,-1,-1,0,1,1,1,1,1,1,0,0,0,0,0,0,0,0,1,1.74
1,2,2,2,2,2,2,0,-0.17824,-0.17824,-0.17824,-0.17824,-0.17824,-0.17824,0,1,1,1,1,1,1,0,-1,-1,-1,-1,-1,-1,0,1,1,1,1,1,1,0,0,0,0,0,0,0,0,1,1.75
1,2,2,2,2,2,2,0,-0.18807,-0.18807,-0.18807,-0.18807,-0.18807,-0.18807,0,1,1,1,1,1,1,0,-1,-1,-1,-1,-1,-1,0,1,1,1,1,1,1,0,0,0,0,0,0,0,0,1,1.76
1,2,2,2,2,2,2,0,-0.19788,-0.19788,-0.19788,-0.19788,-0.19788,-0.19788,0,1,1,1,1,1,1,0,-1,-1,-1,-1,-1,-1,0,1,1,1,1,1,1,0,0,0,0,0,0,0,0,1,1.77
1,2,2,2,2,2,2,0,-0.20767,-0.20767,-0.20767,-0.20767,-0.20767,-0.20767,0,1,1,1,1,1,1,0,-1,-1,-1,-1,-1,-1,0,1,1,1,1,1,1,0,0,0,0,0,0,0,0,1,1.78
1,2,2,2,2,2,2,0,-0.21744,-0.21744,-0.21744,-0.21744,-0.21744,-0.21744,0,1,1,1,1,1,1,0,-1,-1,-1,-1,-1,-1,0,1,1,1,1,1,1,0,0,0,0,0,0,0,0,1,1.79
1,2,2,2,2,2,2,0,-0.22719,-0.22719,-0.22719,-0.22719,-0.22719,-0.22719,0,1,1,1,1,1,1,0,-1,-1,-1,-1,-1,-1,0,1,1,1,1,1,1,0,0,0,0,0,0,0,0,1,1.8
1,2,2,2,2,2,2,0,-0.23692,-0.23692,-0.23692,-0.23692,-0.23692,-0.23692,0,1,1,1,1,1,1,0,-1,-1,-1,-1,-1,-1,0,1,1,1,1,1,1,0,0,0,0,0,0,0,0,1,1.81
1,2,2,2,2,2,2,0,-0.24662,-0.24662,-0.24662,-0.24662,-0.24662,-0.24662,0,1,1,1,1,1,1,0,-1,-1,-1,-1,-1,-1,0,1,1,1,1,1,1,0,0,0,0,0,0,0,0,1,1.82
1,2,2,2,2,2,2,0,-0.2563,-0.2563,-0.2563,-0.2563,-0.2563,-0.2563,0,1,1,1,1,1,1,0,-1,-1,-1,-1,-1,-1,0,1,1,1,1,1,1,0,0,0,0,0,0,0,0,1,1.83
1,2,2,2,2,2,2,0,-0.26595,-0.26595,-0.26595,-0.26595,-0.26595,-0.26595,0,1,1,1,1,1,1,0,-1,-1,-1,-1,-1,-1,0,1,1,1,1,1,1,0,0,0,0,0,0,0,0,1,1.84
1,2,2,2,2,2,2,0,-0.27558,-0.27558,-0.27558,-0.27558,-0.27558,-0.27558,0,1,1,1,1,1,1,0,-1,-1,-1,-1,-1,-1,0,1,1,1,1,1,1,0,0,0,0,0,0,0,0,1,1.85
1,2,2,2,2,2,2,0,-0.28518,-0.28518,-0.28518,-0.28518,-0.28518,-0.28518,0,1,1,1,1,1,1,0,-1,-1,-1,-1,-1,-1,0,1,1,1,1,1,1,0,0,0,0,0,0,0,0,1,1.86
1,2,2,2,2,2,2,0,-0.29475,-0.29475,-0.29475,-0.29475,-0.29475,-0.29475,0,1,1,1,1,1,1,0,-1,-1,-1,-1,-1,-1,0,1,1,1,1,1,1,0,0,0,0,0,0,0,0,1,1.87
1,2,2,2,2,2,2,0,-0.30429,-0.30429,-0.30429,-0.30429,-0.30429,-0.30429,0,1,1,1,1,1,1,0,-1,-1,-1,-1,-1,-1,0,1,1,1,1,1,1,0,0,0,0,0,0,0,0,1,1.88
1,2,2,2,2,2,2,0,-0.3138,-0.3138,-0.3138,-0.3138,-0.3138,-0.3138,0,1,1,1,1,1,1,0,-1,-1,-1,-1,-1,-1,0,1,1,1,1,1,1,0,0,0,0,0,0,0,0,1,1.89
1,2,2,2,2,2,2,0,-0.32328,-0.32328,-0.32328,-0.32328,-0.32328,-0.32328,0,1,1,1,1,1,1,0,-1,-1,-1,-1,-1,-1,0,1,1,1,1,1,1,0,0,0,0,0,0,0,0,1,1.9
1,2,2,2,2,2,2,0,-0.33272,-0.33272,-0.33272,-0.33272,-0.33272,-0.33272,0,1,1,1,1,1,1,0,-1,-1,-1,-1,-1,-1,0,1,1,1,1,1,1,0,0,0,0,0,0,0,0,1,1.91
1,2,2,2,2,2,2,0,-0.34214,-0.34214,-0.34214,-0.34214,-0.34214,-0.34214,0,1,1,1,1,1,1,0,-1,-1,-1,-1,-1,-1,0,1,1,1,1,1,1,0,0,0,0,0,0,0,0,1,1.92
1,2,2,2,2,2,2,0,-0.35151,-0.35151,-0.35151,-0.35151,-0.35151,-0.35151,0,1,1,1,1,1,1,0,-1,-1,-1,-1,-1,-1,0,1,1,1,1,1,1,0,0,0,0,0,0,0,0,1,1.93
1,2,2,2,2,2,2,0,-0.36086,-0.36086,-0.36086,-0.36086,-0.36086,-0.36086,0,1,1,1,1,1,1,0,-1,-1,-1,-1,-1,-1,0,1,1,1,1,1,1,0,0,0,0,0,0,0,0,1,1.94
1,2,2,2,2,2,2,0,-0.37017,-0.37017,-0.37017,-0.37017,-0.37017,-0.37017,0,1,1,1,1,1,1,0,-1,-1,-1,-1,-1,-1,0,1,1,1,1,1,1,0,0,0,0,0,0,0,0,1,1.95
1,2,2,2,2,2,2,0,-0.37944,-0.37944,-0.37944,-0.37944,-0.37944,-0.37944,0,1,1,1,1,1,1,0,-1,-1,-1,-1,-1,-1,0,1,1,1,1,1,1,0,0,0,0,0,0,0,0,1,1.96
1,2,2,2,2,2,2,0,-0.38867,-0.38867,-0.38867,-0.38867,-0.38867,-0.38867,0,1,1,1,1,1,1,0,-1,-1,-1,-1,-1,-1,0,1,1,1,1,1,1,0,0,0,0,0,0,0,0,1,1.97
1,2,2,2,2,2,2,0,-0.39786,-0.39786,-0.39786,-0.39786,-0.39786,-0.39786,0,1,1,1,1,1,1,0,-1,-1,-1,-1,-1,-1,0,1,1,1,1,1,1,0,0,0,0,0,0,0,0,1,1.98
1,2,2,2,2,2,2,0,-0.40702,-0.40702,-0.40702,-0.40702,-0.40702,-0.40702,0,1,1,1,1,1,1,0,-1,-1,-1,-1,-1,-1,0,1,1,1,1,1,1,0,0,0,0,0,0,0,0,1,1.99
1,2,2,2,2,2,2,0,-0.41613,-0.41613,-0.41613,-0.41613,-0.41613,-0.41613,0,1,1,1,1,1,1,0,-1,-1,-1,-1,-1,-1,0,1,1,1,1,1,1,0,0,0,0,0,0,0,0,1,2
1,2,2,2,2,2,2,0,-0.4252,-0.4252,-0.4252,-0.4252,-0.4252,-0.4252,0,1,1,1,1,1,1,0,-1,-1,-1,-1,-1,-1,0,1,1,1,1,1,1,0,0,0,0,0,0,0,0,1,2.01
1,2,2,2,2,2,2,0,-0.43423,-0.43423,-0.43423,-0.43423,-0.43423,-0.43423,0,1,1,1,1,1,1,0,-1,-1,-1,-1,-1,-1,0,1,1,1,1,1,1,0,0,0,0,0,0,0,0,1,2.02
1,2,2,2,2,2,2,0,-0.44322,-0.44322,-0.44322,-0.44322,-0.44322,-0.44322,0,1,1,1,1,1,1,0,-1,-1,-1,-1,-1,-1,0,1,1,1,1,1,1,0,0,0,0,0,0,0,0,1,2.03
1,2,2,2,2,2,2,0,-0.45216,-0.45216,-0.45216,-0.45216,-0.45216,-0.45216,0,1,1,1,1,1,1,0,-1,-1,-1,-1,-1,-1,0,1,1,1,1,1,1,0,0,0,0,0,0,0,0,1,2.04
1,2,2,2,2,2,2,0,-0.46105,-0.46105,-0.46105,-0.46105,-0.46105,-0.46105,0,1,1,1,1,1,1,0,-1,-1,-1,-1,-1,-1,0,1,1,1,1,1,1,0,0,0,0,0,0,0,0,1,2.05
1,2,2,2,2,2,2,0,-0.4699,-0.4699,-0.4699,-0.4699,-0.4699,-0.4699,0,1,1,1,1,1,1,0,-1,-1,-1,-1,-1,-1,0,1,1,1,1,1,1,0,0,0,0,0,0,0,0,1,2.06
1,2,2,2,2,2,2,0,-0.47871,-0.47871,-0.47871,-0.47871,-0.47871,-0.47871,0,1,1,1,1,1,1,0,-1,-1,-1,-1,-1,-1,0,1,1,1,1,1,1,0,0,0,0,0,0,0,0,1,2.07
1,2,2,2,2,2,2,0,-0.48746,-0.48746,-0.48746,-0.48746,-0.48746,-0.48746,0,1,1,1,1,1,1,0,-1,-1,-1,-1,-1,-1,0,1,1,1,1,1,1,0,0,0,0,0,0,0,0,1,2.08
1,2,2,2,2,2,2,0,-0.49617,-0.49617,-0.49617,-0.49617,-0.49617,-0.49617,0,1,1,1,1,1,1,0,-1,-1,-1,-1,-1,-1,0,1,1,1,1,1,1,0,0,0,0,0,0,0,0,1,2.09
1,2,2,2,2,2,2,0,-0.50483,-0.50483,-0.50483,-0.50483,-0.50483,-0.50483,0,1,1,1,1,1,1,0,-1,-1,-1,-1,-1,-1,0,1,1,1,1,1,1,0,0,0,0,0,0,0,0,1,2.1
1,2,2,2,2,2,2,0,-0.51343,-0.51343,-0.51343,-0.51343,-0.51343,-0.51343,0,1,1,1,1,1,1,0,-1,-1,-1,-1,-1,-1,0,1,1,1,1,1,1,0,0,0,0,0,0,0,0,1,2.11
1,2,2,2,2,2,2,0,-0.52199,-0.52199,-0.52199,-0.52199,-0.52199,-0.52199,0,1,1,1,1,1,1,0,-1,-1,-1,-1,-1,-1,0,1,1,1,1,1,1,0,0,0,0,0,0,0,0,1,2.12
1,2,2,2,2,2,2,0,-0.53049,-0.53049,-0.53049,-0.53049,-0.53049,-0.53049,0,1,1,1,1,1,1,0,-1,-1,-1,-1,-1,-1,0,1,1,1,1,1,1,0,0,0,0,0,0,0,0,1,2.13
1,2,2,2,2,2,2,0,-0.53894,-0.53894,-0.53894,-0.53894,-0.53894,-0.53894,0,1,1,1,1,1,1,0,-1,-1,-1,-1,-1,-1,0,1,1,1,1,1,1,0,0,0,0,0,0,0,0,1,2.14
1,2,2,2,2,2,2,0,-0.54733,-0.54733,-0.54733,-0.54733,-0.54733,-0.54733,0,1,1,1,1,1,1,0,-1,-1,-1,-1,-1,-1,0,1,1,1,1,1,1,0,0,0,0,0,0,0,0,1,2.15
1,2,2,2,2,2,2,0,-0.55568,-0.55568,-0.55568,-0.55568,-0.55568,-0.55568,0,1,1,1,1,1,1,0,-1,-1,-1,-1,-1,-1,0,1,1,1,1,1,1,0,0,0,0,0,0,0,0,1,2.16
1,2,2,2,2,2,2,0,-0.56396,-0.56396,-0.56396,-0.56396,-0.56396,-0.56396,0,1,1,1,1,1,1,0,-1,-1,-1,-1,-1,-1,0,1,1,1,1,1,1,0,0,0,0,0,0,0,0,1,2.17
1,2,2,2,2,2,2,0,-0.57219,-0.57219,-0.57219,-0.57219,-0.57219,-0.57219,0,1,1,1,1,1,1,0,-1,-1,-1,-1,-1,-1,0,1,1,1,1,1,1,0,0,0,0,0,0,0,0,1,2.18
1,2,2,2,2,2,2,0,-0.58036,-0.58036,-0.58036,-0.58036,-0.58036,-0.58036,0,1,1,1,1,1,1,0,-1,-1,-1,-1,-1,-1,0,1,1,1,1,1,1,0,0,0,0,0,0,0,0,1,2.19
1,2,2,2,2,2,2,0,-0.58848,-0.58848,-0.58848,-0.58848,-0.58848,-0.58848,0,1,1,1,1,1,1,0,-1,-1,-1,-1,-1,-1,0,1,1,1,1,1,1,0,0,0,0,0,0,0,0,1,2.2
1,2,2,2,2,2,2,0,-0.59653,-0.59653,-0.59653,-0.59653,-0.59653,-0.59653,0,1,1,1,1,1,1,0,-1,-1,-1,-1,-1,-1,0,1,1,1,1,1,1,0,0,0,0,0,0,0,0,1,2.21
1,2,2,2,2,2,2,0,-0.60453,-0.60453,-0.60453,-0.60453,-0.60453,-0.60453,0,1,1,1,1,1,1,0,-1,-1,-1,-1,-1,-1,0,1,1,1,1,1,1,0,0,0,0,0,0,0,0,1,2.22
1,2,2,2,2,2,2,0,-0.61246,-0.61246,-0.61246,-0.61246,-0.61246,-0.61246,0,1,1,1,1,1,1,0,-1,-1,-1,-1,-1,-1,0,1,1,1,1,1,1,0,0,0,0,0,0,0,0,1,2.23
1,2,2,2,2,2,2,0,-0.62034,-0.62034,-0.62034,-0.62034,-0.62034,-0.62034,0,1,1,1,1,1,1,0,-1,-1,-1,-1,-1,-1,0,1,1,1,1,1,1,0,0,0,0,0,0,0,0,1,2.24
1,2,2,2,2,2,2,0,-0.62815,-0.62815,-0.62815,-0.62815,-0.62815,-0.62815,0,1,1,1,1,1,1,0,-1,-1,-1,-1,-1,-1,0,1,1,1,1,1,1,0,0,0,0,0,0,0,0,1,2.25
1,2,2,2,2,2,2,0,-0.6359,-0.6359,-0.6359,-0.6359,-0.6359,-0.6359,0,1,1,1,1,1,1,0,-1,-1,-1,-1,-1,-1,0,1,1,1,1,1,1,0,0,0,0,0,0,0,0,1,2.26
1,2,2,2,2,2,2,0,-0.64358,-0.64358,-0.64358,-0.64358,-0.64358,-0.64358,0,1,1,1,1,1,1,0,-1,-1,-1,-1,-1,-1,0,1,1,1,1,1,1,0,0,0,0,0,0,0,0,1,2.27
1,2,2,2,2,2,2,0,-0.6512,-0.6512,-0.6512,-0.6512,-0.6512,-0.6512,0,1,1,1,1,1,1,0,-1,-1,-1,-1,-1,-1,0,1,1,1,1,1,1,0,0,0,0,0,0,0,0,1,2.28
1,2,2,2,2,2,2,0,-0.65876,-0.65876,-0.65876,-0.65876,-0.65876,-0.65876,0,1,1,1,1,1,1,0,-1,-1,-1,-1,-1,-1,0,1,1,1,1,1,1,0,0,0,0,0,0,0,0,1,2.29
1,2,2,2,2,2,2,0,-0.66625,-0.66625,-0.66625,-0.66625,-0.66625,-0.66625,0,1,1,1,1,1,1,0,-1,-1,-1,-1,-1,-1,0,1,1,1,1,1,1,0,0,0,0,0,0,0,0,1,2.3
1,2,2,2,2,2,2,0,-0.67367,-0.67367,-0.67367,-0.67367,-0.67367,-0.67367,0,1,1,1,1,1,1,0,-1,-1,-1,-1,-1,-1,0,1,1,1,1,1,1,0,0,0,0,0,0,0,0,1,2.31
1,2,2,2,2,2,2,0,-0.68103,-0.68103,-0.68103,-0.68103,-0.68103,-0.68103,0,1,1,1,1,1,1,0,-1,-1,-1,-1,-1,-1,0,1,1,1,1,1,1,0,0,0,0,0,0,0,0,1,2.32
1,2,2,2,2,2,2,0,-0.68832,-0.68832,-0.68832,-0.68832,-0.68832,-0.68832,0,1,1,1,1,1,1,0,-1,-1,-1,-1,-1,-1,0,1,1,1,1,1,1,0,0,0,0,0,0,0,0,1,2.33
1,2,2,2,2,2,2,0,-0.69553,-0.69553,-0.69553,-0.69553,-0.69553,-0.69553,0,1,1,1,1,1,1,0,-1,-1,-1,-1,-1,-1,0,1,1,1,1,1,1,0,0,0,0,0,0,0,0,1,2.34
1,2,2,2,2,2,2,0,-0.70268,-0.70268,-0.70268,-0.70268,-0.70268,-0.70268,0,1,1,1,1,1,1,0,-1,-1,-1,-1,-1,-1,0,1,1,1,1,1,1,0,0,0,0,0,0,0,0,1,2.35
1,2,2,2,2,2,2,0,-0.70976,-0.70976,-0.70976,-0.70976,-0.70976,-0.70976,0,1,1,1,1,1,1,0,-1,-1,-1,-1,-1,-1,0,1,1,1,1,1,1,0,0,0,0,0,0,0,0,1,2.36
1,2,2,2,2,2,2,0,-0.71677,-0.71677,-0.71677,-0.71677,-0.71677,-0.71677,0,1,1,1,1,1,1,0,-1,-1,-1,-1,-1,-1,0,1,1,1,1,1,1,0,0,0,0,0,0,0,0,1,2.37
1,2,2,2,2,2,2,0,-0.72371,-0.72371,-0.72371,-0.72371,-0.72371,-0.72371,0,1,1,1,1,1,1,0,-1,-1,-1,-1,-1,-1,0,1,1,1,1,1,1,0,0,0,0,0,0,0,0,1,2.38
1,2,2,2,2,2,2,0,-0.73057,-0.73057,-0.73057,-0.73057,-0.73057,-0.73057,0,1,1,1,1,1,1,0,-1,-1,-1,-1,-1,-1,0,1,1,1,1,1,1,0,0,0,0,0,0,0,0,1,2.39
1,2,2,2,2,2,2,0,-0.73736,-0.73736,-0.73736,-0.73736,-0.73736,-0.73736,0,1,1,1,1,1,1,0,-1,-1,-1,-1,-1,-1,0,1,1,1,1,1,1,0,0,0,0,0,0,0,0,1,2.4
1,2,2,2,2,2,2,0,-0.74408,-0.74408,-0.74408,-0.74408,-0.74408,-0.74408,0,1,1,1,1,1,1,0,-1,-1,-1,-1,-1,-1,0,1,1,1,1,1,1,0,0,0,0,0,0,0,0,1,2.41
1,2,2,2,2,2,2,0,-0.75072,-0.75072,-0.75072,-0.75072,-0.75072,-0.75072,0,1,1,1,1,1,1,0,-1,-1,-1,-1,-1,-1,0,1,1,1,1,1,1,0,0,0,0,0,0,0,0,1,2.42
1,2,2,2,2,2,2,0,-0.75729,-0.75729,-0.75729,-0.75729,-0.75729,-0.75729,0,1,1,1,1,1,1,0,-1,-1,-1,-1,-1,-1,0,1,1,1,1,1,1,0,0,0,0,0,0,0,0,1,2.43
1,2,2,2,2,2,2,0,-0.76378,-0.76378,-0.76378,-0.76378,-0.76378,-0.76378,0,1,1,1,1,1,1,0,-1,-1,-1,-1,-1,-1,0,1,1,1,1,1,1,0,0,0,0,0,0,0,0,1,2.44
1,2,2,2,2,2,2,0,-0.7702,-0.7702,-0.7702,-0.7702,-0.7702,-0.7702,0,1,1,1,1,1,1,0,-1,-1,-1,-1,-1,-1,0,1,1,1,1,1,1,0,0,0,0,0,0,0,0,1,2.45
1,2,2,2,2,2,2,0,-0.77654,-0.77654,-0.77654,-0.77654,-0.77654,-0.77654,0,1,1,1,1,1,1,0,-1,-1,-1,-1,-1,-1,0,1,1,1,1,1,1,0,0,0,0,0,0,0,0,1,2.46
1,2,2,2,2,2,2,0,-0.7828,-0.7828,-0.7828,-0.7828,-0.7828,-0.7828,0,1,1,1,1,1,1,0,-1,-1,-1,-1,-1,-1,0,1,1,1,1,1,1,0,0,0,0,0,0,0,0,1,2.47
1,2,2,2,2,2,2,0,-0.78898,-0.78898,-0.78898,-0.78898,-0.78898,-0.78898,0,1,1,1,1,1,1,0,-1,-1,-1,-1,-1,-1,0,1,1,1,1,1,1,0,0,0,0,0,0,0,0,1,2.48
1,2,2,2,2,2,2,0,-0.79509,-0.79509,-0.79509,-0.79509,-0.79509,-0.79509,0,1,1,1,1,1,1,0,-1,-1,-1,-1,-1,-1,0,1,1,1,1,1,1,0,0,0,0,0,0,0,0,1,2.49
1,2,2,2,2,2,2,0,-0.80111,-0.80111,-0.80111,-0.80111,-0.80111,-0.80111,0,1,1,1,1,1,1,0,-1,-1,-1,-1,-1,-1,0,1,1,1,1,1,1,0,0,0,0,0,0,0,0,1,2.5
1,2,2,2,2,2,2,0,-0.80705,-0.80705,-0.80705,-0.80705,-0.80705,-0.80705,0,1,1,1,1,1,1,0,-1,-1,-1,-1,-1,-1,0,1,1,1,1,1,1,0,0,0,0,0,0,0,0,1,2.51
1,2,2,2,2,2,2,0,-0.81292,-0.81292,-0.81292,-0.81292,-0.81292,-0.81292,0,1,1,1,1,1,1,0,-1,-1,-1,-1,-1,-1,0,1,1,1,1,1,1,0,0,0,0,0,0,0,0,1,2.52
1,2,2,2,2,2,2,0,-0.8187,-0.8187,-0.8187,-0.8187,-0.8187,-0.8187,0,1,1,1,1,1,1,0,-1,-1,-1,-1,-1,-1,0,1,1,1,1,1,1,0,0,0,0,0,0,0,0,1,2.53
1,2,2,2,2,2,2,0,-0.8244,-0.8244,-0.8244,-0.8244,-0.8244,-0.8244,0,1,1,1,1,1,1,0,-1,-1,-1,-1,-1,-1,0,1,1,1,1,1,1,0,0,0,0,0,0,0,0,1,2.54
1,2,2,2,2,2,2,0,-0.83002,-0.83002,-0.83002,-0.83002,-0.83002,-0.83002,0,1,1,1,1,1,1,0,-1,-1,-1,-1,-1,-1,0,1,1,1,1,1,1,0,0,0,0,0,0,0,0,1,2.55
1,2,2,2,2,2,2,0,-0.83555,-0.83555,-0.83555,-0.83555,-0.83555,-0.83555,0,1,1,1,1,1,1,0,-1,-1,-1,-1,-1,-1,0,1,1,1,1,1,1,0,0,0,0,0,0,0,0,1,2.56
1,2,2,2,2,2,2,0,-0.84101,-0.84101,-0.84101,-0.84101,-0.84101,-0.84101,0,1,1,1,1,1,1,0,-1,-1,-1,-1,-1,-1,0,1,1,1,1,1,1,0,0,0,0,0,0,0,0,1,2.57
1,2,2,2,2,2,2,0,-0.84637,-0.84637,-0.84637,-0.84637,-0.84637,-0.84637,0,1,1,1,1,1,1,0,-1,-1,-1,-1,-1,-1,0,1,1,1,1,1,1,0,0,0,0,0,0,0,0,1,2.58
1,2,2,2,2,2,2,0,-0.85166,-0.85166,-0.85166,-0.85166,-0.85166,-0.85166,0,1,1,1,1,1,1,0,-1,-1,-1,-1,-1,-1,0,1,1,1,1,1,1,0,0,0,0,0,0,0,0,1,2.59
1,2,2,2,2,2,2,0,-0.85685,-0.85685,-0.85685,-0.85685,-0.85685,-0.85685,0,1,1,1,1,1,1,0,-1,-1,-1,-1,-1,-1,0,1,1,1,1,1,1,0,0,0,0,0,0,0,0,1,2.6
1,2,2,2,2,2,2,0,-0.86196,-0.86196,-0.86196,-0.86196,-0.86196,-0.86196,0,1,1,1,1,1,1,0,-1,-1,-1,-1,-1,-1,0,1,1,1,1,1,1,0,0,0,0,0,0,0,0,1,2.61
1,2,2,2,2,2,2,0,-0.86699,-0.86699,-0.86699,-0.86699,-0.86699,-0.86699,0,1,1,1,1,1,1,0,-1,-1,-1,-1,-1,-1,0,1,1,1,1,1,1,0,0,0,0,0,0,0,0,1,2.62
1,2,2,2,2,2,2,0,-0.87193,-0.87193,-0.87193,-0.87193,-0.87193,-0.87193,0,1,1,1,1,1,1,0,-1,-1,-1,-1,-1,-1,0,1,1,1,1,1,1,0,0,0,0,0,0,0,0,1,2.63
1,2,2,2,2,2,2,0,-0.87678,-0.87678,-0.87678,-0.87678,-0.87678,-0.87678,0,1,1,1,1,1,1,0,-1,-1,-1,-1,-1,-1,0,1,1,1,1,1,1,0,0,0,0,0,0,0,0,1,2.64
1,2,2,2,2,2,2,0,-0.88155,-0.88155,-0.88155,-0.88155,-0.88155,-0.88155,0,1,1,1,1,1,1,0,-1,-1,-1,-1,-1,-1,0,1,1,1,1,1,1,0,0,0,0,0,0,0,0,1,2.65
1,2,2,2,2,2,2,0,-0.88622,-0.88622,-0.88622,-0.88622,-0.88622,-0.88622,0,1,1,1,1,1,1,0,-1,-1,-1,-1,-1,-1,0,1,1,1,1,1,1,0,0,0,0,0,0,0,0,1,2.66
1,2,2,2,2,2,2,0,-0.89081,-0.89081,-0.89081,-0.89081,-0.89081,-0.89081,0,1,1,1,1,1,1,0,-1,-1,-1,-1,-1,-1,0,1,1,1,1,1,1,0,0,0,0,0,0,0,0,1,2.67
1,2,2,2,2,2,2,0,-0.89531,-0.89531,-0.89531,-0.89531,-0.89531,-0.89531,0,1,1,1,1,1,1,0,-1,-1,-1,-1,-1,-1,0,1,1,1,1,1,1,0,0,0,0,0,0,0,0,1,2.68
1,2,2,2,2,2,2,0,-0.89972,-0.89972,-0.89972,-0.89972,-0.89972,-0.89972,0,1,1,1,1,1,1,0,-1,-1,-1,-1,-1,-1,0,1,1,1,1,1,1,0,0,0,0,0,0,0,0,1,2.69
1,2,2,2,2,2,2,0,-0.90403,-0.90403,-0.90403,-0.90403,-0.90403,-0.90403,0,1,1,1,1,1,1,0,-1,-1,-1,-1,-1,-1,0,1,1,1,1,1,1,0,0,0,0,0,0,0,0,1,2.7
1,2,2,2,2,2,2,0,-0.90826,-0.90826,-0.90826,-0.90826,-0.90826,-0.90826,0,1,1,1,1,1,1,0,-1,-1,-1,-1,-1,-1,0,1,1,1,1,1,1,0,0,0,0,0,0,0,0,1,2.71
1,2,2,2,2,2,2,0,-0.9124,-0.9124,-0.9124,-0.9124,-0.9124,-0.9124,0,1,1,1,1,1,1,0,-1,-1,-1,-1,-1,-1,0,1,1,1,1,1,1,0,0,0,0,0,0,0,0,1,2.72
1,2,2,2,2,2,2,0,-0.91645,-0.91645,-0.91645,-0.91645,-0.91645,-0.91645,0,1,1,1,1,1,1,0,-1,-1,-1,-1,-1,-1,0,1,1,1,1,1,1,0,0,0,0,0,0,0,0,1,2.73
1,2,2,2,2,2,2,0,-0.9204,-0.9204,-0.9204,-0.9204,-0.9204,-0.9204,0,1,1,1,1,1,1,0,-1,-1,-1,-1,-1,-1,0,1,1,1,1,1,1,0,0,0,0,0,0,0,0,1,2.74
1,2,2,2,2,2,2,0,-0.92426,-0.92426,-0.92426,-0.92426,-0.92426,-0.92426,0,1,1,1,1,1,1,0,-1,-1,-1,-1,-1,-1,0,1,1,1,1,1,1,0,0,0,0,0,0,0,0,1,2.75
1,2,2,2,2,2,2,0,-0.92803,-0.92803,-0.92803,-0.92803,-0.92803,-0.92803,0,1,1,1,1,1,1,0,-1,-1,-1,-1,-1,-1,0,1,1,1,1,1,1,0,0,0,0,0,0,0,0,1,2.76
1,2,2,2,2,2,2,0,-0.93171,-0.93171,-0.93171,-0.93171,-0.93171,-0.93171,0,1,1,1,1,1,1,0,-1,-1,-1,-1,-1,-1,0,1,1,1,1,1,1,0,0,0,0,0,0,0,0,1,2.77
1,2,2,2,2,2,2,0,-0.9353,-0.9353,-0.9353,-0.9353,-0.9353,-0.9353,0,1,1,1,1,1,1,0,-1,-1,-1,-1,-1,-1,0,1,1,1,1,1,1,0,0,0,0,0,0,0,0,1,2.78
1,2,2,2,2,2,2,0,-0.93879,-0.93879,-0.93879,-0.93879,-0.93879,-0.93879,0,1,1,1,1,1,1,0,-1,-1,-1,-1,-1,-1,0,1,1,1,1,1,1,0,0,0,0,0,0,0,0,1,2.79
1,2,2,2,2,2,2,0,-0.94218,-0.94218,-0.94218,-0.94218,-0.94218,-0.94218,0,1,1,1,1,1,1,0,-1,-1,-1,-1,-1,-1,0,1,1,1,1,1,1,0,0,0,0,0,0,0,0,1,2.8
1,2,2,2,2,2,2,0,-0.94549,-0.94549,-0.94549,-0.94549,-0.94549,-0.94549,0,1,1,1,1,1,1,0,-1,-1,-1,-1,-1,-1,0,1,1,1,1,1,1,0,0,0,0,0,0,0,0,1,2.81
1,2,2,2,2,2,2,0,-0.94869,-0.94869,-0.94869,-0.94869,-0.94869,-0.94869,0,1,1,1,1,1,1,0,-1,-1,-1,-1,-1,-1,0,1,1,1,1,1,1,0,0,0,0,0,0,0,0,1,2.82
1,2,2,2,2,2,2,0,-0.95181,-0.95181,-0.95181,-0.95181,-0.95181,-0.95181,0,1,1,1,1,1,1,0,-1,-1,-1,-1,-1,-1,0,1,1,1,1,1,1,0,0,0,0,0,0,0,0,1,2.83
1,2,2,2,2,2,2,0,-0.95482,-0.95482,-0.95482,-0.95482,-0.95482,-0.95482,0,1,1,1,1,1,1,0,-1,-1,-1,-1,-1,-1,0,1,1,1,1,1,1,0,0,0,0,0,0,0,0,1,2.84
1,2,2,2,2,2,2,0,-0.95775,-0.95775,-0.95775,-0.95775,-0.95775,-0.95775,0,1,1,1,1,1,1,0,-1,-1,-1,-1,-1,-1,0,1,1,1,1,1,1,0,0,0,0,0,0,0,0,1,2.85
1,2,2,2,2,2,2,0,-0.96057,-0.96057,-0.96057,-0.96057,-0.96057,-0.96057,0,1,1,1,1,1,1,0,-1,-1,-1,-1,-1,-1,0,1,1,1,1,1,1,0,0,0,0,0,0,0,0,1,2.86
1,2,2,2,2,2,2,0,-0.9633,-0.9633,-0.9633,-0.9633,-0.9633,-0.9633,0,1,1,1,1,1,1,0,-1,-1,-1,-1,-1,-1,0,1,1,1,1,1,1,0,0,0,0,0,0,0,0,1,2.87
1,2,2,2,2,2,2,0,-0.96594,-0.96594,-0.96594,-0.96594,-0.96594,-0.96594,0,1,1,1,1,1,1,0,-1,-1,-1,-1,-1,-1,0,1,1,1,1,1,1,0,0,0,0,0,0,0,0,1,2.88
1,2,2,2,2,2,2,0,-0.96848,-0.96848,-0.96848,-0.96848,-0.96848,-0.96848,0,1,1,1,1,1,1,0,-1,-1,-1,-1,-1,-1,0,1,1,1,1,1,1,0,0,0,0,0,0,0,0,1,2.89
1,2,2,2,2,2,2,0,-0.97092,-0.97092,-0.97092,-0.97092,-0.97092,-0.97092,0,1,1,1,1,1,1,0,-1,-1,-1,-1,-1,-1,0,1,1,1,1,1,1,0,0,0,0,0,0,0,0,1,2.9
1,2,2,2,2,2,2,0,-0.97326,-0.97326,-0.97326,-0.97326,-0.97326,-0.97326,0,1,1,1,1,1,1,0,-1,-1,-1,-1,-1,-1,0,1,1,1,1,1,1,0,0,0,0,0,0,0,0,1,2.91
1,2,2,2,2,2,2,0,-0.97551,-0.97551,-0.97551,-0.97551,-0.97551,-0.97551,0,1,1,1,1,1,1,0,-1,-1,-1,-1,-1,-1,0,1,1,1,1,1,1,0,0,0,0,0,0,0,0,1,2.92
1,2,2,2,2,2,2,0,-0.97766,-0.97766,-0.97766,-0.97766,-0.97766,-0.97766,0,1,1,1,1,1,1,0,-1,-1,-1,-1,-1,-1,0,1,1,1,1,1,1,0,0,0,0,0,0,0,0,1,2.93
1,2,2,2,2,2,2,0,-0.97971,-0.97971,-0.97971,-0.97971,-0.97971,-0.97971,0,1,1,1,1,1,1,0,-1,-1,-1,-1,-1,-1,0,1,1,1,1,1,1,0,0,0,0,0,0,0,0,1,2.94
1,2,2,2,2,2,2,0,-0.98166,-0.98166,-0.98166,-0.98166,-0.98166,-0.98166,0,1,1,1,1,1,1,0,-1,-1,-1,-1,-1,-1,0,1,1,1,1,1,1,0,0,0,0,0,0,0,0,1,2.95
1,2,2,2,2,2,2,0,-0.98352,-0.98352,-0.98352,-0.98352,-0.98352,-0.98352,0,1,1,1,1,1,1,0,-1,-1,-1,-1,-1,-1,0,1,1,1,1,1,1,0,0,0,0,0,0,0,0,1,2.96
1,2,2,2,2,2,2,0,-0.98527,-0.98527,-0.98527,-0.98527,-0.98527,-0.98527,0,1,1,1,1,1,1,0,-1,-1,-1,-1,-1,-1,0,1,1,1,1,1,1,0,0,0,0,0,0,0,0,1,2.97
1,2,2,2,2,2,2,0,-0.98693,-0.98693,-0.98693,-0.98693,-0.98693,-0.98693,0,1,1,1,1,1,1,0,-1,-1,-1,-1,-1,-1,0,1,1,1,1,1,1,0,0,0,0,0,0,0,0,1,2.98
1,2,2,2,2,2,2,0,-0.98849,-0.98849,-0.98849,-0.98849,-0.98849,-0.98849,0,1,1,1,1,1,1,0,-1,-1,-1,-1,-1,-1,0,1,1,1,1,1,1,0,0,0,0,0,0,0,0,1,2.99
1,2,2,2,2,2,2,0,-0.98995,-0.98995,-0.98995,-0.98995,-0.98995,-0.98995,0,1,1,1,1,1,1,0,-1,-1,-1,-1,-1,-1,0,1,1,1,1,1,1,0,0,0,0,0,0,0,0,1,3
1,2,2,2,2,2,2,0,-0.99131,-0.99131,-0.99131,-0.99131,-0.99131,-0.99131,0,1,1,1,1,1,1,0,-1,-1,-1,-1,-1,-1,0,1,1,1,1,1,1,0,0,0,0,0,0,0,0,1,3.01
1,2,2,2,2,2,2,0,-0.99258,-0.99258,-0.99258,-0.99258,-0.99258,-0.99258,0,1,1,1,1,1,1,0,-1,-1,-1,-1,-1,-1,0,1,1,1,1,1,1,0,0,0,0,0,0,0,0,1,3.02
1,2,2,2,2,2,2,0,-0.99374,-0.99374,-0.99374,-0.99374,-0.99374,-0.99374,0,1,1,1,1,1,1,0,-1,-1,-1,-1,-1,-1,0,1,1,1,1,1,1,0,0,0,0,0,0,0,0,1,3.03
1,2,2,2,2,2,2,0,-0.9948,-0.9948,-0.9948,-0.9948,-0.9948,-0.9948,0,1,1,1,1,1,1,0,-1,-1,-1,-1,-1,-1,0,1,1,1,1,1,1,0,0,0,0,0,0,0,0,1,3.04
1,2,2,2,2,2,2,0,-0.99577,-0.99577,-0.99577,-0.99577,-0.99577,-0.99577,0,1,1,1,1,1,1,0,-1,-1,-1,-1,-1,-1,0,1,1,1,1,1,1,0,0,0,0,0,0,0,0,1,3.05
1,2,2,2,2,2,2,0,-0.99663,-0.99663,-0.99663,-0.99663,-0.99663,-0.99663,0,1,1,1,1,1,1,0,-1,-1,-1,-1,-1,-1,0,1,1,1,1,1,1,0,0,0,0,0,0,0,0,1,3.06
1,2,2,2,2,2,2,0,-0.9974,-0.9974,-0.9974,-0.9974,-0.9974,-0.9974,0,1,1,1,1,1,1,0,-1,-1,-1,-1,-1,-1,0,1,1,1,1,1,1,0,0,0,0,0,0,0,0,1,3.07
1,2,2,2,2,2,2,0,-0.99806,-0.99806,-0.99806,-0.99806,-0.99806,-0.99806,0,1,1,1,1,1,1,0,-1,-1,-1,-1,-1,-1,0,1,1,1,1,1,1,0,0,0,0,0,0,0,0,1,3.08
1,2,2,2,2,2,2,0,-0.99863,-0.99863,-0.99863,-0.99863,-0.99863,-0.99863,0,1,1,1,1,1,1,0,-1,-1,-1,-1,-1,-1,0,1,1,1,1,1,1,0,0,0,0,0,0,0,0,1,3.09
1,2,2,2,2,2,2,0,-0.99909,-0.99909,-0.99909,-0.99909,-0.99909,-0.99909,0,1,1,1,1,1,1,0,-1,-1,-1,-1,-1,-1,0,1,1,1,1,1,1,0,0,0,0,0,0,0,0,1,3.1
1,2,2,2,2,2,2,0,-0.99946,-0.99946,-0.99946,-0.99946,-0.99946,-0.99946,0,1,1,1,1,1,1,0,-1,-1,-1,-1,-1,-1,0,1,1,1,1,1,1,0,0,0,0,0,0,0,0,1,3.11
1,2,2,2,2,2,2,0,-0.99973,-0.99973,-0.99973,-0.99973,-0.99973,-0.99973,0,1,1,1,1,1,1,0,-1,-1,-1,-1,-1,-1,0,1,1,1,1,1,1,0,0,0,0,0,0,0,0,1,3.12
1,2,2,2,2,2,2,0,-0.99989,-0.99989,-0.99989,-0.99989,-0.99989,-0.99989,0,1,1,1,1,1,1,0,-1,-1,-1,-1,-1,-1,0,1,1,1,1,1,1,0,0,0,0,0,0,0,0,1,3.13
1,2,2,2,2,2,2,0,-0.99996,-0.99996,-0.99996,-0.99996,-0.99996,-0.99996,0,1,1,1,1,1,1,0,-1,-1,-1,-1,-1,-1,0,1,1,1,1,1,1,0,0,0,0,0,0,0,0,1,3.14
1,2,2,2,2,2,2,0,-0.99992,-0.99992,-0.99992,-0.99992,-0.99992,-0.99992,0,1,1,1,1,1,1,0,-1,-1,-1,-1,-1,-1,0,1,1,1,1,1,1,0,0,0,0,0,0,0,0,1,3.15
1,2,2,2,2,2,2,0,-0.99979,-0.99979,-0.99979,-0.99979,-0.99979,-0.99979,0,1,1,1,1,1,1,0,-1,-1,-1,-1,-1,-1,0,1,1,1,1,1,1,0,0,0,0,0,0,0,0,1,3.16
1,2,2,2,2,2,2,0,-0.99955,-0.99955,-0.99955,-0.99955,-0.99955,-0.99955,0,1,1,1,1,1,1,0,-1,-1,-1,-1,-1,-1,0,1,1,1,1,1,1,0,0,0,0,0,0,0,0,1,3.17
1,2,2,2,2,2,2,0,-0.99922,-0.99922,-0.99922,-0.99922,-0.99922,-0.99922,0,1,1,1,1,1,1,0,-1,-1,-1,-1,-1,-1,0,1,1,1,1,1,1,0,0,0,0,0,0,0,0,1,3.18
1,2,2,2,2,2,2,0,-0.99879,-0.99879,-0.99879,-0.99879,-0.99879,-0.99879,0,1,1,1,1,1,1,0,-1,-1,-1,-1,-1,-1,0,1,1,1,1,1,1,0,0,0,0,0,0,0,0,1,3.19
1,2,2,2,2,2,2,0,-0.99825,-0.99825,-0.99825,-0.99825,-0.99825,-0.99825,0,1,1,1,1,1,1,0,-1,-1,-1,-1,-1,-1,0,1,1,1,1,1,1,0,0,0,0,0,0,0,0,1,3.2
1,2,2,2,2,2,2,0,-0.99762,-0.99762,-0.99762,-0.99762,-0.99762,-0.99762,0,1,1,1,1,1,1,0,-1,-1,-1,-1,-1,-1,0,1,1,1,1,1,1,0,0,0,0,0,0,0,0,1,3.21
1,2,2,2,2,2,2,0,-0.99689,-0.99689,-0.99689,-0.99689,-0.99689,-0.99689,0,1,1,1,1,1,1,0,-1,-1,-1,-1,-1,-1,0,1,1,1,1,1,1,0,0,0,0,0,0,0,0,1,3.22
1,2,2,2,2,2,2,0,-0.99605,-0.99605,-0.99605,-0.99605,-0.99605,-0.99605,0,1,1,1,1,1,1,0,-1,-1,-1,-1,-1,-1,0,1,1,1,1,1,1,0,0,0,0,0,0,0,0,1,3.23
1,2,2,2,2,2,2,0,-0.99512,-0.99512,-0.99512,-0.99512,-0.99512,-0.99512,0,1,1,1,1,1,1,0,-1,-1,-1,-1,-1,-1,0,1,1,1,1,1,1,0,0,0,0,0,0,0,0,1,3.24
1,2,2,2,2,2,2,0,-0.99409,-0.99409,-0.99409,-0.99409,-0.99409,-0.99409,0,1,1,1,1,1,1,0,-1,-1,-1,-1,-1,-1,0,1,1,1,1,1,1,0,0,0,0,0,0,0,0,1,3.25
1,2,2,2,2,2,2,0,-0.99296,-0.99296,-0.99296,-0.99296,-0.99296,-0.99296,0,1,1,1,1,1,1,0,-1,-1,-1,-1,-1,-1,0,1,1,1,1,1,1,0,0,0,0,0,0,0,0,1,3.26
1,2,2,2,2,2,2,0,-0.99173,-0.99173,-0.99173,-0.99173,-0.99173,-0.99173,0,1,1,1,1,1,1,0,-1,-1,-1,-1,-1,-1,0,1,1,1,1,1,1,0,0,0,0,0,0,0,0,1,3.27
1,2,2,2,2,2,2,0,-0.9904,-0.9904,-0.9904,-0.9904,-0.9904,-0.9904,0,1,1,1,1,1,1,0,-1,-1,-1,-1,-1,-1,0,1,1,1,1,1,1,0,0,0,0,0,0,0,0,1,3.28
1,2,2,2,2,2,2,0,-0.98897,-0.98897,-0.98897,-0.98897,-0.98897,-0.98897,0,1,1,1,1,1,1,0,-1,-1,-1,-1,-1,-1,0,1,1,1,1,1,1,0,0,0,0,0,0,0,0,1,3.29
1,2,2,2,2,2,2,0,-0.98744,-0.98744,-0.98744,-0.98744,-0.98744,-0.98744,0,1,1,1,1,1,1,0,-1,-1,-1,-1,-1,-1,0,1,1,1,1,1,1,0,0,0,0,0,0,0,0,1,3.3
1,2,2,2,2,2,2,0,-0.98581,-0.98581,-0.98581,-0.98581,-0.98581,-0.98581,0,1,1,1,1,1,1,0,-1,-1,-1,-1,-1,-1,0,1,1,1,1,1,1,0,0,0,0,0,0,0,0,1,3.31
1,2,2,2,2,2,2,0,-0.98409,-0.98409,-0.98409,-0.98409,-0.98409,-0.98409,0,1,1,1,1,1,1,0,-1,-1,-1,-1,-1,-1,0,1,1,1,1,1,1,0,0,0,0,0,0,0,0,1,3.32
1,2,2,2,2,2,2,0,-0.98226,-0.98226,-0.98226,-0.98226,-0.98226,-0.98226,0,1,1,1,1,1,1,0,-1,-1,-1,-1,-1,-1,0,1,1,1,1,1,1,0,0,0,0,0,0,0,0,1,3.33
1,2,2,2,2,2,2,0,-0.98034,-0.98034,-0.98034,-0.98034,-0.98034,-0.98034,0,1,1,1,1,1,1,0,-1,-1,-1,-1,-1,-1,0,1,1,1,1,1,1,0,0,0,0,0,0,0,0,1,3.34
1,2,2,2,2,2,2,0,-0.97832,-0.97832,-0.97832,-0.97832,-0.97832,-0.97832,0,1,1,1,1,1,1,0,-1,-1,-1,-1,-1,-1,0,1,1,1,1,1,1,0,0,0,0,0,0,0,0,1,3.35
1,2,2,2,2,2,2,0,-0.9762,-0.9762,-0.9762,-0.9762,-0.9762,-0.9762,0,1,1,1,1,1,1,0,-1,-1,-1,-1,-1,-1,0,1,1,1,1,1,1,0,0,0,0,0,0,0,0,1,3.36
1,2,2,2,2,2,2,0,-0.97399,-0.97399,-0.97399,-0.97399,-0.97399,-0.97399,0,1,1,1,1,1,1,0,-1,-1,-1,-1,-1,-1,0,1,1,1,1,1,1,0,0,0,0,0,0,0,0,1,3.37
1,2,2,2,2,2,2,0,-0.97167,-0.97167,-0.97167,-0.97167,-0.97167,-0.97167,0,1,1,1,1,1,1,0,-1,-1,-1,-1,-1,-1,0,1,1,1,1,1,1,0,0,0,0,0,0,0,0,1,3.38
1,2,2,2,2,2,2,0,-0.96926,-0.96926,-0.96926,-0.96926,-0.96926,-0.96926,0,1,1,1,1,1,1,0,-1,-1,-1,-1,-1,-1,0,1,1,1,1,1,1,0,0,0,0,0,0,0,0,1,3.39
1,2,2,2,2,2,2,0,-0.96676,-0.96676,-0.96676,-0.96676,-0.96676,-0.96676,0,1,1,1,1,1,1,0,-1,-1,-1,-1,-1,-1,0,1,1,1,1,1,1,0,0,0,0,0,0,0,0,1,3.4
1,2,2,2,2,2,2,0,-0.96415,-0.96415,-0.96415,-0.96415,-0.96415,-0.96415,0,1,1,1,1,1,1,0,-1,-1,-1,-1,-1,-1,0,1,1,1,1,1,1,0,0,0,0,0,0,0,0,1,3.41
1,2,2,2,2,2,2,0,-0.96145,-0.96145,-0.96145,-0.96145,-0.96145,-0.96145,0,1,1,1,1,1,1,0,-1,-1,-1,-1,-1,-1,0,1,1,1,1,1,1,0,0,0,0,0,0,0,0,1,3.42
1,2,2,2,2,2,2,0,-0.95866,-0.95866,-0.95866,-0.95866,-0.95866,-0.95866,0,1,1,1,1,1,1,0,-1,-1,-1,-1,-1,-1,0,1,1,1,1,1,1,0,0,0,0,0,0,0,0,1,3.43
1,2,2,2,2,2,2,0,-0.95577,-0.95577,-0.95577,-0.95577,-0.95577,-0.95577,0,1,1,1,1,1,1,0,-1,-1,-1,-1,-1,-1,0,1,1,1,1,1,1,0,0,0,0,0,0,0,0,1,3.44
1,2,2,2,2,2,2,0,-0.95278,-0.95278,-0.95278,-0.95278,-0.95278,-0.95278,0,1,1,1,1,1,1,0,-1,-1,-1,-1,-1,-1,0,1,1,1,1,1,1,0,0,0,0,0,0,0,0,1,3.45
1,2,2,2,2,2,2,0,-0.9497,-0.9497,-0.9497,-0.9497,-0.9497,-0.9497,0,1,1,1,1,1,1,0,-1,-1,-1,-1,-1,-1,0,1,1,1,1,1,1,0,0,0,0,0,0,0,0,1,3.46
1,2,2,2,2,2,2,0,-0.94652,-0.94652,-0.94652,-0.94652,-0.94652,-0.94652,0,1,1,1,1,1,1,0,-1,-1,-1,-1,-1,-1,0,1,1,1,1,1,1,0,0,0,0,0,0,0,0,1,3.47
1,2,2,2,2,2,2,0,-0.94325,-0.94325,-0.94325,-0.94325,-0.94325,-0.94325,0,1,1,1,1,1,1,0,-1,-1,-1,-1,-1,-1,0,1,1,1,1,1,1,0,0,0,0,0,0,0,0,1,3.48
1,2,2,2,2,2,2,0,-0.93988,-0.93988,-0.93988,-0.93988,-0.93988,-0.93988,0,1,1,1,1,1,1,0,-1,-1,-1,-1,-1,-1,0,1,1,1,1,1,1,0,0,0,0,0,0,0,0,1,3.49
1,2,2,2,2,2,2,0,-0.93642,-0.93642,-0.93642,-0.93642,-0.93642,-0.93642,0,1,1,1,1,1,1,0,-1,-1,-1,-1,-1,-1,0,1,1,1,1,1,1,0,0,0,0,0,0,0,0,1,3.5
1,2,2,2,2,2,2,0,-0.93286,-0.93286,-0.93286,-0.93286,-0.93286,-0.93286,0,1,1,1,1,1,1,0,-1,-1,-1,-1,-1,-1,0,1,1,1,1,1,1,0,0,0,0,0,0,0,0,1,3.51
1,2,2,2,2,2,2,0,-0.92922,-0.92922,-0.92922,-0.92922,-0.92922,-0.92922,0,1,1,1,1,1,1,0,-1,-1,-1,-1,-1,-1,0,1,1,1,1,1,1,0,0,0,0,0,0,0,0,1,3.52
1,2,2,2,2,2,2,0,-0.92547,-0.92547,-0.92547,-0.92547,-0.92547,-0.92547,0,1,1,1,1,1,1,0,-1,-1,-1,-1,-1,-1,0,1,1,1,1,1,1,0,0,0,0,0,0,0,0,1,3.53
1,2,2,2,2,2,2,0,-0.92164,-0.92164,-0.92164,-0.92164,-0.92164,-0.92164,0,1,1,1,1,1,1,0,-1,-1,-1,-1,-1,-1,0,1,1,1,1,1,1,0,0,0,0,0,0,0,0,1,3.54
1,2,2,2,2,2,2,0,-0.91772,-0.91772,-0.91772,-0.91772,-0.91772,-0.91772,0,1,1,1,1,1,1,0,-1,-1,-1,-1,-1,-1,0,1,1,1,1,1,1,0,0,0,0,0,0,0,0,1,3.55
1,2,2,2,2,2,2,0,-0.9137,-0.9137,-0.9137,-0.9137,-0.9137,-0.9137,0,1,1,1,1,1,1,0,-1,-1,-1,-1,-1,-1,0,1,1,1,1,1,1,0,0,0,0,0,0,0,0,1,3.56
1,2,2,2,2,2,2,0,-0.90959,-0.90959,-0.90959,-0.90959,-0.90959,-0.90959,0,1,1,1,1,1,1,0,-1,-1,-1,-1,-1,-1,0,1,1,1,1,1,1,0,0,0,0,0,0,0,0,1,3.57
1,2,2,2,2,2,2,0,-0.90539,-0.90539,-0.90539,-0.90539,-0.90539,-0.90539,0,1,1,1,1,1,1,0,-1,-1,-1,-1,-1,-1,0,1,1,1,1,1,1,0,0,0,0,0,0,0,0,1,3.58
1,2,2,2,2,2,2,0,-0.9011,-0.9011,-0.9011,-0.9011,-0.9011,-0.9011,0,1,1,1,1,1,1,0,-1,-1,-1,-1,-1,-1,0,1,1,1,1,1,1,0,0,0,0,0,0,0,0,1,3.59
1,2,2,2,2,2,2,0,-0.89672,-0.89672,-0.89672,-0.89672,-0.89672,-0.89672,0,1,1,1,1,1,1,0,-1,-1,-1,-1,-1,-1,0,1,1,1,1,1,1,0,0,0,0,0,0,0,0,1,3.6
1,2,2,2,2,2,2,0,-0.89225,-0.89225,-0.89225,-0.89225,-0.89225,-0.89225,0,1,1,1,1,1,1,0,-1,-1,-1,-1,-1,-1,0,1,1,1,1,1,1,0,0,0,0,0,0,0,0,1,3.61
1,2,2,2,2,2,2,0,-0.88769,-0.88769,-0.88769,-0.88769,-0.88769,-0.88769,0,1,1,1,1,1,1,0,-1,-1,-1,-1,-1,-1,0,1,1,1,1,1,1,0,0,0,0,0,0,0,0,1,3.62
1,2,2,2,2,2,2,0,-0.88304,-0.88304,-0.88304,-0.88304,-0.88304,-0.88304,0,1,1,1,1,1,1,0,-1,-1,-1,-1,-1,-1,0,1,1,1,1,1,1,0,0,0,0,0,0,0,0,1,3.63
1,2,2,2,2,2,2,0,-0.87831,-0.87831,-0.87831,-0.87831,-0.87831,-0.87831,0,1,1,1,1,1,1,0,-1,-1,-1,-1,-1,-1,0,1,1,1,1,1,1,0,0,0,0,0,0,0,0,1,3.64
1,2,2,2,2,2,2,0,-0.87348,-0.87348,-0.87348,-0.87348,-0.87348,-0.87348,0,1,1,1,1,1,1,0,-1,-1,-1,-1,-1,-1,0,1,1,1,1,1,1,0,0,0,0,0,0,0,0,1,3.65
1,2,2,2,2,2,2,0,-0.86857,-0.86857,-0.86857,-0.86857,-0.86857,-0.86857,0,1,1,1,1,1,1,0,-1,-1,-1,-1,-1,-1,0,1,1,1,1,1,1,0,0,0,0,0,0,0,0,1,3.66
1,2,2,2,2,2,2,0,-0.86358,-0.86358,-0.86358,-0.86358,-0.86358,-0.86358,0,1,1,1,1,1,1,0,-1,-1,-1,-1,-1,-1,0,1,1,1,1,1,1,0,0,0,0,0,0,0,0,1,3.67
1,2,2,2,2,2,2,0,-0.85849,-0.85849,-0.85849,-0.85849,-0.85849,-0.85849,0,1,1,1,1,1,1,0,-1,-1,-1,-1,-1,-1,0,1,1,1,1,1,1,0,0,0,0,0,0,0,0,1,3.68
1,2,2,2,2,2,2,0,-0.85332,-0.85332,-0.85332,-0.85332,-0.85332,-0.85332,0,1,1,1,1,1,1,0,-1,-1,-1,-1,-1,-1,0,1,1,1,1,1,1,0,0,0,0,0,0,0,0,1,3.69
1,2,2,2,2,2,2,0,-0.84806,-0.84806,-0.84806,-0.84806,-0.84806,-0.84806,0,1,1,1,1,1,1,0,-1,-1,-1,-1,-1,-1,0,1,1,1,1,1,1,0,0,0,0,0,0,0,0,1,3.7
1,2,2,2,2,2,2,0,-0.84272,-0.84272,-0.84272,-0.84272,-0.84272,-0.84272,0,1,1,1,1,1,1,0,-1,-1,-1,-1,-1,-1,0,1,1,1,1,1,1,0,0,0,0,0,0,0,0,1,3.71
1,2,2,2,2,2,2,0,-0.8373,-0.8373,-0.8373,-0.8373,-0.8373,-0.8373,0,1,1,1,1,1,1,0,-1,-1,-1,-1,-1,-1,0,1,1,1,1,1,1,0,0,0,0,0,0,0,0,1,3.72
1,2,2,2,2,2,2,0,-0.83179,-0.83179,-0.83179,-0.83179,-0.83179,-0.83179,0,1,1,1,1,1,1,0,-1,-1,-1,-1,-1,-1,0,1,1,1,1,1,1,0,0,0,0,0,0,0,0,1,3.73
1,2,2,2,2,2,2,0,-0.8262,-0.8262,-0.8262,-0.8262,-0.8262,-0.8262,0,1,1,1,1,1,1,0,-1,-1,-1,-1,-1,-1,0,1,1,1,1,1,1,0,0,0,0,0,0,0,0,1,3.74
1,2,2,2,2,2,2,0,-0.82053,-0.82053,-0.82053,-0.82053,-0.82053,-0.82053,0,1,1,1,1,1,1,0,-1,-1,-1,-1,-1,-1,0,1,1,1,1,1,1,0,0,0,0,0,0,0,0,1,3.75
1,2,2,2,2,2,2,0,-0.81477,-0.81477,-0.81477,-0.81477,-0.81477,-0.81477,0,1,1,1,1,1,1,0,-1,-1,-1,-1,-1,-1,0,1,1,1,1,1,1,0,0,0,0,0,0,0,0,1,3.76
1,2,2,2,2,2,2,0,-0.80893,-0.80893,-0.80893,-0.80893,-0.80893,-0.80893,0,1,1,1,1,1,1,0,-1,-1,-1,-1,-1,-1,0,1,1,1,1,1,1,0,0,0,0,0,0,0,0,1,3.77
1,2,2,2,2,2,2,0,-0.80301,-0.80301,-0.80301,-0.80301,-0.80301,-0.80301,0,1,1,1,1,1,1,0,-1,-1,-1,-1,-1,-1,0,1,1,1,1,1,1,0,0,0,0,0,0,0,0,1,3.78
1,2,2,2,2,2,2,0,-0.79701,-0.79701,-0.79701,-0.79701,-0.79701,-0.79701,0,1,1,1,1,1,1,0,-1,-1,-1,-1,-1,-1,0,1,1,1,1,1,1,0,0,0,0,0,0,0,0,1,3.79
1,2,2,2,2,2,2,0,-0.79093,-0.79093,-0.79093,-0.79093,-0.79093,-0.79093,0,1,1,1,1,1,1,0,-1,-1,-1,-1,-1,-1,0,1,1,1,1,1,1,0,0,0,0,0,0,0,0,1,3.8
1,2,2,2,2,2,2,0,-0.78478,-0.78478,-0.78478,-0.78478,-0.78478,-0.78478,0,1,1,1,1,1,1,0,-1,-1,-1,-1,-1,-1,0,1,1,1,1,1,1,0,0,0,0,0,0,0,0,1,3.81
1,2,2,2,2,2,2,0,-0.77854,-0.77854,-0.77854,-0.77854,-0.77854,-0.77854,0,1,1,1,1,1,1,0,-1,-1,-1,-1,-1,-1,0,1,1,1,1,1,1,0,0,0,0,0,0,0,0,1,3.82
1,2,2,2,2,2,2,0,-0.77223,-0.77223,-0.77223,-0.77223,-0.77223,-0.77223,0,1,1,1,1,1,1,0,-1,-1,-1,-1,-1,-1,0,1,1,1,1,1,1,0,0,0,0,0,0,0,0,1,3.83
1,2,2,2,2,2,2,0,-0.76584,-0.76584,-0.76584,-0.76584,-0.76584,-0.76584,0,1,1,1,1,1,1,0,-1,-1,-1,-1,-1,-1,0,1,1,1,1,1,1,0,0,0,0,0,0,0,0,1,3.84
1,2,2,2,2,2,2,0,-0.75937,-0.75937,-0.75937,-0.75937,-0.75937,-0.75937,0,1,1,1,1,1,1,0,-1,-1,-1,-1,-1,-1,0,1,1,1,1,1,1,0,0,0,0,0,0,0,0,1,3.85
1,2,2,2,2,2,2,0,-0.75282,-0.75282,-0.75282,-0.75282,-0.75282,-0.75282,0,1,1,1,1,1,1,0,-1,-1,-1,-1,-1,-1,0,1,1,1,1,1,1,0,0,0,0,0,0,0,0,1,3.86
1,2,2,2,2,2,2,0,-0.7462,-0.7462,-0.7462,-0.7462,-0.7462,-0.7462,0,1,1,1,1,1,1,0,-1,-1,-1,-1,-1,-1,0,1,1,1,1,1,1,0,0,0,0,0,0,0,0,1,3.87
1,2,2,2,2,2,2,0,-0.73951,-0.73951,-0.73951,-0.73951,-0.73951,-0.73951,0,1,1,1,1,1,1,0,-1,-1,-1,-1,-1,-1,0,1,1,1,1,1,1,0,0,0,0,0,0,0,0,1,3.88
1,2,2,2,2,2,2,0,-0.73274,-0.73274,-0.73274,-0.73274,-0.73274,-0.73274,0,1,1,1,1,1,1,0,-1,-1,-1,-1,-1,-1,0,1,1,1,1,1,1,0,0,0,0,0,0,0,0,1,3.89
1,2,2,2,2,2,2,0,-0.7259,-0.7259,-0.7259,-0.7259,-0.7259,-0.7259,0,1,1,1,1,1,1,0,-1,-1,-1,-1,-1,-1,0,1,1,1,1,1,1,0,0,0,0,0,0,0,0,1,3.9
1,2,2,2,2,2,2,0,-0.71899,-0.71899,-0.71899,-0.71899,-0.71899,-0.71899,0,1,1,1,1,1,1,0,-1,-1,-1,-1,-1,-1,0,1,1,1,1,1,1,0,0,0,0,0,0,0,0,1,3.91
1,2,2,2,2,2,2,0,-0.712,-0.712,-0.712,-0.712,-0.712,-0.712,0,1,1,1,1,1,1,0,-1,-1,-1,-1,-1,-1,0,1,1,1,1,1,1,0,0,0,0,0,0,0,0,1,3.92
1,2,2,2,2,2,2,0,-0.70495,-0.70495,-0.70495,-0.70495,-0.70495,-0.70495,0,1,1,1,1,1,1,0,-1,-1,-1,-1,-1,-1,0,1,1,1,1,1,1,0,0,0,0,0,0,0,0,1,3.93
1,2,2,2,2,2,2,0,-0.69782,-0.69782,-0.69782,-0.69782,-0.69782,-0.69782,0,1,1,1,1,1,1,0,-1,-1,-1,-1,-1,-1,0,1,1,1,1,1,1,0,0,0,0,0,0,0,0,1,3.94
1,2,2,2,2,2,2,0,-0.69062,-0.69062,-0.69062,-0.69062,-0.69062,-0.69062,0,1,1,1,1,1,1,0,-1,-1,-1,-1,-1,-1,0,1,1,1,1,1,1,0,0,0,0,0,0,0,0,1,3.95
1,2,2,2,2,2,2,0,-0.68336,-0.68336,-0.68336,-0.68336,-0.68336,-0.68336,0,1,1,1,1,1,1,0,-1,-1,-1,-1,-1,-1,0,1,1,1,1,1,1,0,0,0,0,0,0,0,0,1,3.96
1,2,2,2,2,2,2,0,-0.67602,-0.67602,-0.67602,-0.67602,-0.67602,-0.67602,0,1,1,1,1,1,1,0,-1,-1,-1,-1,-1,-1,0,1,1,1,1,1,1,0,0,0,0,0,0,0,0,1,3.97
1,2,2,2,2,2,2,0,-0.66862,-0.66862,-0.66862,-0.66862,-0.66862,-0.66862,0,1,1,1,1,1,1,0,-1,-1,-1,-1,-1,-1,0,1,1,1,1,1,1,0,0,0,0,0,0,0,0,1,3.98
1,2,2,2,2,2,2,0,-0.66115,-0.66115,-0.66115,-0.66115,-0.66115,-0.66115,0,1,1,1,1,1,1,0,-1,-1,-1,-1,-1,-1,0,1,1,1,1,1,1,0,0,0,0,0,0,0,0,1,3.99
1,2,2,2,2,2,2,0,-0.65362,-0.65362,-0.65362,-0.65362,-0.65362,-0.65362,0,1,1,1,1,1,1,0,-1,-1,-1,-1,-1,-1,0,1,1,1,1,1,1,0,0,0,0,0,0,0,0,1,4
1,2,2,2,2,2,2,0,-0.64602,-0.64602,-0.64602,-0.64602,-0.64602,-0.64602,0,1,1,1,1,1,1,0,-1,-1,-1,-1,-1,-1,0,1,1,1,1,1,1,0,0,0,0,0,0,0,0,1,4.01
1,2,2,2,2,2,2,0,-0.63835,-0.63835,-0.63835,-0.63835,-0.63835,-0.63835,0,1,1,1,1,1,1,0,-1,-1,-1,-1,-1,-1,0,1,1,1,1,1,1,0,0,0,0,0,0,0,0,1,4.02
1,2,2,2,2,2,2,0,-0.63062,-0.63062,-0.63062,-0.63062,-0.63062,-0.63062,0,1,1,1,1,1,1,0,-1,-1,-1,-1,-1,-1,0,1,1,1,1,1,1,0,0,0,0,0,0,0,0,1,4.03
1,2,2,2,2,2,2,0,-0.62283,-0.62283,-0.62283,-0.62283,-0.62283,-0.62283,0,1,1,1,1,1,1,0,-1,-1,-1,-1,-1,-1,0,1,1,1,1,1,1,0,0,0,0,0,0,0,0,1,4.04
1,2,2,2,2,2,2,0,-0.61498,-0.61498,-0.61498,-0.61498,-0.61498,-0.61498,0,1,1,1,1,1,1,0,-1,-1,-1,-1,-1,-1,0,1,1,1,1,1,1,0,0,0,0,0,0,0,0,1,4.05
1,2,2,2,2,2,2,0,-0.60706,-0.60706,-0.60706,-0.60706,-0.60706,-0.60706,0,1,1,1,1,1,1,0,-1,-1,-1,-1,-1,-1,0,1,1,1,1,1,1,0,0,0,0,0,0,0,0,1,4.06
1,2,2,2,2,2,2,0,-0.59908,-0.59908,-0.59908,-0.59908,-0.59908,-0.59908,0,1,1,1,1,1,1,0,-1,-1,-1,-1,-1,-1,0,1,1,1,1,1,1,0,0,0,0,0,0,0,0,1,4.07
1,2,2,2,2,2,2,0,-0.59105,-0.59105,-0.59105,-0.59105,-0.59105,-0.59105,0,1,1,1,1,1,1,0,-1,-1,-1,-1,-1,-1,0,1,1,1,1,1,1,0,0,0,0,0,0,0,0,1,4.08
1,2,2,2,2,2,2,0,-0.58295,-0.58295,-0.58295,-0.58295,-0.58295,-0.58295,0,1,1,1,1,1,1,0,-1,-1,-1,-1,-1,-1,0,1,1,1,1,1,1,0,0,0,0,0,0,0,0,1,4.09
1,2,2,2,2,2,2,0,-0.5748,-0.5748,-0.5748,-0.5748,-0.5748,-0.5748,0,1,1,1,1,1,1,0,-1,-1,-1,-1,-1,-1,0,1,1,1,1,1,1,0,0,0,0,0,0,0,0,1,4.1
1,2,2,2,2,2,2,0,-0.56659,-0.56659,-0.56659,-0.56659,-0.56659,-0.56659,0,1,1,1,1,1,1,0,-1,-1,-1,-1,-1,-1,0,1,1,1,1,1,1,0,0,0,0,0,0,0,0,1,4.11
1,2,2,2,2,2,2,0,-0.55832,-0.55832,-0.55832,-0.55832,-0.55832,-0.55832,0,1,1,1,1,1,1,0,-1,-1,-1,-1,-1,-1,0,1,1,1,1,1,1,0,0,0,0,0,0,0,0,1,4.12
1,2,2,2,2,2,2,0,-0.55,-0.55,-0.55,-0.55,-0.55,-0.55,0,1,1,1,1,1,1,0,-1,-1,-1,-1,-1,-1,0,1,1,1,1,1,1,0,0,0,0,0,0,0,0,1,4.13
1,2,2,2,2,2,2,0,-0.54162,-0.54162,-0.54162,-0.54162,-0.54162,-0.54162,0,1,1,1,1,1,1,0,-1,-1,-1,-1,-1,-1,0,1,1,1,1,1,1,0,0,0,0,0,0,0,0,1,4.14
1,2,2,2,2,2,2,0,-0.53319,-0.53319,-0.53319,-0.53319,-0.53319,-0.53319,0,1,1,1,1,1,1,0,-1,-1,-1,-1,-1,-1,0,1,1,1,1,1,1,0,0,0,0,0,0,0,0,1,4.15
1,2,2,2,2,2,2,0,-0.5247,-0.5247,-0.5247,-0.5247,-0.5247,-0.5247,0,1,1,1,1,1,1,0,-1,-1,-1,-1,-1,-1,0,1,1,1,1,1,1,0,0,0,0,0,0,0,0,1,4.16
1,2,2,2,2,2,2,0,-0.51616,-0.51616,-0.51616,-0.51616,-0.51616,-0.51616,0,1,1,1,1,1,1,0,-1,-1,-1,-1,-1,-1,0,1,1,1,1,1,1,0,0,0,0,0,0,0,0,1,4.17
1,2,2,2,2,2,2,0,-0.50757,-0.50757,-0.50757,-0.50757,-0.50757,-0.50757,0,1,1,1,1,1,1,0,-1,-1,-1,-1,-1,-1,0,1,1,1,1,1,1,0,0,0,0,0,0,0,0,1,4.18
1,2,2,2,2,2,2,0,-0.49893,-0.49893,-0.49893,-0.49893,-0.49893,-0.49893,0,1,1,1,1,1,1,0,-1,-1,-1,-1,-1,-1,0,1,1,1,1,1,1,0,0,0,0,0,0,0,0,1,4.19
1,2,2,2,2,2,2,0,-0.49024,-0.49024,-0.49024,-0.49024,-0.49024,-0.49024,0,1,1,1,1,1,1,0,-1,-1,-1,-1,-1,-1,0,1,1,1,1,1,1,0,0,0,0,0,0,0,0,1,4.2
1,2,2,2,2,2,2,0,-0.4815,-0.4815,-0.4815,-0.4815,-0.4815,-0.4815,0,1,1,1,1,1,1,0,-1,-1,-1,-1,-1,-1,0,1,1,1,1,1,1,0,0,0,0,0,0,0,0,1,4.21
1,2,2,2,2,2,2,0,-0.47271,-0.47271,-0.47271,-0.47271,-0.47271,-0.47271,0,1,1,1,1,1,1,0,-1,-1,-1,-1,-1,-1,0,1,1,1,1,1,1,0,0,0,0,0,0,0,0,1,4.22
1,2,2,2,2,2,2,0,-0.46388,-0.46388,-0.46388,-0.46388,-0.46388,-0.46388,0,1,1,1,1,1,1,0,-1,-1,-1,-1,-1,-1,0,1,1,1,1,1,1,0,0,0,0,0,0,0,0,1,4.23
1,2,2,2,2,2,2,0,-0.455,-0.455,-0.455,-0.455,-0.455,-0.455,0,1,1,1,1,1,1,0,-1,-1,-1,-1,-1,-1,0,1,1,1,1,1,1,0,0,0,0,0,0,0,0,1,4.24
1,2,2,2,2,2,2,0,-0.44607,-0.44607,-0.44607,-0.44607,-0.44607,-0.44607,0,1,1,1,1,1,1,0,-1,-1,-1,-1,-1,-1,0,1,1,1,1,1,1,0,0,0,0,0,0,0,0,1,4.25
1,2,2,2,2,2,2,0,-0.4371,-0.4371,-0.4371,-0.4371,-0.4371,-0.4371,0,1,1,1,1,1,1,0,-1,-1,-1,-1,-1,-1,0,1,1,1,1,1,1,0,0,0,0,0,0,0,0,1,4.26
1,2,2,2,2,2,2,0,-0.42808,-0.42808,-0.42808,-0.42808,-0.42808,-0.42808,0,1,1,1,1,1,1,0,-1,-1,-1,-1,-1,-1,0,1,1,1,1,1,1,0,0,0,0,0,0,0,0,1,4.27
1,2,2,2,2,2,2,0,-0.41902,-0.41902,-0.41902,-0.41902,-0.41902,-0.41902,0,1,1,1,1,1,1,0,-1,-1,-1,-1,-1,-1,0,1,1,1,1,1,1,0,0,0,0,0,0,0,0,1,4.28
1,2,2,2,2,2,2,0,-0.40992,-0.40992,-0.40992,-0.40992,-0.40992,-0.40992,0,1,1,1,1,1,1,0,-1,-1,-1,-1,-1,-1,0,1,1,1,1,1,1,0,0,0,0,0,0,0,0,1,4.29
1,2,2,2,2,2,2,0,-0.40078,-0.40078,-0.40078,-0.40078,-0.40078,-0.40078,0,1,1,1,1,1,1,0,-1,-1,-1,-1,-1,-1,0,1,1,1,1,1,1,0,0,0,0,0,0,0,0,1,4.3
1,2,2,2,2,2,2,0,-0.3916,-0.3916,-0.3916,-0.3916,-0.3916,-0.3916,0,1,1,1,1,1,1,0,-1,-1,-1,-1,-1,-1,0,1,1,1,1,1,1,0,0,0,0,0,0,0,0,1,4.31
1,2,2,2,2,2,2,0,-0.38238,-0.38238,-0.38238,-0.38238,-0.38238,-0.38238,0,1,1,1,1,1,1,0,-1,-1,-1,-1,-1,-1,0,1,1,1,1,1,1,0,0,0,0,0,0,0,0,1,4.32
1,2,2,2,2,2,2,0,-0.37312,-0.37312,-0.37312,-0.37312,-0.37312,-0.37312,0,1,1,1,1,1,1,0,-1,-1,-1,-1,-1,-1,0,1,1,1,1,1,1,0,0,0,0,0,0,0,0,1,4.33
1,2,2,2,2,2,2,0,-0.36383,-0.36383,-0.36383,-0.36383,-0.36383,-0.36383,0,1,1,1,1,1,1,0,-1,-1,-1,-1,-1,-1,0,1,1,1,1,1,1,0,0,0,0,0,0,0,0,1,4.34
1,2,2,2,2,2,2,0,-0.35449,-0.35449,-0.35449,-0.35449,-0.35449,-0.35449,0,1,1,1,1,1,1,0,-1,-1,-1,-1,-1,-1,0,1,1,1,1,1,1,0,0,0,0,0,0,0,0,1,4.35
1,2,2,2,2,2,2,0,-0.34513,-0.34513,-0.34513,-0.34513,-0.34513,-0.34513,0,1,1,1,1,1,1,0,-1,-1,-1,-1,-1,-1,0,1,1,1,1,1,1,0,0,0,0,0,0,0,0,1,4.36
1,2,2,2,2,2,2,0,-0.33572,-0.33572,-0.33572,-0.33572,-0.33572,-0.33572,0,1,1,1,1,1,1,0,-1,-1,-1,-1,-1,-1,0,1,1,1,1,1,1,0,0,0,0,0,0,0,0,1,4.37
1,2,2,2,2,2,2,0,-0.32629,-0.32629,-0.32629,-0.32629,-0.32629,-0.32629,0,1,1,1,1,1,1,0,-1,-1,-1,-1,-1,-1,0,1,1,1,1,1,1,0,0,0,0,0,0,0,0,1,4.38
1,2,2,2,2,2,2,0,-0.31682,-0.31682,-0.31682,-0.31682,-0.31682,-0.31682,0,1,1,1,1,1,1,0,-1,-1,-1,-1,-1,-1,0,1,1,1,1,1,1,0,0,0,0,0,0,0,0,1,4.39
1,2,2,2,2,2,2,0,-0.30732,-0.30732,-0.30732,-0.30732,-0.30732,-0.30732,0,1,1,1,1,1,1,0,-1,-1,-1,-1,-1,-1,0,1,1,1,1,1,1,0,0,0,0,0,0,0,0,1,4.4
1,2,2,2,2,2,2,0,-0.29779,-0.29779,-0.29779,-0.29779,-0.29779,-0.29779,0,1,1,1,1,1,1,0,-1,-1,-1,-1,-1,-1,0,1,1,1,1,1,1,0,0,0,0,0,0,0,0,1,4.41
1,2,2,2,2,2,2,0,-0.28823,-0.28823,-0.28823,-0.28823,-0.28823,-0.28823,0,1,1,1,1,1,1,0,-1,-1,-1,-1,-1,-1,0,1,1,1,1,1,1,0,0,0,0,0,0,0,0,1,4.42
1,2,2,2,2,2,2,0,-0.27864,-0.27864,-0.27864,-0.27864,-0.27864,-0.27864,0,1,1,1,1,1,1,0,-1,-1,-1,-1,-1,-1,0,1,1,1,1,1,1,0,0,0,0,0,0,0,0,1,4.43
1,2,2,2,2,2,2,0,-0.26902,-0.26902,-0.26902,-0.26902,-0.26902,-0.26902,0,1,1,1,1,1,1,0,-1,-1,-1,-1,-1,-1,0,1,1,1,1,1,1,0,0,0,0,0,0,0,0,1,4.44
1,2,2,2,2,2,2,0,-0.25938,-0.25938,-0.25938,-0.25938,-0.25938,-0.25938,0,1,1,1,1,1,1,0,-1,-1,-1,-1,-1,-1,0,1,1,1,1,1,1,0,0,0,0,0,0,0,0,1,4.45
1,2,2,2,2,2,2,0,-0.24971,-0.24971,-0.24971,-0.24971,-0.24971,-0.24971,0,1,1,1,1,1,1,0,-1,-1,-1,-1,-1,-1,0,1,1,1,1,1,1,0,0,0,0,0,0,0,0,1,4.46
1,2,2,2,2,2,2,0,-0.24001,-0.24001,-0.24001,-0.24001,-0.24001,-0.24001,0,1,1,1,1,1,1,0,-1,-1,-1,-1,-1,-1,0,1,1,1,1,1,1,0,0,0,0,0,0,0,0,1,4.47
1,2,2,2,2,2,2,0,-0.23029,-0.23029,-0.23029,-0.23029,-0.23029,-0.23029,0,1,1,1,1,1,1,0,-1,-1,-1,-1,-1,-1,0,1,1,1,1,1,1,0,0,0,0,0,0,0,0,1,4.48
1,2,2,2,2,2,2,0,-0.22055,-0.22055,-0.22055,-0.22055,-0.22055,-0.22055,0,1,1,1,1,1,1,0,-1,-1,-1,-1,-1,-1,0,1,1,1,1,1,1,0,0,0,0,0,0,0,0,1,4.49
1,2,2,2,2,2,2,0,-0.21079,-0.21079,-0.21079,-0.21079,-0.21079,-0.21079,0,1,1,1,1,1,1,0,-1,-1,-1,-1,-1,-1,0,1,1,1,1,1,1,0,0,0,0,0,0,0,0,1,4.5
1,2,2,2,2,2,2,0,-0.201,-0.201,-0.201,-0.201,-0.201,-0.201,0,1,1,1,1,1,1,0,-1,-1,-1,-1,-1,-1,0,1,1,1,1,1,1,0,0,0,0,0,0,0,0,1,4.51
1,2,2,2,2,2,2,0,-0.1912,-0.1912,-0.1912,-0.1912,-0.1912,-0.1912,0,1,1,1,1,1,1,0,-1,-1,-1,-1,-1,-1,0,1,1,1,1,1,1,0,0,0,0,0,0,0,0,1,4.52
1,2,2,2,2,2,2,0,-0.18137,-0.18137,-0.18137,-0.18137,-0.18137,-0.18137,0,1,1,1,1,1,1,0,-1,-1,-1,-1,-1,-1,0,1,1,1,1,1,1,0,0,0,0,0,0,0,0,1,4.53
1,2,2,2,2,2,2,0,-0.17153,-0.17153,-0.17153,-0.17153,-0.17153,-0.17153,0,1,1,1,1,1,1,0,-1,-1,-1,-1,-1,-1,0,1,1,1,1,1,1,0,0,0,0,0,0,0,0,1,4.54
1,2,2,2,2,2,2,0,-0.16167,-0.16167,-0.16167,-0.16167,-0.16167,-0.16167,0,1,1,1,1,1,1,0,-1,-1,-1,-1,-1,-1,0,1,1,1,1,1,1,0,0,0,0,0,0,0,0,1,4.55
1,2,2,2,2,2,2,0,-0.15179,-0.15179,-0.15179,-0.15179,-0.15179,-0.15179,0,1,1,1,1,1,1,0,-1,-1,-1,-1,-1,-1,0,1,1,1,1,1,1,0,0,0,0,0,0,0,0,1,4.56
1,2,2,2,2,2,2,0,-0.1419,-0.1419,-0.1419,-0.1419,-0.1419,-0.1419,0,1,1,1,1,1,1,0,-1,-1,-1,-1,-1,-1,0,1,1,1,1,1,1,0,0,0,0,0,0,0,0,1,4.57
1,2,2,2,2,2,2,0,-0.132,-0.132,-0.132,-0.132,-0.132,-0.132,0,1,1,1,1,1,1,0,-1,-1,-1,-1,-1,-1,0,1,1,1,1,1,1,0,0,0,0,0,0,0,0,1,4.58
1,2,2,2,2,2,2,0,-0.12208,-0.12208,-0.12208,-0.12208,-0.12208,-0.12208,0,1,1,1,1,1,1,0,-1,-1,-1,-1,-1,-1,0,1,1,1,1,1,1,0,0,0,0,0,0,0,0,1,4.59
1,2,2,2,2,2,2,0,-0.11215,-0.11215,-0.11215,-0.11215,-0.11215,-0.11215,0,1,1,1,1,1,1,0,-1,-1,-1,-1,-1,-1,0,1,1,1,1,1,1,0,0,0,0,0,0,0,0,1,4.6
1,2,2,2,2,2,2,0,-0.10221,-0.10221,-0.10221,-0.10221,-0.10221,-0.10221,0,1,1,1,1,1,1,0,-1,-1,-1,-1,-1,-1,0,1,1,1,1,1,1,0,0,0,0,0,0,0,0,1,4.61
1,2,2,2,2,2,2,0,-0.092254,-0.092254,-0.092254,-0.092254,-0.092254,-0.092254,0,1,1,1,1,1,1,0,-1,-1,-1,-1,-1,-1,0,1,1,1,1,1,1,0,0,0,0,0,0,0,0,1,4.62
1,2,2,2,2,2,2,0,-0.082292,-0.082292,-0.082292,-0.082292,-0.082292,-0.082292,0,1,1,1,1,1,1,0,-1,-1,-1,-1,-1,-1,0,1,1,1,1,1,1,0,0,0,0,0,0,0,0,1,4.63
1,2,2,2,2,2,2,0,-0.072323,-0.072323,-0.072323,-0.072323,-0.072323,-0.072323,0,1,1,1,1,1,1,0,-1,-1,-1,-1,-1,-1,0,1,1,1,1,1,1,0,0,0,0,0,0,0,0,1,4.64
1,2,2,2,2,2,2,0,-0.062346,-0.062346,-0.062346,-0.062346,-0.062346,-0.062346,0,1,1,1,1,1,1,0,-1,-1,-1,-1,-1,-1,0,1,1,1,1,1,1,0,0,0,0,0,0,0,0,1,4.65
1,2,2,2,2,2,2,0,-0.052363,-0.052363,-0.052363,-0.052363,-0.052363,-0.052363,0,1,1,1,1,1,1,0,-1,-1,-1,-1,-1,-1,0,1,1,1,1,1,1,0,0,0,0,0,0,0,0,1,4.66
1,2,2,2,2,2,2,0,-0.042375,-0.042375,-0.042375,-0.042375,-0.042375,-0.042375,0,1,1,1,1,1,1,0,-1,-1,-1,-1,-1,-1,0,1,1,1,1,1,1,0,0,0,0,0,0,0,0,1,4.67
1,2,2,2,2,2,2,0,-0.032382,-0.032382,-0.032382,-0.032382,-0.032382,-0.032382,0,1,1,1,1,1,1,0,-1,-1,-1,-1,-1,-1,0,1,1,1,1,1,1,0,0,0,0,0,0,0,0,1,4.68
1,2,2,2,2,2,2,0,-0.022386,-0.022386,-0.022386,-0.022386,-0.022386,-0.022386,0,1,1,1,1,1,1,0,-1,-1,-1,-1,-1,-1,0,1,1,1,1,1,1,0,0,0,0,0,0,0,0,1,4.69
1,2,2,2,2,2,2,0,-0.012388,-0.012388,-0.012388,-0.012388,-0.012388,-0.012388,0,1,1,1,1,1,1,0,-1,-1,-1,-1,-1,-1,0,1,1,1,1,1,1,0,0,0,0,0,0,0,0,1,4.7
1,2,2,2,2,2,2,0,-0.0023889,-0.0023889,-0.0023889,-0.0023889,-0.0023889,-0.0023889,0,1,1,1,1,1,1,0,-1,-1,-1,-1,-1,-1,0,1,1,1,1,1,1,0,0,0,0,0,0,0,0,1,4.71
1,2,2,2,2,2,2,0,0.0076106,0.0076106,0.0076106,0.0076106,0.0076106,0.0076106,0,1,1,1,1,1,1,0,-1,-1,-1,-1,-1,-1,0,1,1,1,1,1,1,0,0,0,0,0,0,0,0,1,4.72
1,2,2,2,2,2,2,0,0.017609,0.017609,0.017609,0.017609,0.017609,0.017609,0,1,1,1,1,1,1,0,-1,-1,-1,-1,-1,-1,0,1,1,1,1,1,1,0,0,0,0,0,0,0,0,1,4.73
1,2,2,2,2,2,2,0,0.027606,0.027606,0.027606,0.027606,0.027606,0.027606,0,1,1,1,1,1,1,0,-1,-1,-1,-1,-1,-1,0,1,1,1,1,1,1,0,0,0,0,0,0,0,0,1,4.74
1,2,2,2,2,2,2,0,0.037601,0.037601,0.037601,0.037601,0.037601,0.037601,0,1,1,1,1,1,1,0,-1,-1,-1,-1,-1,-1,0,1,1,1,1,1,1,0,0,0,0,0,0,0,0,1,4.75
1,2,2,2,2,2,2,0,0.047591,0.047591,0.047591,0.047591,0.047591,0.047591,0,1,1,1,1,1,1,0,-1,-1,-1,-1,-1,-1,0,1,1,1,1,1,1,0,0,0,0,0,0,0,0,1,4.76
1,2,2,2,2,2,2,0,0.057577,0.057577,0.057577,0.057577,0.057577,0.057577,0,1,1,1,1,1,1,0,-1,-1,-1,-1,-1,-1,0,1,1,1,1,1,1,0,0,0,0,0,0,0,0,1,4.77
1,2,2,2,2,2,2,0,0.067557,0.067557,0.067557,0.067557,0.067557,0.067557,0,1,1,1,1,1,1,0,-1,-1,-1,-1,-1,-1,0,1,1,1,1,1,1,0,0,0,0,0,0,0,0,1,4.78
1,2,2,2,2,2,2,0,0.07753,0.07753,0.07753,0.07753,0.07753,0.07753,0,1,1,1,1,1,1,0,-1,-1,-1,-1,-1,-1,0,1,1,1,1,1,1,0,0,0,0,0,0,0,0,1,4.79
1,2,2,2,2,2,2,0,0.087495,0.087495,0.087495,0.087495,0.087495,0.087495,0,1,1,1,1,1,1,0,-1,-1,-1,-1,-1,-1,0,1,1,1,1,1,1,0,0,0,0,0,0,0,0,1,4.8
1,2,2,2,2,2,2,0,0.097452,0.097452,0.097452,0.097452,0.097452,0.097452,0,1,1,1,1,1,1,0,-1,-1,-1,-1,-1,-1,0,1,1,1,1,1,1,0,0,0,0,0,0,0,0,1,4.81
1,2,2,2,2,2,2,0,0.1074,0.1074,0.1074,0.1074,0.1074,0.1074,0,1,1,1,1,1,1,0,-1,-1,-1,-1,-1,-1,0,1,1,1,1,1,1,0,0,0,0,0,0,0,0,1,4.82
1,2,2,2,2,2,2,0,0.11734,0.11734,0.11734,0.11734,0.11734,0.11734,0,1,1,1,1,1,1,0,-1,-1,-1,-1,-1,-1,0,1,1,1,1,1,1,0,0,0,0,0,0,0,0,1,4.83
1,2,2,2,2,2,2,0,0.12726,0.12726,0.12726,0.12726,0.12726,0.12726,0,1,1,1,1,1,1,0,-1,-1,-1,-1,-1,-1,0,1,1,1,1,1,1,0,0,0,0,0,0,0,0,1,4.84
1,2,2,2,2,2,2,0,0.13717,0.13717,0.13717,0.13717,0.13717,0.13717,0,1,1,1,1,1,1,0,-1,-1,-1,-1,-1,-1,0,1,1,1,1,1,1,0,0,0,0,0,0,0,0,1,4.85
1,2,2,2,2,2,2,0,0.14707,0.14707,0.14707,0.14707,0.14707,0.14707,0,1,1,1,1,1,1,0,-1,-1,-1,-1,-1,-1,0,1,1,1,1,1,1,0,0,0,0,0,0,0,0,1,4.86
1,2,2,2,2,2,2,0,0.15695,0.15695,0.15695,0.15695,0.15695,0.15695,0,1,1,1,1,1,1,0,-1,-1,-1,-1,-1,-1,0,1,1,1,1,1,1,0,0,0,0,0,0,0,0,1,4.87
1,2,2,2,2,2,2,0,0.16682,0.16682,0.16682,0.16682,0.16682,0.16682,0,1,1,1,1,1,1,0,-1,-1,-1,-1,-1,-1,0,1,1,1,1,1,1,0,0,0,0,0,0,0,0,1,4.88
1,2,2,2,2,2,2,0,0.17667,0.17667,0.17667,0.17667,0.17667,0.17667,0,1,1,1,1,1,1,0,-1,-1,-1,-1,-1,-1,0,1,1,1,1,1,1,0,0,0,0,0,0,0,0,1,4.89
1,2,2,2,2,2,2,0,0.1865,0.1865,0.1865,0.1865,0.1865,0.1865,0,1,1,1,1,1,1,0,-1,-1,-1,-1,-1,-1,0,1,1,1,1,1,1,0,0,0,0,0,0,0,0,1,4.9
1,2,2,2,2,2,2,0,0.19632,0.19632,0.19632,0.19632,0.19632,0.19632,0,1,1,1,1,1,1,0,-1,-1,-1,-1,-1,-1,0,1,1,1,1,1,1,0,0,0,0,0,0,0,0,1,4.91
1,2,2,2,2,2,2,0,0.20611,0.20611,0.20611,0.20611,0.20611,0.20611,0,1,1,1,1,1,1,0,-1,-1,-1,-1,-1,-1,0,1,1,1,1,1,1,0,0,0,0,0,0,0,0,1,4.92
1,2,2,2,2,2,2,0,0.21589,0.21589,0.21589,0.21589,0.21589,0.21589,0,1,1,1,1,1,1,0,-1,-1,-1,-1,-1,-1,0,1,1,1,1,1,1,0,0,0,0,0,0,0,0,1,4.93
1,2,2,2,2,2,2,0,0.22564,0.22564,0.22564,0.22564,0.22564,0.22564,0,1,1,1,1,1,1,0,-1,-1,-1,-1,-1,-1,0,1,1,1,1,1,1,0,0,0,0,0,0,0,0,1,4.94
1,2,2,2,2,2,2,0,0.23537,0.23537,0.23537,0.23537,0.23537,0.23537,0,1,1,1,1,1,1,0,-1,-1,-1,-1,-1,-1,0,1,1,1,1,1,1,0,0,0,0,0,0,0,0,1,4.95
1,2,2,2,2,2,2,0,0.24508,0.24508,0.24508,0.24508,0.24508,0.24508,0,1,1,1,1,1,1,0,-1,-1,-1,-1,-1,-1,0,1,1,1,1,1,1,0,0,0,0,0,0,0,0,1,4.96
1,2,2,2,2,2,2,0,0.25476,0.25476,0.25476,0.25476,0.25476,0.25476,0,1,1,1,1,1,1,0,-1,-1,-1,-1,-1,-1,0,1,1,1,1,1,1,0,0,0,0,0,0,0,0,1,4.97
1,2,2,2,2,2,2,0,0.26442,0.26442,0.26442,0.26442,0.26442,0.26442,0,1,1,1,1,1,1,0,-1,-1,-1,-1,-1,-1,0,1,1,1,1,1,1,0,0,0,0,0,0,0,0,1,4.98
1,2,2,2,2,2,2,0,0.27405,0.27405,0.27405,0.27405,0.27405,0.27405,0,1,1,1,1,1,1,0,-1,-1,-1,-1,-1,-1,0,1,1,1,1,1,1,0,0,0,0,0,0,0,0,1,4.99
1,2,2,2,2,2,2,0,0.28365,0.28365,0.28365,0.28365,0.28365,0.28365,0,1,1,1,1,1,1,0,-1,-1,-1,-1,-1,-1,0,1,1,1,1,1,1,0,0,0,0,0,0,0,0,1,5
1,2,2,2,2,2,2,0,0.29322,0.29322,0.29322,0.29322,0.29322,0.29322,0,1,1,1,1,1,1,0,-1,-1,-1,-1,-1,-1,0,1,1,1,1,1,1,0,0,0,0,0,0,0,0,1,5.01
1,2,2,2,2,2,2,0,0.30277,0.30277,0.30277,0.30277,0.30277,0.30277,0,1,1,1,1,1,1,0,-1,-1,-1,-1,-1,-1,0,1,1,1,1,1,1,0,0,0,0,0,0,0,0,1,5.02
1,2,2,2,2,2,2,0,0.31228,0.31228,0.31228,0.31228,0.31228,0.31228,0,1,1,1,1,1,1,0,-1,-1,-1,-1,-1,-1,0,1,1,1,1,1,1,0,0,0,0,0,0,0,0,1,5.03
1,2,2,2,2,2,2,0,0.32177,0.32177,0.32177,0.32177,0.32177,0.32177,0,1,1,1,1,1,1,0,-1,-1,-1,-1,-1,-1,0,1,1,1,1,1,1,0,0,0,0,0,0,0,0,1,5.04
1,2,2,2,2,2,2,0,0.33122,0.33122,0.33122,0.33122,0.33122,0.33122,0,1,1,1,1,1,1,0,-1,-1,-1,-1,-1,-1,0,1,1,1,1,1,1,0,0,0,0,0,0,0,0,1,5.05
1,2,2,2,2,2,2,0,0.34064,0.34064,0.34064,0.34064,0.34064,0.34064,0,1,1,1,1,1,1,0,-1,-1,-1,-1,-1,-1,0,1,1,1,1,1,1,0,0,0,0,0,0,0,0,1,5.06
1,2,2,2,2,2,2,0,0.35002,0.35002,0.35002,0.35002,0.35002,0.35002,0,1,1,1,1,1,1,0,-1,-1,-1,-1,-1,-1,0,1,1,1,1,1,1,0,0,0,0,0,0,0,0,1,5.07
1,2,2,2,2,2,2,0,0.35937,0.35937,0.35937,0.35937,0.35937,0.35937,0,1,1,1,1,1,1,0,-1,-1,-1,-1,-1,-1,0,1,1,1,1,1,1,0,0,0,0,0,0,0,0,1,5.08
1,2,2,2,2,2,2,0,0.36869,0.36869,0.36869,0.36869,0.36869,0.36869,0,1,1,1,1,1,1,0,-1,-1,-1,-1,-1,-1,0,1,1,1,1,1,1,0,0,0,0,0,0,0,0,1,5.09
1,2,2,2,2,2,2,0,0.37796,0.37796,0.37796,0.37796,0.37796,0.37796,0,1,1,1,1,1,1,0,-1,-1,-1,-1,-1,-1,0,1,1,1,1,1,1,0,0,0,0,0,0,0,0,1,5.1
1,2,2,2,2,2,2,0,0.3872,0.3872,0.3872,0.3872,0.3872,0.3872,0,1,1,1,1,1,1,0,-1,-1,-1,-1,-1,-1,0,1,1,1,1,1,1,0,0,0,0,0,0,0,0,1,5.11
1,2,2,2,2,2,2,0,0.3964,0.3964,0.3964,0.3964,0.3964,0.3964,0,1,1,1,1,1,1,0,-1,-1,-1,-1,-1,-1,0,1,1,1,1,1,1,0,0,0,0,0,0,0,0,1,5.12
1,2,2,2,2,2,2,0,0.40556,0.40556,0.40556,0.40556,0.40556,0.40556,0,1,1,1,1,1,1,0,-1,-1,-1,-1,-1,-1,0,1,1,1,1,1,1,0,0,0,0,0,0,0,0,1,5.13
1,2,2,2,2,2,2,0,0.41468,0.41468,0.41468,0.41468,0.41468,0.41468,0,1,1,1,1,1,1,0,-1,-1,-1,-1,-1,-1,0,1,1,1,1,1,1,0,0,0,0,0,0,0,0,1,5.14
1,2,2,2,2,2,2,0,0.42376,0.42376,0.42376,0.42376,0.42376,0.42376,0,1,1,1,1,1,1,0,-1,-1,-1,-1,-1,-1,0,1,1,1,1,1,1,0,0,0,0,0,0,0,0,1,5.15
1,2,2,2,2,2,2,0,0.4328,0.4328,0.4328,0.4328,0.4328,0.4328,0,1,1,1,1,1,1,0,-1,-1,-1,-1,-1,-1,0,1,1,1,1,1,1,0,0,0,0,0,0,0,0,1,5.16
1,2,2,2,2,2,2,0,0.44179,0.44179,0.44179,0.44179,0.44179,0.44179,0,1,1,1,1,1,1,0,-1,-1,-1,-1,-1,-1,0,1,1,1,1,1,1,0,0,0,0,0,0,0,0,1,5.17
1,2,2,2,2,2,2,0,0.45074,0.45074,0.45074,0.45074,0.45074,0.45074,0,1,1,1,1,1,1,0,-1,-1,-1,-1,-1,-1,0,1,1,1,1,1,1,0,0,0,0,0,0,0,0,1,5.18
1,2,2,2,2,2,2,0,0.45964,0.45964,0.45964,0.45964,0.45964,0.45964,0,1,1,1,1,1,1,0,-1,-1,-1,-1,-1,-1,0,1,1,1,1,1,1,0,0,0,0,0,0,0,0,1,5.19
1,2,2,2,2,2,2,0,0.4685,0.4685,0.4685,0.4685,0.4685,0.4685,0,1,1,1,1,1,1,0,-1,-1,-1,-1,-1,-1,0,1,1,1,1,1,1,0,0,0,0,0,0,0,0,1,5.2
1,2,2,2,2,2,2,0,0.47731,0.47731,0.47731,0.47731,0.47731,0.47731,0,1,1,1,1,1,1,0,-1,-1,-1,-1,-1,-1,0,1,1,1,1,1,1,0,0,0,0,0,0,0,0,1,5.21
1,2,2,2,2,2,2,0,0.48607,0.48607,0.48607,0.48607,0.48607,0.48607,0,1,1,1,1,1,1,0,-1,-1,-1,-1,-1,-1,0,1,1,1,1,1,1,0,0,0,0,0,0,0,0,1,5.22
1,2,2,2,2,2,2,0,0.49478,0.49478,0.49478,0.49478,0.49478,0.49478,0,1,1,1,1,1,1,0,-1,-1,-1,-1,-1,-1,0,1,1,1,1,1,1,0,0,0,0,0,0,0,0,1,5.23
1,2,2,2,2,2,2,0,0.50345,0.50345,0.50345,0.50345,0.50345,0.50345,0,1,1,1,1,1,1,0,-1,-1,-1,-1,-1,-1,0,1,1,1,1,1,1,0,0,0,0,0,0,0,0,1,5.24
1,2,2,2,2,2,2,0,0.51206,0.51206,0.51206,0.51206,0.51206,0.51206,0,1,1,1,1,1,1,0,-1,-1,-1,-1,-1,-1,0,1,1,1,1,1,1,0,0,0,0,0,0,0,0,1,5.25
1,2,2,2,2,2,2,0,0.52063,0.52063,0.52063,0.52063,0.52063,0.52063,0,1,1,1,1,1,1,0,-1,-1,-1,-1,-1,-1,0,1,1,1,1,1,1,0,0,0,0,0,0,0,0,1,5.26
1,2,2,2,2,2,2,0,0.52914,0.52914,0.52914,0.52914,0.52914,0.52914,0,1,1,1,1,1,1,0,-1,-1,-1,-1,-1,-1,0,1,1,1,1,1,1,0,0,0,0,0,0,0,0,1,5.27
1,2,2,2,2,2,2,0,0.5376,0.5376,0.5376,0.5376,0.5376,0.5376,0,1,1,1,1,1,1,0,-1,-1,-1,-1,-1,-1,0,1,1,1,1,1,1,0,0,0,0,0,0,0,0,1,5.28
1,2,2,2,2,2,2,0,0.546,0.546,0.546,0.546,0.546,0.546,0,1,1,1,1,1,1,0,-1,-1,-1,-1,-1,-1,0,1,1,1,1,1,1,0,0,0,0,0,0,0,0,1,5.29
1,2,2,2,2,2,2,0,0.55435,0.55435,0.55435,0.55435,0.55435,0.55435,0,1,1,1,1,1,1,0,-1,-1,-1,-1,-1,-1,0,1,1,1,1,1,1,0,0,0,0,0,0,0,0,1,5.3
1,2,2,2,2,2,2,0,0.56265,0.56265,0.56265,0.56265,0.56265,0.56265,0,1,1,1,1,1,1,0,-1,-1,-1,-1,-1,-1,0,1,1,1,1,1,1,0,0,0,0,0,0,0,0,1,5.31
1,2,2,2,2,2,2,0,0.57088,0.57088,0.57088,0.57088,0.57088,0.57088,0,1,1,1,1,1,1,0,-1,-1,-1,-1,-1,-1,0,1,1,1,1,1,1,0,0,0,0,0,0,0,0,1,5.32
1,2,2,2,2,2,2,0,0.57907,0.57907,0.57907,0.57907,0.57907,0.57907,0,1,1,1,1,1,1,0,-1,-1,-1,-1,-1,-1,0,1,1,1,1,1,1,0,0,0,0,0,0,0,0,1,5.33
1,2,2,2,2,2,2,0,0.58719,0.58719,0.58719,0.58719,0.58719,0.58719,0,1,1,1,1,1,1,0,-1,-1,-1,-1,-1,-1,0,1,1,1,1,1,1,0,0,0,0,0,0,0,0,1,5.34
1,2,2,2,2,2,2,0,0.59525,0.59525,0.59525,0.59525,0.59525,0.59525,0,1,1,1,1,1,1,0,-1,-1,-1,-1,-1,-1,0,1,1,1,1,1,1,0,0,0,0,0,0,0,0,1,5.35
1,2,2,2,2,2,2,0,0.60326,0.60326,0.60326,0.60326,0.60326,0.60326,0,1,1,1,1,1,1,0,-1,-1,-1,-1,-1,-1,0,1,1,1,1,1,1,0,0,0,0,0,0,0,0,1,5.36
1,2,2,2,2,2,2,0,0.6112,0.6112,0.6112,0.6112,0.6112,0.6112,0,1,1,1,1,1,1,0,-1,-1,-1,-1,-1,-1,0,1,1,1,1,1,1,0,0,0,0,0,0,0,0,1,5.37
1,2,2,2,2,2,2,0,0.61909,0.61909,0.61909,0.61909,0.61909,0.61909,0,1,1,1,1,1,1,0,-1,-1,-1,-1,-1,-1,0,1,1,1,1,1,1,0,0,0,0,0,0,0,0,1,5.38
1,2,2,2,2,2,2,0,0.62691,0.62691,0.62691,0.62691,0.62691,0.62691,0,1,1,1,1,1,1,0,-1,-1,-1,-1,-1,-1,0,1,1,1,1,1,1,0,0,0,0,0,0,0,0,1,5.39
1,2,2,2,2,2,2,0,0.63467,0.63467,0.63467,0.63467,0.63467,0.63467,0,1,1,1,1,1,1,0,-1,-1,-1,-1,-1,-1,0,1,1,1,1,1,1,0,0,0,0,0,0,0,0,1,5.4
1,2,2,2,2,2,2,0,0.64236,0.64236,0.64236,0.64236,0.64236,0.64236,0,1,1,1,1,1,1,0,-1,-1,-1,-1,-1,-1,0,1,1,1,1,1,1,0,0,0,0,0,0,0,0,1,5.41
1,2,2,2,2,2,2,0,0.64999,0.64999,0.64999,0.64999,0.64999,0.64999,0,1,1,1,1,1,1,0,-1,-1,-1,-1,-1,-1,0,1,1,1,1,1,1,0,0,0,0,0,0,0,0,1,5.42
1,2,2,2,2,2,2,0,0.65756,0.65756,0.65756,0.65756,0.65756,0.65756,0,1,1,1,1,1,1,0,-1,-1,-1,-1,-1,-1,0,1,1,1,1,1,1,0,0,0,0,0,0,0,0,1,5.43
1,2,2,2,2,2,2,0,0.66506,0.66506,0.66506,0.66506,0.66506,0.66506,0,1,1,1,1,1,1,0,-1,-1,-1,-1,-1,-1,0,1,1,1,1,1,1,0,0,0,0,0,0,0,0,1,5.44
1,2,2,2,2,2,2,0,0.67249,0.67249,0.67249,0.67249,0.67249,0.67249,0,1,1,1,1,1,1,0,-1,-1,-1,-1,-1,-1,0,1,1,1,1,1,1,0,0,0,0,0,0,0,0,1,5.45
1,2,2,2,2,2,2,0,0.67986,0.67986,0.67986,0.67986,0.67986,0.67986,0,1,1,1,1,1,1,0,-1,-1,-1,-1,-1,-1,0,1,1,1,1,1,1,0,0,0,0,0,0,0,0,1,5.46
1,2,2,2,2,2,2,0,0.68716,0.68716,0.68716,0.68716,0.68716,0.68716,0,1,1,1,1,1,1,0,-1,-1,-1,-1,-1,-1,0,1,1,1,1,1,1,0,0,0,0,0,0,0,0,1,5.47
1,2,2,2,2,2,2,0,0.69439,0.69439,0.69439,0.69439,0.69439,0.69439,0,1,1,1,1,1,1,0,-1,-1,-1,-1,-1,-1,0,1,1,1,1,1,1,0,0,0,0,0,0,0,0,1,5.48
1,2,2,2,2,2,2,0,0.70155,0.70155,0.70155,0.70155,0.70155,0.70155,0,1,1,1,1,1,1,0,-1,-1,-1,-1,-1,-1,0,1,1,1,1,1,1,0,0,0,0,0,0,0,0,1,5.49
1,2,2,2,2,2,2,0,0.70864,0.70864,0.70864,0.70864,0.70864,0.70864,0,1,1,1,1,1,1,0,-1,-1,-1,-1,-1,-1,0,1,1,1,1,1,1,0,0,0,0,0,0,0,0,1,5.5
1,2,2,2,2,2,2,0,0.71566,0.71566,0.71566,0.71566,0.71566,0.71566,0,1,1,1,1,1,1,0,-1,-1,-1,-1,-1,-1,0,1,1,1,1,1,1,0,0,0,0,0,0,0,0,1,5.51
1,2,2,2,2,2,2,0,0.72261,0.72261,0.72261,0.72261,0.72261,0.72261,0,1,1,1,1,1,1,0,-1,-1,-1,-1,-1,-1,0,1,1,1,1,1,1,0,0,0,0,0,0,0,0,1,5.52
1,2,2,2,2,2,2,0,0.72948,0.72948,0.72948,0.72948,0.72948,0.72948,0,1,1,1,1,1,1,0,-1,-1,-1,-1,-1,-1,0,1,1,1,1,1,1,0,0,0,0,0,0,0,0,1,5.53
1,2,2,2,2,2,2,0,0.73629,0.73629,0.73629,0.73629,0.73629,0.73629,0,1,1,1,1,1,1,0,-1,-1,-1,-1,-1,-1,0,1,1,1,1,1,1,0,0,0,0,0,0,0,0,1,5.54
1,2,2,2,2,2,2,0,0.74302,0.74302,0.74302,0.74302,0.74302,0.74302,0,1,1,1,1,1,1,0,-1,-1,-1,-1,-1,-1,0,1,1,1,1,1,1,0,0,0,0,0,0,0,0,1,5.55
1,2,2,2,2,2,2,0,0.74967,0.74967,0.74967,0.74967,0.74967,0.74967,0,1,1,1,1,1,1,0,-1,-1,-1,-1,-1,-1,0,1,1,1,1,1,1,0,0,0,0,0,0,0,0,1,5.56
1,2,2,2,2,2,2,0,0.75625,0.75625,0.75625,0.75625,0.75625,0.75625,0,1,1,1,1,1,1,0,-1,-1,-1,-1,-1,-1,0,1,1,1,1,1,1,0,0,0,0,0,0,0,0,1,5.57
1,2,2,2,2,2,2,0,0.76275,0.76275,0.76275,0.76275,0.76275,0.76275,0,1,1,1,1,1,1,0,-1,-1,-1,-1,-1,-1,0,1,1,1,1,1,1,0,0,0,0,0,0,0,0,1,5.58
1,2,2,2,2,2,2,0,0.76918,0.76918,0.76918,0.76918,0.76918,0.76918,0,1,1,1,1,1,1,0,-1,-1,-1,-1,-1,-1,0,1,1,1,1,1,1,0,0,0,0,0,0,0,0,1,5.59
1,2,2,2,2,2,2,0,0.77553,0.77553,0.77553,0.77553,0.77553,0.77553,0,1,1,1,1,1,1,0,-1,-1,-1,-1,-1,-1,0,1,1,1,1,1,1,0,0,0,0,0,0,0,0,1,5.6
1,2,2,2,2,2,2,0,0.78181,0.78181,0.78181,0.78181,0.78181,0.78181,0,1,1,1,1,1,1,0,-1,-1,-1,-1,-1,-1,0,1,1,1,1,1,1,0,0,0,0,0,0,0,0,1,5.61
1,2,2,2,2,2,2,0,0.788,0.788,0.788,0.788,0.788,0.788,0,1,1,1,1,1,1,0,-1,-1,-1,-1,-1,-1,0,1,1,1,1,1,1,0,0,0,0,0,0,0,0,1,5.62
1,2,2,2,2,2,2,0,0.79412,0.79412,0.79412,0.79412,0.79412,0.79412,0,1,1,1,1,1,1,0,-1,-1,-1,-1,-1,-1,0,1,1,1,1,1,1,0,0,0,0,0,0,0,0,1,5.63
1,2,2,2,2,2,2,0,0.80016,0.80016,0.80016,0.80016,0.80016,0.80016,0,1,1,1,1,1,1,0,-1,-1,-1,-1,-1,-1,0,1,1,1,1,1,1,0,0,0,0,0,0,0,0,1,5.64
1,2,2,2,2,2,2,0,0.80611,0.80611,0.80611,0.80611,0.80611,0.80611,0,1,1,1,1,1,1,0,-1,-1,-1,-1,-1,-1,0,1,1,1,1,1,1,0,0,0,0,0,0,0,0,1,5.65
1,2,2,2,2,2,2,0,0.81199,0.81199,0.81199,0.81199,0.81199,0.81199,0,1,1,1,1,1,1,0,-1,-1,-1,-1,-1,-1,0,1,1,1,1,1,1,0,0,0,0,0,0,0,0,1,5.66
1,2,2,2,2,2,2,0,0.81779,0.81779,0.81779,0.81779,0.81779,0.81779,0,1,1,1,1,1,1,0,-1,-1,-1,-1,-1,-1,0,1,1,1,1,1,1,0,0,0,0,0,0,0,0,1,5.67
1,2,2,2,2,2,2,0,0.8235,0.8235,0.8235,0.8235,0.8235,0.8235,0,1,1,1,1,1,1,0,-1,-1,-1,-1,-1,-1,0,1,1,1,1,1,1,0,0,0,0,0,0,0,0,1,5.68
1,2,2,2,2,2,2,0,0.82913,0.82913,0.82913,0.82913,0.82913,0.82913,0,1,1,1,1,1,1,0,-1,-1,-1,-1,-1,-1,0,1,1,1,1,1,1,0,0,0,0,0,0,0,0,1,5.69
1,2,2,2,2,2,2,0,0.83468,0.83468,0.83468,0.83468,0.83468,0.83468,0,1,1,1,1,1,1,0,-1,-1,-1,-1,-1,-1,0,1,1,1,1,1,1,0,0,0,0,0,0,0,0,1,5.7
1,2,2,2,2,2,2,0,0.84014,0.84014,0.84014,0.84014,0.84014,0.84014,0,1,1,1,1,1,1,0,-1,-1,-1,-1,-1,-1,0,1,1,1,1,1,1,0,0,0,0,0,0,0,0,1,5.71
1,2,2,2,2,2,2,0,0.84552,0.84552,0.84552,0.84552,0.84552,0.84552,0,1,1,1,1,1,1,0,-1,-1,-1,-1,-1,-1,0,1,1,1,1,1,1,0,0,0,0,0,0,0,0,1,5.72
1,2,2,2,2,2,2,0,0.85082,0.85082,0.85082,0.85082,0.85082,0.85082,0,1,1,1,1,1,1,0,-1,-1,-1,-1,-1,-1,0,1,1,1,1,1,1,0,0,0,0,0,0,0,0,1,5.73
1,2,2,2,2,2,2,0,0.85603,0.85603,0.85603,0.85603,0.85603,0.85603,0,1,1,1,1,1,1,0,-1,-1,-1,-1,-1,-1,0,1,1,1,1,1,1,0,0,0,0,0,0,0,0,1,5.74
1,2,2,2,2,2,2,0,0.86116,0.86116,0.86116,0.86116,0.86116,0.86116,0,1,1,1,1,1,1,0,-1,-1,-1,-1,-1,-1,0,1,1,1,1,1,1,0,0,0,0,0,0,0,0,1,5.75
1,2,2,2,2,2,2,0,0.8662,0.8662,0.8662,0.8662,0.8662,0.8662,0,1,1,1,1,1,1,0,-1,-1,-1,-1,-1,-1,0,1,1,1,1,1,1,0,0,0,0,0,0,0,0,1,5.76
1,2,2,2,2,2,2,0,0.87115,0.87115,0.87115,0.87115,0.87115,0.87115,0,1,1,1,1,1,1,0,-1,-1,-1,-1,-1,-1,0,1,1,1,1,1,1,0,0,0,0,0,0,0,0,1,5.77
1,2,2,2,2,2,2,0,0.87601,0.87601,0.87601,0.87601,0.87601,0.87601,0,1,1,1,1,1,1,0,-1,-1,-1,-1,-1,-1,0,1,1,1,1,1,1,0,0,0,0,0,0,0,0,1,5.78
1,2,2,2,2,2,2,0,0.88079,0.88079,0.88079,0.88079,0.88079,0.88079,0,1,1,1,1,1,1,0,-1,-1,-1,-1,-1,-1,0,1,1,1,1,1,1,0,0,0,0,0,0,0,0,1,5.79
1,2,2,2,2,2,2,0,0.88548,0.88548,0.88548,0.88548,0.88548,0.88548,0,1,1,1,1,1,1,0,-1,-1,-1,-1,-1,-1,0,1,1,1,1,1,1,0,0,0,0,0,0,0,0,1,5.8
1,2,2,2,2,2,2,0,0.89008,0.89008,0.89008,0.89008,0.89008,0.89008,0,1,1,1,1,1,1,0,-1,-1,-1,-1,-1,-1,0,1,1,1,1,1,1,0,0,0,0,0,0,0,0,1,5.81
1,2,2,2,2,2,2,0,0.8946,0.8946,0.8946,0.8946,0.8946,0.8946,0,1,1,1,1,1,1,0,-1,-1,-1,-1,-1,-1,0,1,1,1,1,1,1,0,0,0,0,0,0,0,0,1,5.82
1,2,2,2,2,2,2,0,0.89902,0.89902,0.89902,0.89902,0.89902,0.89902,0,1,1,1,1,1,1,0,-1,-1,-1,-1,-1,-1,0,1,1,1,1,1,1,0,0,0,0,0,0,0,0,1,5.83
1,2,2,2,2,2,2,0,0.90335,0.90335,0.90335,0.90335,0.90335,0.90335,0,1,1,1,1,1,1,0,-1,-1,-1,-1,-1,-1,0,1,1,1,1,1,1,0,0,0,0,0,0,0,0,1,5.84
1,2,2,2,2,2,2,0,0.9076,0.9076,0.9076,0.9076,0.9076,0.9076,0,1,1,1,1,1,1,0,-1,-1,-1,-1,-1,-1,0,1,1,1,1,1,1,0,0,0,0,0,0,0,0,1,5.85
1,2,2,2,2,2,2,0,0.91175,0.91175,0.91175,0.91175,0.91175,0.91175,0,1,1,1,1,1,1,0,-1,-1,-1,-1,-1,-1,0,1,1,1,1,1,1,0,0,0,0,0,0,0,0,1,5.86
1,2,2,2,2,2,2,0,0.91581,0.91581,0.91581,0.91581,0.91581,0.91581,0,1,1,1,1,1,1,0,-1,-1,-1,-1,-1,-1,0,1,1,1,1,1,1,0,0,0,0,0,0,0,0,1,5.87
1,2,2,2,2,2,2,0,0.91978,0.91978,0.91978,0.91978,0.91978,0.91978,0,1,1,1,1,1,1,0,-1,-1,-1,-1,-1,-1,0,1,1,1,1,1,1,0,0,0,0,0,0,0,0,1,5.88
1,2,2,2,2,2,2,0,0.92365,0.92365,0.92365,0.92365,0.92365,0.92365,0,1,1,1,1,1,1,0,-1,-1,-1,-1,-1,-1,0,1,1,1,1,1,1,0,0,0,0,0,0,0,0,1,5.89
1,2,2,2,2,2,2,0,0.92744,0.92744,0.92744,0.92744,0.92744,0.92744,0,1,1,1,1,1,1,0,-1,-1,-1,-1,-1,-1,0,1,1,1,1,1,1,0,0,0,0,0,0,0,0,1,5.9
1,2,2,2,2,2,2,0,0.93113,0.93113,0.93113,0.93113,0.93113,0.93113,0,1,1,1,1,1,1,0,-1,-1,-1,-1,-1,-1,0,1,1,1,1,1,1,0,0,0,0,0,0,0,0,1,5.91
1,2,2,2,2,2,2,0,0.93473,0.93473,0.93473,0.93473,0.93473,0.93473,0,1,1,1,1,1,1,0,-1,-1,-1,-1,-1,-1,0,1,1,1,1,1,1,0,0,0,0,0,0,0,0,1,5.92
1,2,2,2,2,2,2,0,0.93824,0.93824,0.93824,0.93824,0.93824,0.93824,0,1,1,1,1,1,1,0,-1,-1,-1,-1,-1,-1,0,1,1,1,1,1,1,0,0,0,0,0,0,0,0,1,5.93
1,2,2,2,2,2,2,0,0.94165,0.94165,0.94165,0.94165,0.94165,0.94165,0,1,1,1,1,1,1,0,-1,-1,-1,-1,-1,-1,0,1,1,1,1,1,1,0,0,0,0,0,0,0,0,1,5.94
1,2,2,2,2,2,2,0,0.94497,0.94497,0.94497,0.94497,0.94497,0.94497,0,1,1,1,1,1,1,0,-1,-1,-1,-1,-1,-1,0,1,1,1,1,1,1,0,0,0,0,0,0,0,0,1,5.95
1,2,2,2,2,2,2,0,0.94819,0.94819,0.94819,0.94819,0.94819,0.94819,0,1,1,1,1,1,1,0,-1,-1,-1,-1,-1,-1,0,1,1,1,1,1,1,0,0,0,0,0,0,0,0,1,5.96
1,2,2,2,2,2,2,0,0.95132,0.95132,0.95132,0.95132,0.95132,0.95132,0,1,1,1,1,1,1,0,-1,-1,-1,-1,-1,-1,0,1,1,1,1,1,1,0,0,0,0,0,0,0,0,1,5.97
1,2,2,2,2,2,2,0,0.95435,0.95435,0.95435,0.95435,0.95435,0.95435,0,1,1,1,1,1,1,0,-1,-1,-1,-1,-1,-1,0,1,1,1,1,1,1,0,0,0,0,0,0,0,0,1,5.98
1,2,2,2,2,2,2,0,0.95729,0.95729,0.95729,0.95729,0.95729,0.95729,0,1,1,1,1,1,1,0,-1,-1,-1,-1,-1,-1,0,1,1,1,1,1,1,0,0,0,0,0,0,0,0,1,5.99
1,2,2,2,2,2,2,0,0.96013,0.96013,0.96013,0.96013,0.96013,0.96013,0,1,1,1,1,1,1,0,-1,-1,-1,-1,-1,-1,0,1,1,1,1,1,1,0,0,0,0,0,0,0,0,1,6
1,2,2,2,2,2,2,0,0.96288,0.96288,0.96288,0.96288,0.96288,0.96288,0,1,1,1,1,1,1,0,-1,-1,-1,-1,-1,-1,0,1,1,1,1,1,1,0,0,0,0,0,0,0,0,1,6.01
1,2,2,2,2,2,2,0,0.96553,0.96553,0.96553,0.96553,0.96553,0.96553,0,1,1,1,1,1,1,0,-1,-1,-1,-1,-1,-1,0,1,1,1,1,1,1,0,0,0,0,0,0,0,0,1,6.02
1,2,2,2,2,2,2,0,0.96808,0.96808,0.96808,0.96808,0.96808,0.96808,0,1,1,1,1,1,1,0,-1,-1,-1,-1,-1,-1,0,1,1,1,1,1,1,0,0,0,0,0,0,0,0,1,6.03
1,2,2,2,2,2,2,0,0.97054,0.97054,0.97054,0.97054,0.97054,0.97054,0,1,1,1,1,1,1,0,-1,-1,-1,-1,-1,-1,0,1,1,1,1,1,1,0,0,0,0,0,0,0,0,1,6.04
1,2,2,2,2,2,2,0,0.97289,0.97289,0.97289,0.97289,0.97289,0.97289,0,1,1,1,1,1,1,0,-1,-1,-1,-1,-1,-1,0,1,1,1,1,1,1,0,0,0,0,0,0,0,0,1,6.05
1,2,2,2,2,2,2,0,0.97516,0.97516,0.97516,0.97516,0.97516,0.97516,0,1,1,1,1,1,1,0,-1,-1,-1,-1,-1,-1,0,1,1,1,1,1,1,0,0,0,0,0,0,0,0,1,6.06
1,2,2,2,2,2,2,0,0.97732,0.97732,0.97732,0.97732,0.97732,0.97732,0,1,1,1,1,1,1,0,-1,-1,-1,-1,-1,-1,0,1,1,1,1,1,1,0,0,0,0,0,0,0,0,1,6.07
1,2,2,2,2,2,2,0,0.97939,0.97939,0.97939,0.97939,0.97939,0.97939,0,1,1,1,1,1,1,0,-1,-1,-1,-1,-1,-1,0,1,1,1,1,1,1,0,0,0,0,0,0,0,0,1,6.08
1,2,2,2,2,2,2,0,0.98136,0.98136,0.98136,0.98136,0.98136,0.98136,0,1,1,1,1,1,1,0,-1,-1,-1,-1,-1,-1,0,1,1,1,1,1,1,0,0,0,0,0,0,0,0,1,6.09
1,2,2,2,2,2,2,0,0.98323,0.98323,0.98323,0.98323,0.98323,0.98323,0,1,1,1,1,1,1,0,-1,-1,-1,-1,-1,-1,0,1,1,1,1,1,1,0,0,0,0,0,0,0,0,1,6.1
1,2,2,2,2,2,2,0,0.985,0.985,0.985,0.985,0.985,0.985,0,1,1,1,1,1,1,0,-1,-1,-1,-1,-1,-1,0,1,1,1,1,1,1,0,0,0,0,0,0,0,0,1,6.11
1,2,2,2,2,2,2,0,0.98667,0.98667,0.98667,0.98667,0.98667,0.98667,0,1,1,1,1,1,1,0,-1,-1,-1,-1,-1,-1,0,1,1,1,1,1,1,0,0,0,0,0,0,0,0,1,6.12
1,2,2,2,2,2,2,0,0.98825,0.98825,0.98825,0.98825,0.98825,0.98825,0,1,1,1,1,1,1,0,-1,-1,-1,-1,-1,-1,0,1,1,1,1,1,1,0,0,0,0,0,0,0,0,1,6.13
1,2,2,2,2,2,2,0,0.98973,0.98973,0.98973,0.98973,0.98973,0.98973,0,1,1,1,1,1,1,0,-1,-1,-1,-1,-1,-1,0,1,1,1,1,1,1,0,0,0,0,0,0,0,0,1,6.14
1,2,2,2,2,2,2,0,0.9911,0.9911,0.9911,0.9911,0.9911,0.9911,0,1,1,1,1,1,1,0,-1,-1,-1,-1,-1,-1,0,1,1,1,1,1,1,0,0,0,0,0,0,0,0,1,6.15
1,2,2,2,2,2,2,0,0.99238,0.99238,0.99238,0.99238,0.99238,0.99238,0,1,1,1,1,1,1,0,-1,-1,-1,-1,-1,-1,0,1,1,1,1,1,1,0,0,0,0,0,0,0,0,1,6.16
1,2,2,2,2,2,2,0,0.99356,0.99356,0.99356,0.99356,0.99356,0.99356,0,1,1,1,1,1,1,0,-1,-1,-1,-1,-1,-1,0,1,1,1,1,1,1,0,0,0,0,0,0,0,0,1,6.17
1,2,2,2,2,2,2,0,0.99464,0.99464,0.99464,0.99464,0.99464,0.99464,0,1,1,1,1,1,1,0,-1,-1,-1,-1,-1,-1,0,1,1,1,1,1,1,0,0,0,0,0,0,0,0,1,6.18
1,2,2,2,2,2,2,0,0.99562,0.99562,0.99562,0.99562,0.99562,0.99562,0,1,1,1,1,1,1,0,-1,-1,-1,-1,-1,-1,0,1,1,1,1,1,1,0,0,0,0,0,0,0,0,1,6.19
1,2,2,2,2,2,2,0,0.9965,0.9965,0.9965,0.9965,0.9965,0.9965,0,1,1,1,1,1,1,0,-1,-1,-1,-1,-1,-1,0,1,1,1,1,1,1,0,0,0,0,0,0,0,0,1,6.2
1,2,2,2,2,2,2,0,0.99728,0.99728,0.99728,0.99728,0.99728,0.99728,0,1,1,1,1,1,1,0,-1,-1,-1,-1,-1,-1,0,1,1,1,1,1,1,0,0,0,0,0,0,0,0,1,6.21
1,2,2,2,2,2,2,0,0.99796,0.99796,0.99796,0.99796,0.99796,0.99796,0,1,1,1,1,1,1,0,-1,-1,-1,-1,-1,-1,0,1,1,1,1,1,1,0,0,0,0,0,0,0,0,1,6.22
1,2,2,2,2,2,2,0,0.99854,0.99854,0.99854,0.99854,0.99854,0.99854,0,1,1,1,1,1,1,0,-1,-1,-1,-1,-1,-1,0,1,1,1,1,1,1,0,0,0,0,0,0,0,0,1,6.23
1,2,2,2,2,2,2,0,0.99903,0.99903,0.99903,0.99903,0.99903,0.99903,0,1,1,1,1,1,1,0,-1,-1,-1,-1,-1,-1,0,1,1,1,1,1,1,0,0,0,0,0,0,0,0,1,6.24
1,2,2,2,2,2,2,0,0.99941,0.99941,0.99941,0.99941,0.99941,0.99941,0,1,1,1,1,1,1,0,-1,-1,-1,-1,-1,-1,0,1,1,1,1,1,1,0,0,0,0,0,0,0,0,1,6.25
1,2,2,2,2,2,2,0,0.99969,0.99969,0.99969,0.99969,0.99969,0.99969,0,1,1,1,1,1,1,0,-1,-1,-1,-1,-1,-1,0,1,1,1,1,1,1,0,0,0,0,0,0,0,0,1,6.26
1,2,2,2,2,2,2,0,0.91469,0.91469,0.91469,0.91469,0.91469,0.91469,0,1,1,1,1,1,1,0,-1,-1,-1,-1,-1,-1,0,1,1,1,1,1,1,0,0,0,0,0,0,0,0,1,6.27
1,2,2,2,2,2,2,0,0.61941,0.61941,0.61941,0.61941,0.61941,0.61941,0,1,1,1,1,1,1,0,-1,-1,-1,-1,-1,-1,0,1,1,1,1,1,1,0,0,0,0,0,0,0,0,1,6.28
