origElemNum,globCoord-x,globCoord-y,fluidMechStrainRate-real-xx,fluidMechStrainRate-real-yy,fluidMechStrainRate-real-xy,fluidMechStrainRate-imag-xx,fluidMechStrainRate-imag-yy,fluidMechStrainRate-imag-xy,locCoord-xi,locCoord-eta
6,1.0842e-19,0,-1.35737e-11,-1.35745e-11,3.44516e-15,7.00297e-13,7.00724e-13,-1.36592e-14,1,1
11,1e-05,-1.03947e-20,-1.3111e-11,-1.3332e-11,9.81237e-05,6.9196e-13,6.91199e-13,-4.77341e-05,-0.977273,-0.977273
11,2e-05,5.08071e-20,-1.26517e-11,-1.30929e-11,0.000209657,6.83141e-13,6.81663e-13,-0.000103787,-0.954545,-0.954545
11,3e-05,-2.24004e-20,-1.21963e-11,-1.28569e-11,0.000335217,6.73845e-13,6.72351e-13,-0.000168053,-0.931818,-0.931818
11,4e-05,2.61026e-20,-1.17445e-11,-1.26242e-11,0.000475419,6.64123e-13,6.63248e-13,-0.00024043,-0.909091,-0.909091
11,5e-05,1.6706e-20,-1.12968e-11,-1.23946e-11,0.00063088,6.53989e-13,6.54346e-13,-0.000320812,-0.886364,-0.886364
11,6e-05,2.52495e-20,-1.08532e-11,-1.21681e-11,0.000802215,6.43441e-13,6.45671e-13,-0.000409095,-0.863636,-0.863636
11,7e-05,4.42085e-20,-1.04136e-11,-1.19449e-11,0.000990042,6.32499e-13,6.37194e-13,-0.000505176,-0.840909,-0.840909
11,8e-05,-3.42456e-20,-9.97833e-12,-1.17248e-11,0.00119497,6.2117e-13,6.28918e-13,-0.000608949,-0.818182,-0.818182
11,9e-05,2.89873e-20,-9.54742e-12,-1.15079e-11,0.00141763,6.09478e-13,6.20868e-13,-0.000720311,-0.795455,-0.795455
11,0.0001,-3.38731e-20,-9.12099e-12,-1.12942e-11,0.00165863,5.97418e-13,6.13014e-13,-0.000839157,-0.772727,-0.772727
11,0.00011,-3.52577e-20,-8.69913e-12,-1.10837e-11,0.00191858,5.85004e-13,6.05374e-13,-0.000965383,-0.75,-0.75
11,0.00012,-2.34274e-20,-8.28193e-12,-1.08764e-11,0.0021981,5.72281e-13,5.97928e-13,-0.00109889,-0.727273,-0.727273
11,0.00013,-1.14221e-20,-7.86951e-12,-1.06723e-11,0.00249781,5.59215e-13,5.90685e-13,-0.00123956,-0.704545,-0.704545
11,0.00014,-4.48236e-20,-7.46197e-12,-1.04713e-11,0.00281833,5.45844e-13,5.83644e-13,-0.0013873,-0.681818,-0.681818
11,0.00015,-5.26778e-20,-7.05941e-12,-1.02737e-11,0.00316026,5.32156e-13,5.76823e-13,-0.001542,-0.659091,-0.659091
11,0.00016,3.4277e-21,-6.66194e-12,-1.00792e-11,0.00352423,5.18205e-13,5.70186e-13,-0.00170357,-0.636364,-0.636364
11,0.00017,-4.68195e-20,-6.26966e-12,-9.88784e-12,0.00391085,5.03958e-13,5.63752e-13,-0.00187188,-0.613636,-0.613636
11,0.00018,-2.68029e-20,-5.88265e-12,-9.69979e-12,0.00432075,4.89451e-13,5.57528e-13,-0.00204685,-0.590909,-0.590909
11,0.00019,-4.99458e-20,-5.50111e-12,-9.5149e-12,0.00475452,4.74698e-13,5.51506e-13,-0.00222837,-0.568182,-0.568182
11,0.0002,-3.18203e-20,-5.12501e-12,-9.33321e-12,0.0052128,4.59696e-13,5.45673e-13,-0.00241632,-0.545455,-0.545455
11,0.00021,-4.25133e-20,-4.75457e-12,-9.15476e-12,0.0056962,4.44474e-13,5.40048e-13,-0.00261061,-0.522727,-0.522727
11,0.00022,-2.20229e-20,-4.38979e-12,-8.97955e-12,0.00620532,4.29033e-13,5.34608e-13,-0.00281114,-0.5,-0.5
11,0.00023,-4.45332e-20,-4.03087e-12,-8.80752e-12,0.0067408,4.13386e-13,5.29372e-13,-0.0030178,-0.477273,-0.477273
11,0.00024,-4.05872e-20,-3.67783e-12,-8.63873e-12,0.00730324,3.97534e-13,5.24343e-13,-0.00323048,-0.454545,-0.454545
11,0.00025,-2.07038e-20,-3.33083e-12,-8.47312e-12,0.00789327,3.81515e-13,5.19495e-13,-0.00344908,-0.431818,-0.431818
11,0.00026,-3.47196e-20,-2.98997e-12,-8.31084e-12,0.00851149,3.65318e-13,5.14861e-13,-0.00367349,-0.409091,-0.409091
11,0.00027,-2.94881e-20,-2.65533e-12,-8.15169e-12,0.00915853,3.48964e-13,5.10409e-13,-0.00390362,-0.386364,-0.386364
11,0.00028,-3.18384e-20,-2.32704e-12,-7.99582e-12,0.009835,3.32465e-13,5.06153e-13,-0.00413936,-0.363636,-0.363636
11,0.00029,-2.66024e-20,-2.00514e-12,-7.84315e-12,0.0105415,3.15835e-13,5.02089e-13,-0.0043806,-0.340909,-0.340909
11,0.0003,-1.08252e-20,-1.68981e-12,-7.69375e-12,0.0112787,2.99078e-13,4.98223e-13,-0.00462724,-0.318182,-0.318182
11,0.00031,-3.44225e-20,-1.38116e-12,-7.54756e-12,0.0120471,2.82212e-13,4.94551e-13,-0.00487917,-0.295455,-0.295455
11,0.00032,-3.07739e-20,-1.07922e-12,-7.40458e-12,0.0128475,2.65249e-13,4.91069e-13,-0.0051363,-0.272727,-0.272727
11,0.00033,-4.71162e-20,-7.84133e-13,-7.26487e-12,0.0136804,2.48197e-13,4.87779e-13,-0.00539851,-0.25,-0.25
11,0.00034,-2.09264e-20,-4.96032e-13,-7.12842e-12,0.0145463,2.31067e-13,4.8468e-13,-0.0056657,-0.227273,-0.227273
11,0.00035,-3.40317e-20,-2.14972e-13,-6.99518e-12,0.0154461,2.13882e-13,4.81766e-13,-0.00593777,-0.204545,-0.204545
11,0.00036,-2.80064e-20,5.89093e-14,-6.86521e-12,0.0163802,1.96641e-13,4.79051e-13,-0.00621462,-0.181818,-0.181818
11,0.00037,-2.10124e-20,3.25551e-13,-6.73846e-12,0.0173492,1.79358e-13,4.76523e-13,-0.00649613,-0.159091,-0.159091
11,0.00038,-1.29313e-20,5.84792e-13,-6.61497e-12,0.0183539,1.62048e-13,4.74183e-13,-0.00678221,-0.136364,-0.136364
11,0.00039,-1.24698e-20,8.36544e-13,-6.4947e-12,0.0193948,1.44727e-13,4.72027e-13,-0.00707275,-0.113636,-0.113636
11,0.0004,-1.85248e-20,1.08073e-12,-6.37773e-12,0.0204724,1.27402e-13,4.70063e-13,-0.00736765,-0.0909091,-0.0909091
11,0.00041,-1.5101e-20,1.31726e-12,-6.26398e-12,0.0215876,1.10084e-13,4.68287e-13,-0.0076668,-0.0681818,-0.0681818
11,0.00042,-1.6204e-20,1.54597e-12,-6.15347e-12,0.0227408,9.27795e-14,4.66701e-13,-0.0079701,-0.0454545,-0.0454545
11,0.00043,-1.58651e-20,1.76677e-12,-6.04623e-12,0.0239326,7.55103e-14,4.653e-13,-0.00827744,-0.0227273,-0.0227273
11,0.00044,-8.49066e-16,1.92593e-12,-5.86722e-12,0.0251638,-2.02303e-14,5.37937e-13,-0.00858872,0,0
11,0.00045,-1.3324e-20,2.18435e-12,-5.84153e-12,0.0264348,4.11195e-14,4.63046e-13,-0.00890384,0.0227273,0.0227273
11,0.00046,-1.19688e-20,2.38088e-12,-5.74407e-12,0.0277464,2.40125e-14,4.622e-13,-0.00922269,0.0454545,0.0454545
11,0.00047,-9.17178e-21,2.56907e-12,-5.64986e-12,0.0290991,6.99117e-15,4.61541e-13,-0.00954516,0.0681818,0.0681818
11,0.00048,-1.68307e-20,2.74888e-12,-5.55889e-12,0.0304936,-9.93903e-15,4.61061e-13,-0.00987116,0.0909091,0.0909091
11,0.00049,-3.99951e-21,2.92019e-12,-5.47118e-12,0.0319304,-2.67647e-14,4.60769e-13,-0.0102006,0.113636,0.113636
11,0.0005,-1.12372e-20,3.08282e-12,-5.38676e-12,0.0334103,-4.34856e-14,4.60659e-13,-0.0105333,0.136364,0.136364
11,0.00051,-7.45984e-21,3.23675e-12,-5.30556e-12,0.0349337,-6.00719e-14,4.60734e-13,-0.0108692,0.159091,0.159091
11,0.00052,-2.80064e-20,3.38191e-12,-5.2277e-12,0.0365013,-7.65249e-14,4.60982e-13,-0.0112083,0.181818,0.181818
11,0.00053,-1.70911e-20,3.51808e-12,-5.15306e-12,0.0381138,-9.28228e-14,4.61416e-13,-0.0115503,0.204545,0.204545
11,0.00054,-2.43145e-20,3.64525e-12,-5.08167e-12,0.0397717,-1.08959e-13,4.62042e-13,-0.0118953,0.227273,0.227273
11,0.00055,-1.32349e-20,3.76325e-12,-5.01357e-12,0.0414757,-1.24926e-13,4.62834e-13,-0.012243,0.25,0.25
11,0.00056,-2.06095e-20,3.87202e-12,-4.94876e-12,0.0432264,-1.40703e-13,4.63808e-13,-0.0125934,0.272727,0.272727
11,0.00057,-2.76462e-20,3.97145e-12,-4.88717e-12,0.0450244,-1.56286e-13,4.64979e-13,-0.0129465,0.295455,0.295455
11,0.00058,-1.42133e-20,4.06142e-12,-4.82888e-12,0.0468703,-1.71654e-13,4.66303e-13,-0.0133019,0.318182,0.318182
11,0.00059,-1.30499e-20,4.14182e-12,-4.77383e-12,0.0487647,-1.86807e-13,4.67831e-13,-0.0136598,0.340909,0.340909
11,0.0006,-3.18384e-20,4.2126e-12,-4.72207e-12,0.0507083,-2.01727e-13,4.69531e-13,-0.0140199,0.363636,0.363636
11,0.00061,-2.61e-20,4.27359e-12,-4.67361e-12,0.0527016,-2.164e-13,4.71392e-13,-0.0143823,0.386364,0.386364
11,0.00062,-3.13315e-20,4.32473e-12,-4.6284e-12,0.0547453,-2.30818e-13,4.73446e-13,-0.0147466,0.409091,0.409091
11,0.00063,-3.08682e-20,4.36588e-12,-4.58644e-12,0.05684,-2.44959e-13,4.75677e-13,-0.0151129,0.431818,0.431818
11,0.00064,-5.41398e-20,4.39696e-12,-4.54775e-12,0.0589863,-2.58832e-13,4.78106e-13,-0.0154811,0.454545,0.454545
11,0.00065,-1.404e-20,4.4179e-12,-4.51237e-12,0.0611849,-2.724e-13,4.80682e-13,-0.0158511,0.477273,0.477273
11,0.00066,2.5411e-20,4.42851e-12,-4.48026e-12,0.0634363,-2.8567e-13,4.83425e-13,-0.0162226,0.5,0.5
11,0.00067,-1.85569e-21,4.42881e-12,-4.45138e-12,0.0657411,-2.98623e-13,4.86393e-13,-0.0165958,0.522727,0.522727
11,0.00068,-5.21491e-20,4.41854e-12,-4.42585e-12,0.0681001,-3.11259e-13,4.89486e-13,-0.0169703,0.545455,0.545455
11,0.00069,-4.31696e-20,4.39772e-12,-4.40351e-12,0.0705137,-3.23538e-13,4.92792e-13,-0.0173462,0.568182,0.568182
11,0.0007,-6.47415e-21,4.36617e-12,-4.38451e-12,0.0729826,-3.35483e-13,4.96254e-13,-0.0177233,0.590909,0.590909
11,0.00071,-2.98789e-20,4.32385e-12,-4.36874e-12,0.0755075,-3.47046e-13,4.99898e-13,-0.0181016,0.613636,0.613636
11,0.00072,3.4277e-21,4.27061e-12,-4.35633e-12,0.0780889,-3.58248e-13,5.03676e-13,-0.0184808,0.636364,0.636364
11,0.00073,-3.74312e-20,4.20636e-12,-4.34707e-12,0.0807275,-3.6906e-13,5.07704e-13,-0.018861,0.659091,0.659091
11,0.00074,-9.24823e-21,4.13103e-12,-4.34113e-12,0.0834238,-3.79462e-13,5.11902e-13,-0.019242,0.681818,0.681818
11,0.00075,3.82448e-21,4.04446e-12,-4.3385e-12,0.0861785,-3.89463e-13,5.16215e-13,-0.0196237,0.704545,0.704545
11,0.00076,1.98357e-21,3.94656e-12,-4.3391e-12,0.0889922,-3.99043e-13,5.20766e-13,-0.020006,0.727273,0.727273
11,0.00077,2.23405e-20,3.83724e-12,-4.34308e-12,0.0918656,-4.08185e-13,5.25394e-13,-0.0203888,0.75,0.75
11,0.00078,8.21542e-24,3.71638e-12,-4.35026e-12,0.0947992,-4.16891e-13,5.30257e-13,-0.020772,0.772727,0.772727
11,0.00079,1.96699e-20,3.58391e-12,-4.36073e-12,0.0977936,-4.25131e-13,5.35274e-13,-0.0211555,0.795455,0.795455
11,0.0008,-3.84807e-20,3.43968e-12,-4.37446e-12,0.10085,-4.32908e-13,5.40472e-13,-0.0215392,0.818182,0.818182
11,0.00081,-3.22531e-21,3.28369e-12,-4.39145e-12,0.103968,-4.4018e-13,5.45883e-13,-0.0219229,0.840909,0.840909
11,0.00082,5.65897e-20,3.11567e-12,-4.41172e-12,0.107148,-4.46978e-13,5.5148e-13,-0.0223067,0.863636,0.863636
11,0.00083,-3.62335e-20,2.93565e-12,-4.43531e-12,0.110392,-4.53267e-13,5.57137e-13,-0.0226903,0.886364,0.886364
11,0.00084,5.80781e-20,2.74345e-12,-4.46213e-12,0.1137,-4.59042e-13,5.63074e-13,-0.0230736,0.909091,0.909091
11,0.00085,-1.11772e-20,2.53903e-12,-4.49223e-12,0.117073,-4.64274e-13,5.69133e-13,-0.0234567,0.931818,0.931818
11,0.00086,5.02247e-20,2.32223e-12,-4.52567e-12,0.12051,-4.68988e-13,5.75323e-13,-0.0238393,0.954545,0.954545
11,0.00087,-2.33782e-20,2.09298e-12,-4.56227e-12,0.124014,-4.73124e-13,5.8182e-13,-0.0242213,0.977273,0.977273
11,0.00088,-1.08962e-15,1.76374e-12,-4.42667e-12,0.127584,-5.71064e-13,6.82808e-13,-0.0246028,1,1
16,0.00089,1.00888e-19,5.19601e-13,-2.41616e-12,0.135048,-4.26942e-13,-9.43335e-14,-0.0168857,-0.977273,-0.977273
16,0.0009,4.07449e-19,4.60026e-13,-2.37162e-12,0.136314,-4.19487e-13,-9.07504e-14,-0.0187125,-0.954545,-0.954545
16,0.00091,8.78036e-19,4.03717e-13,-2.32747e-12,0.137505,-4.11872e-13,-8.69356e-14,-0.0206553,-0.931818,-0.931818
16,0.00092,1.58159e-18,3.50551e-13,-2.2837e-12,0.138627,-4.04112e-13,-8.29659e-14,-0.022708,-0.909091,-0.909091
16,0.00093,2.46728e-18,3.00512e-13,-2.24033e-12,0.139686,-3.96264e-13,-7.8707e-14,-0.0248643,-0.886364,-0.886364
16,0.00094,3.47963e-18,2.53562e-13,-2.19735e-12,0.140689,-3.88227e-13,-7.41892e-14,-0.0271178,-0.863636,-0.863636
16,0.00095,4.63314e-18,2.09567e-13,-2.15478e-12,0.14164,-3.80131e-13,-6.94537e-14,-0.0294624,-0.840909,-0.840909
16,0.00096,5.92415e-18,1.68565e-13,-2.11268e-12,0.142546,-3.719e-13,-6.4765e-14,-0.0318918,-0.818182,-0.818182
16,0.00097,7.3986e-18,1.30306e-13,-2.07104e-12,0.143414,-3.63589e-13,-5.99191e-14,-0.0343998,-0.795455,-0.795455
16,0.00098,9.03685e-18,9.49093e-14,-2.02977e-12,0.144248,-3.55168e-13,-5.46616e-14,-0.0369799,-0.772727,-0.772727
16,0.00099,1.08553e-17,6.217e-14,-1.98904e-12,0.145056,-3.46661e-13,-4.95293e-14,-0.039626,-0.75,-0.75
16,0.001,1.26964e-17,3.21477e-14,-1.94877e-12,0.145843,-3.38056e-13,-4.42103e-14,-0.0423319,-0.727273,-0.727273
16,0.00101,1.47232e-17,4.69019e-15,-1.90899e-12,0.146616,-3.29404e-13,-3.88536e-14,-0.0450912,-0.704545,-0.704545
16,0.00102,1.68095e-17,-2.02265e-14,-1.8697e-12,0.147379,-3.20687e-13,-3.34685e-14,-0.0478976,-0.681818,-0.681818
16,0.00103,1.9055e-17,-4.26539e-14,-1.83097e-12,0.148141,-3.11872e-13,-2.81123e-14,-0.050745,-0.659091,-0.659091
16,0.00104,2.13922e-17,-6.27236e-14,-1.79273e-12,0.148905,-3.0306e-13,-2.25226e-14,-0.053627,-0.636364,-0.636364
16,0.00105,2.38166e-17,-8.04836e-14,-1.75501e-12,0.149679,-2.94191e-13,-1.70632e-14,-0.0565375,-0.613636,-0.613636
16,0.00106,2.63192e-17,-9.59526e-14,-1.71782e-12,0.150468,-2.85249e-13,-1.17578e-14,-0.05947,-0.590909,-0.590909
16,0.00107,2.89271e-17,-1.09243e-13,-1.68121e-12,0.151279,-2.76342e-13,-6.31624e-15,-0.0624183,-0.568182,-0.568182
16,0.00108,3.15542e-17,-1.20386e-13,-1.64511e-12,0.152117,-2.67381e-13,-9.76094e-16,-0.0653763,-0.545455,-0.545455
16,0.00109,3.42592e-17,-1.29505e-13,-1.60962e-12,0.152988,-2.58438e-13,4.34269e-15,-0.0683375,-0.522727,-0.522727
16,0.0011,3.70552e-17,-1.36582e-13,-1.57469e-12,0.1539,-2.49459e-13,9.58523e-15,-0.0712958,-0.5,-0.5
16,0.00111,3.98966e-17,-1.41785e-13,-1.5403e-12,0.154856,-2.40523e-13,1.4739e-14,-0.0742449,-0.477273,-0.477273
16,0.00112,4.27672e-17,-1.45085e-13,-1.50651e-12,0.155865,-2.31561e-13,1.98221e-14,-0.0771785,-0.454545,-0.454545
16,0.00113,4.56867e-17,-1.46611e-13,-1.47329e-12,0.156931,-2.22658e-13,2.47749e-14,-0.0800904,-0.431818,-0.431818
16,0.00114,4.8623e-17,-1.46399e-13,-1.44067e-12,0.15806,-2.13754e-13,2.9663e-14,-0.0829742,-0.409091,-0.409091
16,0.00115,5.15729e-17,-1.4453e-13,-1.40865e-12,0.15926,-2.04918e-13,3.43785e-14,-0.0858237,-0.386364,-0.386364
16,0.00116,5.45357e-17,-1.41106e-13,-1.37722e-12,0.160535,-1.96139e-13,3.88374e-14,-0.0886327,-0.363636,-0.363636
16,0.00117,5.75332e-17,-1.36127e-13,-1.34644e-12,0.161892,-1.87397e-13,4.34491e-14,-0.0913949,-0.340909,-0.340909
16,0.00118,6.05416e-17,-1.29678e-13,-1.31615e-12,0.163336,-1.78713e-13,4.76605e-14,-0.0941039,-0.318182,-0.318182
16,0.00119,6.35397e-17,-1.21844e-13,-1.28653e-12,0.164875,-1.70108e-13,5.17009e-14,-0.0967537,-0.295455,-0.295455
16,0.0012,6.65015e-17,-1.12701e-13,-1.2575e-12,0.166513,-1.61598e-13,5.57166e-14,-0.0993378,-0.272727,-0.272727
16,0.00121,6.94776e-17,-1.02297e-13,-1.22903e-12,0.168257,-1.53171e-13,5.93575e-14,-0.10185,-0.25,-0.25
16,0.00122,7.24093e-17,-9.07084e-14,-1.20126e-12,0.170113,-1.44836e-13,6.2977e-14,-0.104284,-0.227273,-0.227273
16,0.00123,7.52939e-17,-7.79942e-14,-1.17397e-12,0.172087,-1.36617e-13,6.62469e-14,-0.106634,-0.204545,-0.204545
16,0.00124,7.81548e-17,-6.42394e-14,-1.14729e-12,0.174185,-1.28527e-13,6.92634e-14,-0.108893,-0.181818,-0.181818
16,0.00125,8.09804e-17,-4.95216e-14,-1.12125e-12,0.176413,-1.20561e-13,7.21624e-14,-0.111055,-0.159091,-0.159091
16,0.00126,8.37408e-17,-3.38473e-14,-1.09585e-12,0.178777,-1.12709e-13,7.5007e-14,-0.113114,-0.136364,-0.136364
16,0.00127,8.64437e-17,-1.73203e-14,-1.07095e-12,0.181283,-1.0502e-13,7.74243e-14,-0.115063,-0.113636,-0.113636
16,0.00128,8.90774e-17,-4.67891e-17,-1.04662e-12,0.183937,-9.74718e-14,7.96814e-14,-0.116896,-0.0909091,-0.0909091
16,0.00129,9.16336e-17,1.79242e-14,-1.02296e-12,0.186746,-9.01298e-14,8.17855e-14,-0.118608,-0.0681818,-0.0681818
16,0.0013,9.41099e-17,3.65792e-14,-9.99794e-13,0.189714,-8.28997e-14,8.3699e-14,-0.120191,-0.0454545,-0.0454545
16,0.00131,9.65025e-17,5.57746e-14,-9.77218e-13,0.192848,-7.59088e-14,8.51905e-14,-0.12164,-0.0227273,-0.0227273
16,0.00132,-7.1846e-16,3.04803e-13,-5.6339e-13,0.196155,-1.26929e-13,4.87985e-13,-0.122948,0,0
16,0.00133,1.0099e-16,9.56547e-14,-9.3363e-13,0.19964,-6.24423e-14,8.77854e-14,-0.124109,0.0227273,0.0227273
16,0.00134,1.03072e-16,1.16163e-13,-9.12621e-13,0.203309,-5.60222e-14,8.86715e-14,-0.125116,0.0454545,0.0454545
16,0.00135,1.05044e-16,1.36973e-13,-8.92187e-13,0.207169,-4.98415e-14,8.93897e-14,-0.125964,0.0681818,0.0681818
16,0.00136,1.06887e-16,1.58021e-13,-8.72239e-13,0.211225,-4.38821e-14,9.00513e-14,-0.126646,0.0909091,0.0909091
16,0.00137,1.08602e-16,1.79257e-13,-8.52757e-13,0.215483,-3.81362e-14,9.02731e-14,-0.127156,0.113636,0.113636
16,0.00138,1.1018e-16,2.00541e-13,-8.33845e-13,0.21995,-3.26827e-14,9.05416e-14,-0.127487,0.136364,0.136364
16,0.00139,1.11609e-16,2.21873e-13,-8.15393e-13,0.224631,-2.746e-14,9.0529e-14,-0.127634,0.159091,0.159091
16,0.0014,1.12893e-16,2.43141e-13,-7.97384e-13,0.229532,-2.25125e-14,9.03179e-14,-0.12759,0.181818,0.181818
16,0.00141,1.14027e-16,2.64295e-13,-7.79684e-13,0.23466,-1.78497e-14,8.97726e-14,-0.127348,0.204545,0.204545
16,0.00142,1.14988e-16,2.85279e-13,-7.62292e-13,0.24002,-1.34707e-14,8.89963e-14,-0.126903,0.227273,0.227273
16,0.00143,1.15783e-16,3.0602e-13,-7.45558e-13,0.245619,-9.40429e-15,8.83044e-14,-0.126248,0.25,0.25
16,0.00144,1.16385e-16,3.26395e-13,-7.29302e-13,0.251463,-5.64776e-15,8.75641e-14,-0.125378,0.272727,0.272727
16,0.00145,1.16808e-16,3.46403e-13,-7.13246e-13,0.257557,-2.20898e-15,8.65834e-14,-0.124285,0.295455,0.295455
16,0.00146,1.17035e-16,3.65965e-13,-6.97443e-13,0.263908,9.19811e-16,8.53952e-14,-0.122963,0.318182,0.318182
16,0.00147,1.17086e-16,3.84961e-13,-6.81964e-13,0.270521,3.68396e-15,8.40108e-14,-0.121407,0.340909,0.340909
16,0.00148,1.16901e-16,4.03385e-13,-6.66859e-13,0.277403,6.12247e-15,8.27529e-14,-0.119609,0.363636,0.363636
16,0.00149,1.16517e-16,4.21103e-13,-6.51854e-13,0.28456,8.14944e-15,8.12153e-14,-0.117565,0.386364,0.386364
16,0.0015,1.15925e-16,4.38092e-13,-6.37319e-13,0.291998,9.86287e-15,7.9795e-14,-0.115266,0.409091,0.409091
16,0.00151,1.15066e-16,4.54284e-13,-6.23008e-13,0.299722,1.11803e-14,7.84009e-14,-0.112708,0.431818,0.431818
16,0.00152,1.1402e-16,4.69572e-13,-6.08425e-13,0.307739,1.20732e-14,7.65602e-14,-0.109884,0.454545,0.454545
16,0.00153,1.12714e-16,4.83926e-13,-5.94737e-13,0.316055,1.2589e-14,7.54349e-14,-0.106787,0.477273,0.477273
16,0.00154,1.11143e-16,4.97229e-13,-5.80966e-13,0.324676,1.26699e-14,7.39778e-14,-0.103411,0.5,0.5
16,0.00155,1.0932e-16,5.09462e-13,-5.66979e-13,0.333608,1.23459e-14,7.24619e-14,-0.0997507,0.522727,0.522727
16,0.00156,1.07248e-16,5.205e-13,-5.52949e-13,0.342856,1.15452e-14,7.09531e-14,-0.0957991,0.545455,0.545455
16,0.00157,1.04943e-16,5.30319e-13,-5.3957e-13,0.352428,1.03432e-14,6.98659e-14,-0.0915499,0.568182,0.568182
16,0.00158,1.02298e-16,5.3888e-13,-5.24822e-13,0.362328,8.6765e-15,6.81965e-14,-0.086997,0.590909,0.590909
16,0.00159,9.9416e-17,5.46014e-13,-5.11179e-13,0.372564,6.51648e-15,6.72876e-14,-0.0821341,0.613636,0.613636
16,0.0016,9.61496e-17,5.51737e-13,-4.97316e-13,0.383141,3.92297e-15,6.65929e-14,-0.0769549,0.636364,0.636364
16,0.00161,9.27045e-17,5.55865e-13,-4.83751e-13,0.394064,7.8664e-16,6.61437e-14,-0.0714531,0.659091,0.659091
16,0.00162,8.89276e-17,5.58508e-13,-4.68767e-13,0.405341,-2.83961e-15,6.54965e-14,-0.0656226,0.681818,0.681818
16,0.00163,8.48422e-17,5.59419e-13,-4.55395e-13,0.416977,-6.97143e-15,6.57808e-14,-0.0594569,0.704545,0.704545
16,0.00164,8.03625e-17,5.58642e-13,-4.40126e-13,0.428978,-1.16496e-14,6.58026e-14,-0.05295,0.727273,0.727273
16,0.00165,7.56838e-17,5.55978e-13,-4.26316e-13,0.441351,-1.68429e-14,6.66651e-14,-0.0460954,0.75,0.75
16,0.00166,7.05179e-17,5.51575e-13,-4.0924e-13,0.4541,-2.25818e-14,6.71203e-14,-0.0388869,0.772727,0.772727
16,0.00167,6.51374e-17,5.45111e-13,-3.93978e-13,0.467233,-2.89287e-14,6.85398e-14,-0.0313183,0.795455,0.795455
16,0.00168,5.93584e-17,5.3665e-13,-3.78329e-13,0.480755,-3.57786e-14,7.05485e-14,-0.0233832,0.818182,0.818182
16,0.00169,5.32664e-17,5.26133e-13,-3.61194e-13,0.494673,-4.32401e-14,7.26885e-14,-0.0150755,0.840909,0.840909
16,0.0017,4.68647e-17,5.13433e-13,-3.44262e-13,0.508991,-5.13214e-14,7.55194e-14,-0.00638885,0.863636,0.863636
16,0.00171,3.99358e-17,4.98551e-13,-3.26132e-13,0.523717,-5.99831e-14,7.90051e-14,0.00268302,0.886364,0.886364
16,0.00172,3.27742e-17,4.81285e-13,-3.08884e-13,0.538857,-6.92893e-14,8.32053e-14,0.0121464,0.909091,0.909091
16,0.00173,2.51018e-17,4.61738e-13,-2.88674e-13,0.554416,-7.91983e-14,8.78776e-14,0.0220075,0.931818,0.931818
16,0.00174,1.71885e-17,4.39646e-13,-2.68655e-13,0.5704,-8.97896e-14,9.32202e-14,0.0322726,0.954545,0.954545
16,0.00175,8.74462e-18,4.15071e-13,-2.48141e-13,0.586816,-1.00958e-13,9.95471e-14,0.0429479,0.977273,0.977273
16,0.00176,0,3.8794e-13,-2.26791e-13,0.60367,-1.12881e-13,1.06651e-13,0.0540399,1,1
32,0.00177,0,2.86623e-14,-0.11327,0.701651,2.19652e-13,-0.49325,0.565988,1,0.990541
32,0.00178,4.98693e-20,2.8788e-14,-0.108651,0.681893,2.14384e-13,-0.470156,0.560976,1,0.981082
32,0.00179,5.03791e-20,2.89583e-14,-0.104157,0.662404,2.09122e-13,-0.447746,0.556054,1,0.971623
32,0.0018,1.01778e-19,2.91011e-14,-0.0997839,0.643176,2.03822e-13,-0.426002,0.551217,1,0.962164
32,0.00181,5.13986e-20,2.92988e-14,-0.0955276,0.6242,1.98598e-13,-0.404902,0.546465,1,0.952705
32,0.00182,5.19083e-20,2.94747e-14,-0.091385,0.60547,1.93342e-13,-0.384428,0.541794,1,0.943246
32,0.00183,1.04836e-19,2.96147e-14,-0.0873528,0.586979,1.88037e-13,-0.364562,0.537201,1,0.933787
32,0.00184,0,2.98477e-14,-0.0834277,0.568719,1.82818e-13,-0.345286,0.532686,1,0.924328
32,0.00185,0,3.00163e-14,-0.0796066,0.550684,1.77567e-13,-0.326583,0.528245,1,0.914869
32,0.00186,0,3.01864e-14,-0.0758868,0.532867,1.72294e-13,-0.308437,0.523876,1,0.90541
32,0.00187,0,3.03529e-14,-0.0722652,0.515263,1.67029e-13,-0.290832,0.519577,1,0.895951
32,0.00188,0,3.05251e-14,-0.0687392,0.497865,1.6177e-13,-0.273753,0.515347,1,0.886493
32,0.00189,0,3.06916e-14,-0.0653061,0.480668,1.56505e-13,-0.257186,0.511183,1,0.877034
32,0.0019,5.59863e-20,3.08306e-14,-0.0619634,0.463667,1.5124e-13,-0.241117,0.507084,1,0.867575
32,0.00191,5.6496e-20,3.10008e-14,-0.0587086,0.446855,1.45977e-13,-0.225531,0.503047,1,0.858116
32,0.00192,5.70058e-20,3.11709e-14,-0.0555394,0.430228,1.40715e-13,-0.210418,0.499072,1,0.848657
32,0.00193,5.75155e-20,3.13467e-14,-0.0524536,0.413781,1.35459e-13,-0.195763,0.495156,1,0.839198
32,0.00194,5.80253e-20,3.15168e-14,-0.0494488,0.397509,1.30197e-13,-0.181554,0.491299,1,0.829739
32,0.00195,5.8535e-20,3.16869e-14,-0.0465231,0.381408,1.24935e-13,-0.167781,0.487498,1,0.82028
32,0.00196,5.90448e-20,3.18532e-14,-0.0436742,0.365474,1.19649e-13,-0.154431,0.483752,1,0.810821
32,0.00197,5.95545e-20,3.20215e-14,-0.0409004,0.349701,1.14405e-13,-0.141494,0.480059,1,0.801362
32,0.00198,6.00643e-20,3.21916e-14,-0.0381996,0.334086,1.09143e-13,-0.128959,0.476419,1,0.791903
32,0.00199,6.0574e-20,3.23616e-14,-0.0355701,0.318625,1.03881e-13,-0.116817,0.472829,1,0.782444
32,0.002,6.10838e-20,3.25317e-14,-0.0330099,0.303314,9.86187e-14,-0.105057,0.46929,1,0.772985
32,0.00201,6.15935e-20,3.27075e-14,-0.0305175,0.288149,9.33625e-14,-0.0936694,0.465798,1,0.763526
32,0.00202,6.21033e-20,3.28775e-14,-0.0280912,0.273127,8.81004e-14,-0.0826458,0.462354,1,0.754067
32,0.00203,6.2613e-20,3.30439e-14,-0.0257292,0.258244,8.28154e-14,-0.071977,0.458956,1,0.744608
32,0.00204,6.31228e-20,3.32119e-14,-0.0234301,0.243497,7.75703e-14,-0.0616543,0.455603,1,0.735149
32,0.00205,6.36325e-20,3.33876e-14,-0.0211924,0.228883,7.2314e-14,-0.0516695,0.452294,1,0.72569
32,0.00206,6.41423e-20,3.35541e-14,-0.0190146,0.214397,6.70298e-14,-0.0420146,0.449028,1,0.716231
32,0.00207,6.4652e-20,3.37277e-14,-0.0168953,0.200039,6.17898e-14,-0.0326816,0.445803,1,0.706772
32,0.00208,0,3.39121e-14,-0.0148331,0.185803,5.65296e-14,-0.0236631,0.44262,1,0.697313
32,0.00209,0,3.40814e-14,-0.0128266,0.171688,5.12676e-14,-0.0149517,0.439476,1,0.687854
32,0.0021,0,3.42497e-14,-0.0108746,0.157691,4.60133e-14,-0.00654036,0.436371,1,0.678395
32,0.00211,0,3.44173e-14,-0.00897591,0.143809,4.07406e-14,0.00157782,0.433304,1,0.668937
32,0.00212,6.72008e-20,3.45721e-14,-0.00712922,0.130039,3.54733e-14,0.00940952,0.430275,1,0.659478
32,0.00213,6.77105e-20,3.47421e-14,-0.00533337,0.116379,3.02112e-14,0.0169612,0.427281,1,0.650019
32,0.00214,6.82203e-20,3.49177e-14,-0.00358724,0.102827,2.4955e-14,0.0242392,0.424324,1,0.64056
32,0.00215,6.873e-20,3.50843e-14,-0.00188972,0.0893794,1.96726e-14,0.0312495,0.421401,1,0.631101
32,0.00216,6.92397e-20,3.52577e-14,-0.000239724,0.0760346,1.44307e-14,0.037998,0.418512,1,0.621642
32,0.00217,6.97495e-20,3.5422e-14,0.00136378,0.0627903,9.16267e-15,0.0444906,0.415656,1,0.612183
32,0.00218,7.02592e-20,3.55919e-14,0.0029218,0.0496442,3.90054e-15,0.0507328,0.412833,1,0.602724
32,0.00219,7.0769e-20,3.57619e-14,0.00443533,0.0365942,-1.3616e-15,0.0567299,0.410042,1,0.593265
32,0.0022,7.12787e-20,3.59375e-14,0.00590531,0.0236383,-6.61785e-15,0.0624873,0.407281,1,0.583806
32,0.00221,7.17885e-20,3.61018e-14,0.00733269,0.0107744,-1.18859e-14,0.06801,0.404552,1,0.574347
32,0.00222,7.22982e-20,3.62717e-14,0.00871835,-0.00199928,-1.7148e-14,0.0733031,0.401852,1,0.564888
32,0.00223,7.2808e-20,3.64417e-14,0.0100632,-0.0146848,-2.24102e-14,0.0783712,0.399181,1,0.555429
32,0.00224,7.33177e-20,3.66173e-14,0.011368,-0.0272839,-2.76664e-14,0.0832193,0.396539,1,0.54597
32,0.00225,7.38275e-20,3.6784e-14,0.0126337,-0.0397984,-3.29467e-14,0.0878517,0.393925,1,0.536511
32,0.00226,7.43372e-20,3.69571e-14,0.013861,-0.0522301,-3.81907e-14,0.0922729,0.391338,1,0.527052
32,0.00227,7.4847e-20,3.7127e-14,0.0150508,-0.0645806,-4.34529e-14,0.0964872,0.388778,1,0.517593
32,0.00228,7.53567e-20,3.7297e-14,0.0162037,-0.0768516,-4.8715e-14,0.100499,0.386245,1,0.508134
32,0.00229,7.58665e-20,3.74612e-14,0.0173206,-0.0890447,-5.3983e-14,0.104312,0.383737,1,0.498675
32,0.0023,7.63762e-20,3.76311e-14,0.0184022,-0.101161,-5.92452e-14,0.107931,0.381254,1,0.489216
32,0.00231,7.6886e-20,3.7801e-14,0.0194491,-0.113203,-6.45074e-14,0.111358,0.378797,1,0.479757
32,0.00232,7.73957e-20,3.79766e-14,0.0204621,-0.125172,-6.97636e-14,0.114599,0.376363,1,0.470298
32,0.00233,7.79055e-20,3.81408e-14,0.0214418,-0.137069,-7.50317e-14,0.117657,0.373953,1,0.460839
32,0.00234,7.84152e-20,3.83107e-14,0.0223888,-0.148895,-8.02938e-14,0.120535,0.371567,1,0.451381
32,0.00235,0,3.84844e-14,0.0233038,-0.160652,-8.5545e-14,0.123236,0.369204,1,0.441922
32,0.00236,7.94347e-20,3.86562e-14,0.0241875,-0.172341,-9.08122e-14,0.125765,0.366863,1,0.432463
32,0.00237,7.99445e-20,3.88231e-14,0.0250403,-0.183963,-9.60899e-14,0.128124,0.364544,1,0.423004
32,0.00238,-4.02271e-20,3.89908e-14,0.025863,-0.195521,-1.01328e-13,0.130317,0.362246,1,0.413545
32,0.00239,-4.0482e-20,3.91627e-14,0.026656,-0.207014,-1.06587e-13,0.132347,0.35997,1,0.404086
32,0.0024,-4.07369e-20,3.93318e-14,0.0274199,-0.218445,-1.11849e-13,0.134216,0.357715,1,0.394627
32,0.00241,8.19835e-20,3.95056e-14,0.0281553,-0.229814,-1.17123e-13,0.135929,0.35548,1,0.385168
32,0.00242,8.24932e-20,3.96754e-14,0.0288627,-0.241122,-1.22385e-13,0.137487,0.353265,1,0.375709
32,0.00243,8.3003e-20,3.98396e-14,0.0295426,-0.252371,-1.27653e-13,0.138894,0.35107,1,0.36625
32,0.00244,8.35127e-20,4.00095e-14,0.0301956,-0.263562,-1.32915e-13,0.140152,0.348893,1,0.356791
32,0.00245,8.40224e-20,4.0185e-14,0.030822,-0.274695,-1.38172e-13,0.141265,0.346736,1,0.347332
32,0.00246,8.45322e-20,4.03549e-14,0.0314224,-0.285773,-1.43434e-13,0.142234,0.344598,1,0.337873
32,0.00247,8.50419e-20,4.0522e-14,0.0319973,-0.296795,-1.48709e-13,0.143062,0.342478,1,0.328414
32,0.00248,0,4.0686e-14,0.032547,-0.307763,-1.53951e-13,0.143753,0.340375,1,0.318955
32,0.00249,0,4.08553e-14,0.0330722,-0.318677,-1.59213e-13,0.144307,0.338291,1,0.309496
32,0.0025,0,4.10231e-14,0.0335731,-0.32954,-1.64472e-13,0.144729,0.336224,1,0.300037
32,0.00251,-4.35405e-20,4.11861e-14,0.0340502,-0.34035,-1.69737e-13,0.145019,0.334173,1,0.290578
32,0.00252,0,4.13634e-14,0.034504,-0.351111,-1.74999e-13,0.145181,0.33214,1,0.281119
32,0.00253,0,4.15327e-14,0.0349348,-0.361822,-1.80261e-13,0.145216,0.330122,1,0.27166
32,0.00254,-4.43051e-20,4.16991e-14,0.035343,-0.372484,-1.85517e-13,0.145127,0.328121,1,0.262201
32,0.00255,0,4.18714e-14,0.0357291,-0.383098,-1.90785e-13,0.144915,0.326136,1,0.252742
32,0.00256,0,4.20408e-14,0.0360933,-0.393665,-1.96047e-13,0.144584,0.324167,1,0.243283
32,0.00257,0,4.22101e-14,0.0364361,-0.404186,-2.0131e-13,0.144135,0.322212,1,0.233825
32,0.00258,0,4.23778e-14,0.0367579,-0.414661,-2.06569e-13,0.14357,0.320273,1,0.224366
32,0.00259,-9.11589e-20,4.25316e-14,0.0370589,-0.425092,-2.1182e-13,0.14289,0.318349,1,0.214907
32,0.0026,-9.16687e-20,4.26988e-14,0.0373396,-0.435478,-2.1708e-13,0.142099,0.316439,1,0.205448
32,0.00261,-9.21784e-20,4.28737e-14,0.0376002,-0.445821,-2.22343e-13,0.141197,0.314543,1,0.195989
32,0.00262,-9.26882e-20,4.30381e-14,0.0378411,-0.456122,-2.27606e-13,0.140186,0.312662,1,0.18653
32,0.00263,-9.31979e-20,4.3207e-14,0.0380626,-0.466381,-2.32868e-13,0.139069,0.310794,1,0.177071
32,0.00264,-9.37077e-20,4.33775e-14,0.0382651,-0.476598,-2.38132e-13,0.137847,0.30894,1,0.167612
32,0.00265,-9.42174e-20,4.35492e-14,0.0384488,-0.486775,-2.43391e-13,0.136522,0.3071,1,0.158153
32,0.00266,9.47272e-20,4.37458e-14,0.0386141,-0.496912,-2.48683e-13,0.135095,0.305272,1,0.148694
32,0.00267,9.52369e-20,4.39213e-14,0.0387612,-0.50701,-2.5394e-13,0.133568,0.303458,1,0.139235
32,0.00268,9.57467e-20,4.40889e-14,0.0388905,-0.51707,-2.59211e-13,0.131943,0.301657,1,0.129776
32,0.00269,9.62564e-20,4.42552e-14,0.0390022,-0.527091,-2.6447e-13,0.130221,0.299868,1,0.120317
32,0.0027,9.67662e-20,4.4425e-14,0.0390965,-0.537075,-2.69732e-13,0.128404,0.298091,1,0.110858
32,0.00271,9.72759e-20,4.4604e-14,0.0391739,-0.547022,-2.74991e-13,0.126493,0.296326,1,0.101399
32,0.00272,9.77857e-20,4.47703e-14,0.0392344,-0.556933,-2.80251e-13,0.124489,0.294574,1,0.0919402
32,0.00273,9.82954e-20,4.49344e-14,0.0392785,-0.566809,-2.85519e-13,0.122395,0.292833,1,0.0824812
32,0.00274,9.88052e-20,4.51042e-14,0.0393063,-0.576649,-2.90781e-13,0.120211,0.291104,1,0.0730223
32,0.00275,9.93149e-20,4.52797e-14,0.0393181,-0.586455,-2.96037e-13,0.117939,0.289387,1,0.0635633
32,0.00276,9.98246e-20,4.54474e-14,0.0393142,-0.596226,-3.01307e-13,0.11558,0.28768,1,0.0541044
32,0.00277,0,4.55971e-14,0.0392947,-0.605964,-3.0655e-13,0.113136,0.285985,1,0.0446454
32,0.00278,-1.00844e-19,4.57447e-14,0.03926,-0.615669,-3.11797e-13,0.110608,0.284301,1,0.0351864
32,0.00279,0,4.59357e-14,0.0392102,-0.625342,-3.17074e-13,0.107997,0.282627,1,0.0257275
32,0.0028,0,4.61033e-14,0.0391456,-0.634983,-3.22336e-13,0.105305,0.280964,1,0.0162685
32,0.00281,0,4.62744e-14,0.0390665,-0.644592,-3.27598e-13,0.102532,0.279312,1,0.00680958
32,0.00282,-1.02883e-19,4.64185e-14,0.0389729,-0.65417,-3.32845e-13,0.0996793,0.277669,1,-0.00264938
32,0.00283,-1.03393e-19,4.65798e-14,0.0388651,-0.663717,-3.38113e-13,0.096749,0.276037,1,-0.0121083
32,0.00284,-1.03903e-19,4.67534e-14,0.0387434,-0.673234,-3.43372e-13,0.0937419,0.274415,1,-0.0215673
32,0.00285,-1.04412e-19,4.69223e-14,0.0386079,-0.682722,-3.48634e-13,0.090659,0.272803,1,-0.0310262
32,0.00286,-1.04922e-19,4.70865e-14,0.0384589,-0.69218,-3.53899e-13,0.0875014,0.2712,1,-0.0404852
32,0.00287,-1.05432e-19,4.72649e-14,0.0382965,-0.701609,-3.59155e-13,0.0842703,0.269607,1,-0.0499442
32,0.00288,-1.05942e-19,4.7429e-14,0.038121,-0.71101,-3.6442e-13,0.0809666,0.268023,1,-0.0594031
32,0.00289,-1.06451e-19,4.75979e-14,0.0379324,-0.720383,-3.69682e-13,0.0775915,0.266449,1,-0.0688621
32,0.0029,-1.06961e-19,4.77697e-14,0.0377311,-0.729728,-3.74941e-13,0.074146,0.264884,1,-0.078321
32,0.00291,1.07471e-19,4.79905e-14,0.0375172,-0.739046,-3.80238e-13,0.070631,0.263328,1,-0.08778
32,0.00292,1.07981e-19,4.81659e-14,0.0372908,-0.748337,-3.85494e-13,0.0670476,0.26178,1,-0.0972389
32,0.00293,1.0849e-19,4.8334e-14,0.0370522,-0.757602,-3.9076e-13,0.0633967,0.260242,1,-0.106698
32,0.00294,1.09e-19,4.85038e-14,0.0368015,-0.76684,-3.96022e-13,0.0596792,0.258712,1,-0.116157
32,0.00295,1.0951e-19,4.86695e-14,0.0365389,-0.776053,-4.01287e-13,0.0558961,0.257191,1,-0.125616
32,0.00296,1.1002e-19,4.88393e-14,0.0362645,-0.78524,-4.06549e-13,0.0520483,0.255678,1,-0.135075
32,0.00297,1.10529e-19,4.90147e-14,0.0359785,-0.794403,-4.11806e-13,0.0481367,0.254173,1,-0.144534
32,0.00298,1.11039e-19,4.91829e-14,0.0356811,-0.80354,-4.1707e-13,0.0441622,0.252676,1,-0.153993
32,0.00299,0,4.93227e-14,0.0353725,-0.812654,-4.22315e-13,0.0401256,0.251188,1,-0.163452
32,0.003,0,4.9492e-14,0.0350527,-0.821743,-4.27577e-13,0.0360278,0.249707,1,-0.172911
32,0.00301,0,4.96593e-14,0.0347219,-0.830808,-4.32841e-13,0.0318696,0.248235,1,-0.18237
32,0.00302,0,4.98279e-14,0.0343804,-0.839851,-4.38104e-13,0.0276518,0.24677,1,-0.191829
32,0.00303,0,5.00001e-14,0.0340281,-0.84887,-4.43363e-13,0.0233753,0.245312,1,-0.201287
32,0.00304,-1.14098e-19,5.01366e-14,0.0336653,-0.857866,-4.48608e-13,0.0190408,0.243863,1,-0.210746
32,0.00305,-1.14607e-19,5.02977e-14,0.0332922,-0.86684,-4.53878e-13,0.0146491,0.24242,1,-0.220205
32,0.00306,-1.15117e-19,5.04695e-14,0.0329088,-0.875792,-4.59137e-13,0.0102009,0.240985,1,-0.229664
32,0.00307,-1.15627e-19,5.06412e-14,0.0325152,-0.884722,-4.64396e-13,0.00569701,0.239557,1,-0.239123
32,0.00308,-1.16137e-19,5.08024e-14,0.0321117,-0.89363,-4.69667e-13,0.00113816,0.238137,1,-0.248582
32,0.00309,-1.16646e-19,5.09763e-14,0.0316984,-0.902517,-4.74923e-13,-0.00347493,0.236723,1,-0.258041
32,0.0031,-1.17156e-19,5.11452e-14,0.0312753,-0.911383,-4.80185e-13,-0.00814157,0.235317,1,-0.2675
32,0.00311,-1.17666e-19,5.13091e-14,0.0308426,-0.920229,-4.85453e-13,-0.012861,0.233917,1,-0.276959
32,0.00312,-1.18176e-19,5.14881e-14,0.0304005,-0.929054,-4.90703e-13,-0.0176327,0.232524,1,-0.286418
32,0.00313,-1.18685e-19,5.16492e-14,0.0299489,-0.937858,-4.95974e-13,-0.0224558,0.231137,1,-0.295877
32,0.00314,-1.19195e-19,5.18209e-14,0.0294882,-0.946643,-5.01234e-13,-0.0273297,0.229758,1,-0.305336
32,0.00315,-1.19705e-19,5.19899e-14,0.0290184,-0.955408,-5.06496e-13,-0.0322539,0.228384,1,-0.314795
32,0.00316,0,5.22016e-14,0.0285395,-0.964154,-5.11769e-13,-0.0372275,0.227018,1,-0.324254
32,0.00317,0,5.2371e-14,0.0280518,-0.97288,-5.17031e-13,-0.0422501,0.225657,1,-0.333713
32,0.00318,0,5.2538e-14,0.0275553,-0.981588,-5.22297e-13,-0.047321,0.224303,1,-0.343172
32,0.00319,0,5.27097e-14,0.0270501,-0.990277,-5.27555e-13,-0.0524396,0.222955,1,-0.352631
32,0.0032,0,5.2879e-14,0.0265364,-0.998947,-5.32817e-13,-0.0576052,0.221613,1,-0.36209
32,0.00321,0,5.30484e-14,0.0260143,-1.0076,-5.38079e-13,-0.0628174,0.220277,1,-0.371549
32,0.00322,0,5.32177e-14,0.0254838,-1.01623,-5.43341e-13,-0.0680754,0.218948,1,-0.381008
32,0.00323,0,5.3387e-14,0.024945,-1.02485,-5.48603e-13,-0.0733789,0.217624,1,-0.390467
32,0.00324,0,5.35564e-14,0.0243982,-1.03345,-5.53865e-13,-0.0787271,0.216306,1,-0.399926
32,0.00325,0,5.37257e-14,0.0238433,-1.04203,-5.59127e-13,-0.0841196,0.214993,1,-0.409385
32,0.00326,0,5.38927e-14,0.0232804,-1.05059,-5.64394e-13,-0.0895559,0.213686,1,-0.418843
32,0.00327,0,5.40616e-14,0.0227097,-1.05914,-5.69654e-13,-0.0950353,0.212385,1,-0.428302
32,0.00328,0,5.42338e-14,0.0221313,-1.06767,-5.74913e-13,-0.100557,0.21109,1,-0.437761
32,0.00329,-6.34207e-20,5.43843e-14,0.0215452,-1.07619,-5.80162e-13,-0.106122,0.2098,1,-0.44722
32,0.0033,-6.36755e-20,5.45478e-14,0.0209516,-1.08468,-5.8543e-13,-0.111727,0.208515,1,-0.456679
32,0.00331,-6.39304e-20,5.47178e-14,0.0203504,-1.09316,-5.90696e-13,-0.117374,0.207236,1,-0.466138
32,0.00332,-6.41853e-20,5.48918e-14,0.0197419,-1.10163,-5.95948e-13,-0.123062,0.205961,1,-0.475597
32,0.00333,0,5.50805e-14,0.0191261,-1.11008,-6.01223e-13,-0.12879,0.204693,1,-0.485056
32,0.00334,0,5.52499e-14,0.0185031,-1.11851,-6.06485e-13,-0.134557,0.203429,1,-0.494515
32,0.00335,0,5.54192e-14,0.017873,-1.12693,-6.11747e-13,-0.140364,0.20217,1,-0.503974
32,0.00336,0,5.55886e-14,0.0172358,-1.13534,-6.17009e-13,-0.146209,0.200917,1,-0.513433
32,0.00337,0,5.57579e-14,0.0165917,-1.14372,-6.22271e-13,-0.152093,0.199668,1,-0.522892
32,0.00338,0,5.59273e-14,0.0159407,-1.1521,-6.27533e-13,-0.158015,0.198424,1,-0.532351
32,0.00339,0,5.60938e-14,0.0152829,-1.16046,-6.32798e-13,-0.163974,0.197186,1,-0.54181
32,0.0034,0,5.62635e-14,0.0146183,-1.1688,-6.38064e-13,-0.16997,0.195952,1,-0.551269
32,0.00341,0,5.64353e-14,0.0139472,-1.17713,-6.4332e-13,-0.176003,0.194722,1,-0.560728
32,0.00342,0,5.66047e-14,0.0132695,-1.18545,-6.48582e-13,-0.182072,0.193498,1,-0.570187
32,0.00343,0,5.67715e-14,0.0125852,-1.19375,-6.5385e-13,-0.188176,0.192278,1,-0.579646
32,0.00344,0,5.69433e-14,0.0118946,-1.20204,-6.59106e-13,-0.194316,0.191062,1,-0.589105
32,0.00345,0,5.71127e-14,0.0111976,-1.21031,-6.64368e-13,-0.200491,0.189852,1,-0.598564
32,0.00346,0,5.7282e-14,0.0104944,-1.21857,-6.6963e-13,-0.2067,0.188645,1,-0.608023
32,0.00347,0,5.74486e-14,0.0097849,-1.22682,-6.74895e-13,-0.212944,0.187443,1,-0.617482
32,0.00348,0,5.76207e-14,0.00906931,-1.23505,-6.80154e-13,-0.219221,0.186246,1,-0.626941
32,0.00349,0,5.77901e-14,0.00834765,-1.24328,-6.85416e-13,-0.225532,0.185053,1,-0.636399
32,0.0035,-6.8773e-20,5.79367e-14,0.00762,-1.25148,-6.90662e-13,-0.231875,0.183864,1,-0.645858
32,0.00351,0,5.81288e-14,0.00688642,-1.25968,-6.9594e-13,-0.238252,0.182679,1,-0.655317
32,0.00352,0,5.82955e-14,0.00614698,-1.26786,-7.01209e-13,-0.24466,0.181499,1,-0.664776
32,0.00353,0,5.84675e-14,0.00540173,-1.27603,-7.06464e-13,-0.251101,0.180322,1,-0.674235
32,0.00354,0,5.86368e-14,0.00465075,-1.28419,-7.11726e-13,-0.257573,0.17915,1,-0.683694
32,0.00355,0,5.88062e-14,0.00389409,-1.29234,-7.16988e-13,-0.264077,0.177982,1,-0.693153
32,0.00356,0,5.89727e-14,0.00313182,-1.30047,-7.22253e-13,-0.270611,0.176818,1,-0.702612
32,0.00357,0,5.91449e-14,0.002364,-1.30859,-7.27512e-13,-0.277176,0.175658,1,-0.712071
32,0.00358,0,5.93142e-14,0.00159069,-1.3167,-7.32774e-13,-0.283771,0.174502,1,-0.72153
32,0.00359,0,5.94836e-14,0.000811946,-1.3248,-7.38036e-13,-0.290396,0.173349,1,-0.730989
32,0.0036,0,5.96502e-14,2.78267e-05,-1.33288,-7.43306e-13,-0.297051,0.172201,1,-0.740448
32,0.00361,0,5.98223e-14,-0.000761609,-1.34096,-7.4856e-13,-0.303735,0.171056,1,-0.749907
32,0.00362,0,5.99916e-14,-0.00155631,-1.34902,-7.53822e-13,-0.310447,0.169915,1,-0.759366
32,0.00363,0,6.0161e-14,-0.00235621,-1.35707,-7.59084e-13,-0.317189,0.168778,1,-0.768825
32,0.00364,0,6.03275e-14,-0.00316126,-1.36511,-7.64349e-13,-0.323959,0.167644,1,-0.778284
32,0.00365,0,6.04996e-14,-0.0039714,-1.37314,-7.69608e-13,-0.330757,0.166514,1,-0.787743
32,0.00366,0,6.0669e-14,-0.00478659,-1.38116,-7.7487e-13,-0.337583,0.165388,1,-0.797202
32,0.00367,-7.31059e-20,6.08126e-14,-0.00560676,-1.38917,-7.80115e-13,-0.344436,0.164265,1,-0.806661
32,0.00368,0,6.10077e-14,-0.00643188,-1.39717,-7.85394e-13,-0.351316,0.163146,1,-0.81612
32,0.00369,0,6.1177e-14,-0.00726188,-1.40516,-7.90656e-13,-0.358223,0.162031,1,-0.825579
32,0.0037,0,6.13464e-14,-0.00809671,-1.41313,-7.95918e-13,-0.365157,0.160918,1,-0.835038
32,0.00371,-7.41254e-20,6.14864e-14,-0.00893633,-1.4211,-8.01172e-13,-0.372117,0.159809,1,-0.844496
32,0.00372,0,6.16851e-14,-0.00978069,-1.42905,-8.06442e-13,-0.379104,0.158704,1,-0.853955
32,0.00373,0,6.18516e-14,-0.0106297,-1.437,-8.11707e-13,-0.386116,0.157602,1,-0.863414
32,0.00374,0,6.20238e-14,-0.0114834,-1.44494,-8.16966e-13,-0.393154,0.156503,1,-0.872873
32,0.00375,0,6.21931e-14,-0.0123417,-1.45286,-8.22228e-13,-0.400217,0.155408,1,-0.882332
32,0.00376,0,6.23596e-14,-0.0132045,-1.46078,-8.27493e-13,-0.407305,0.154315,1,-0.891791
32,0.00377,0,6.25289e-14,-0.0140718,-1.46868,-8.32763e-13,-0.414417,0.153226,1,-0.90125
32,0.00378,0,6.27012e-14,-0.0149436,-1.47658,-8.38014e-13,-0.421555,0.152141,1,-0.910709
32,0.00379,0,6.28705e-14,-0.0158198,-1.48447,-8.43276e-13,-0.428716,0.151058,1,-0.920168
32,0.0038,0,6.30399e-14,-0.0167003,-1.49235,-8.48538e-13,-0.435902,0.149978,1,-0.929627
32,0.00381,0,6.32092e-14,-0.0175852,-1.50021,-8.538e-13,-0.443111,0.148902,1,-0.939086
32,0.00382,0,6.33756e-14,-0.0184744,-1.50807,-8.59073e-13,-0.450344,0.147828,1,-0.948545
32,0.00383,0,6.35479e-14,-0.0193678,-1.51592,-8.64324e-13,-0.457601,0.146758,1,-0.958004
32,0.00384,0,6.37144e-14,-0.0202653,-1.52376,-8.69589e-13,-0.46488,0.145691,1,-0.967463
32,0.00385,-7.76936e-20,6.3852e-14,-0.0211671,-1.5316,-8.74836e-13,-0.472182,0.144626,1,-0.976922
32,0.00386,-7.79485e-20,6.40269e-14,-0.0220729,-1.53942,-8.80092e-13,-0.479507,0.143565,1,-0.986381
28,0.00387,-1.56407e-19,-2.65706e-13,0.0462801,-2.02661,-3.61929e-13,0.877298,-8.53554,1,1.00416
28,0.00388,-7.84582e-20,-2.64621e-13,0.0451969,-1.94329,-3.66068e-13,0.857975,-8.42142,1,0.994701
28,0.00389,-1.57426e-19,-2.6367e-13,0.0441247,-1.86023,-3.70573e-13,0.838898,-8.30771,1,0.985242
28,0.0039,-1.57936e-19,-2.62638e-13,0.0430633,-1.77745,-3.74899e-13,0.820066,-8.1944,1,0.975783
28,0.00391,-7.92229e-20,-2.61609e-13,0.0420125,-1.69493,-3.7904e-13,0.801476,-8.0815,1,0.966324
28,0.00392,-7.94777e-20,-2.60596e-13,0.0409724,-1.61268,-3.83367e-13,0.783125,-7.96899,1,0.956865
28,0.00393,-7.97326e-20,-2.59569e-13,0.0399429,-1.53069,-3.87699e-13,0.765012,-7.85688,1,0.947406
28,0.00394,-7.99875e-20,-2.58569e-13,0.0389237,-1.44896,-3.92022e-13,0.747134,-7.74515,1,0.937948
28,0.00395,-1.60485e-19,-2.57576e-13,0.0379148,-1.36748,-3.96518e-13,0.729489,-7.63381,1,0.928489
28,0.00396,-1.60994e-19,-2.56567e-13,0.0369162,-1.28626,-4.00849e-13,0.712074,-7.52286,1,0.91903
28,0.00397,-1.61504e-19,-2.55565e-13,0.0359276,-1.20529,-4.05169e-13,0.694888,-7.41228,1,0.909571
28,0.00398,-1.62014e-19,-2.5455e-13,0.0349491,-1.12457,-4.09494e-13,0.677928,-7.30208,1,0.900112
28,0.00399,-1.62524e-19,-2.53519e-13,0.0339806,-1.0441,-4.1382e-13,0.661193,-7.19225,1,0.890653
28,0.004,-1.63033e-19,-2.52488e-13,0.0330218,-0.963869,-4.18146e-13,0.644679,-7.08278,1,0.881194
28,0.00401,-1.63543e-19,-2.51486e-13,0.0320728,-0.883883,-4.22467e-13,0.628386,-6.97368,1,0.871735
28,0.00402,-1.64053e-19,-2.50471e-13,0.0311335,-0.804137,-4.26792e-13,0.612311,-6.86495,1,0.862276
28,0.00403,-8.22813e-20,-2.4945e-13,0.0302037,-0.724629,-4.30969e-13,0.596451,-6.75657,1,0.852817
28,0.00404,-8.25362e-20,-2.48424e-13,0.0292834,-0.645357,-4.353e-13,0.580806,-6.64854,1,0.843358
28,0.00405,-8.27911e-20,-2.47423e-13,0.0283725,-0.566318,-4.39623e-13,0.565372,-6.54087,1,0.833899
28,0.00406,-8.3046e-20,-2.46385e-13,0.0274709,-0.487511,-4.43958e-13,0.550148,-6.43354,1,0.82444
28,0.00407,-8.33008e-20,-2.45397e-13,0.0265785,-0.408933,-4.48278e-13,0.535133,-6.32656,1,0.814981
28,0.00408,-8.35557e-20,-2.44359e-13,0.0256952,-0.330583,-4.52613e-13,0.520324,-6.21992,1,0.805522
28,0.00409,-1.67621e-19,-2.43366e-13,0.024821,-0.252457,-4.57066e-13,0.505719,-6.11362,1,0.796063
28,0.0041,-1.68131e-19,-2.42351e-13,0.0239557,-0.174555,-4.61391e-13,0.491316,-6.00765,1,0.786604
28,0.00411,-1.68641e-19,-2.41336e-13,0.0230994,-0.0968733,-4.65716e-13,0.477114,-5.90202,1,0.777145
28,0.00412,-1.6915e-19,-2.40327e-13,0.0222518,-0.0194109,-4.70047e-13,0.463111,-5.79672,1,0.767686
28,0.00413,-1.6966e-19,-2.39323e-13,0.021413,0.0578344,-4.74369e-13,0.449305,-5.69174,1,0.758227
28,0.00414,-1.7017e-19,-2.38308e-13,0.0205828,0.134865,-4.78694e-13,0.435694,-5.58709,1,0.748768
28,0.00415,-1.7068e-19,-2.37282e-13,0.0197611,0.211681,-4.83023e-13,0.422276,-5.48275,1,0.739309
28,0.00416,-1.71189e-19,-2.36278e-13,0.018948,0.288287,-4.87345e-13,0.409051,-5.37874,1,0.72985
28,0.00417,-8.58496e-20,-2.35242e-13,0.0181433,0.364683,-4.91559e-13,0.396015,-5.27504,1,0.720392
28,0.00418,-8.61045e-20,-2.34229e-13,0.0173469,0.440872,-4.95887e-13,0.383168,-5.17165,1,0.710933
28,0.00419,-8.63593e-20,-2.33238e-13,0.0165588,0.516855,-5.00209e-13,0.370507,-5.06857,1,0.701474
28,0.0042,-8.66142e-20,-2.32219e-13,0.0157789,0.592634,-5.0453e-13,0.358032,-4.9658,1,0.692015
28,0.00421,-8.68691e-20,-2.31212e-13,0.0150071,0.668211,-5.08864e-13,0.345739,-4.86333,1,0.682556
28,0.00422,-1.74248e-19,-2.30189e-13,0.0142433,0.743588,-5.13296e-13,0.333629,-4.76117,1,0.673097
28,0.00423,-1.74758e-19,-2.29163e-13,0.0134876,0.818766,-5.17624e-13,0.321699,-4.6593,1,0.663638
28,0.00424,-1.75267e-19,-2.28145e-13,0.0127397,0.893747,-5.21946e-13,0.309948,-4.55772,1,0.654179
28,0.00425,-1.75777e-19,-2.27117e-13,0.0119997,0.968533,-5.26271e-13,0.298373,-4.45645,1,0.64472
28,0.00426,-1.76287e-19,-2.26116e-13,0.0112675,1.04313,-5.30597e-13,0.286974,-4.35546,1,0.635261
28,0.00427,-1.76797e-19,-2.25098e-13,0.010543,1.11753,-5.34919e-13,0.275749,-4.25476,1,0.625802
28,0.00428,-1.77306e-19,-2.24089e-13,0.00982609,1.19174,-5.3925e-13,0.264697,-4.15434,1,0.616343
28,0.00429,-8.89081e-20,-2.23096e-13,0.00911678,1.26576,-5.43487e-13,0.253816,-4.05421,1,0.606884
28,0.0043,-8.91629e-20,-2.22094e-13,0.00841498,1.33959,-5.47812e-13,0.243104,-3.95437,1,0.597425
28,0.00431,-8.94178e-20,-2.2108e-13,0.00772063,1.41324,-5.5214e-13,0.232561,-3.8548,1,0.587966
28,0.00432,-8.96727e-20,-2.20047e-13,0.00703366,1.48671,-5.56471e-13,0.222184,-3.7555,1,0.578507
28,0.00433,-8.99276e-20,-2.19054e-13,0.00635401,1.56,-5.60795e-13,0.211972,-3.65648,1,0.569048
28,0.00434,-9.01824e-20,-2.18041e-13,0.00568162,1.6331,-5.65123e-13,0.201925,-3.55773,1,0.559589
28,0.00435,-1.80875e-19,-2.1698e-13,0.00501642,1.70602,-5.69522e-13,0.192039,-3.45925,1,0.55013
28,0.00436,-1.81384e-19,-2.15968e-13,0.00435836,1.77877,-5.7385e-13,0.182315,-3.36104,1,0.540671
28,0.00437,-1.81894e-19,-2.14956e-13,0.00370738,1.85134,-5.78179e-13,0.172751,-3.26309,1,0.531212
28,0.00438,-1.82404e-19,-2.13951e-13,0.00306341,1.92374,-5.82503e-13,0.163345,-3.16541,1,0.521753
28,0.00439,-1.82914e-19,-2.12937e-13,0.00242639,1.99596,-5.86828e-13,0.154096,-3.06798,1,0.512294
28,0.0044,-1.83423e-19,-2.11912e-13,0.00179628,2.06801,-5.91155e-13,0.145003,-2.97081,1,0.502836
28,0.00441,-1.83933e-19,-2.10895e-13,0.00117301,2.1399,-5.95478e-13,0.136065,-2.8739,1,0.493377
28,0.00442,-1.84443e-19,-2.09877e-13,0.000556528,2.21161,-5.998e-13,0.12728,-2.77725,1,0.483918
28,0.00443,-9.24763e-20,-2.08923e-13,-5.3227e-05,2.28315,-6.04072e-13,0.118646,-2.68084,1,0.474459
28,0.00444,-2.78194e-19,-2.07792e-13,-0.000656308,2.35453,-6.08508e-13,0.110164,-2.58469,1,0.465
28,0.00445,-2.78958e-19,-2.06781e-13,-0.00125277,2.42575,-6.12838e-13,0.101831,-2.48878,1,0.455541
28,0.00446,-9.32409e-20,-2.05884e-13,-0.00184267,2.4968,-6.17056e-13,0.0936456,-2.39312,1,0.446082
28,0.00447,-9.34958e-20,-2.04862e-13,-0.00242605,2.56769,-6.21384e-13,0.0856077,-2.2977,1,0.436623
28,0.00448,-9.37507e-20,-2.03841e-13,-0.00300298,2.63842,-6.25712e-13,0.0777156,-2.20252,1,0.427164
28,0.00449,-1.88011e-19,-2.02775e-13,-0.00357351,2.70898,-6.30079e-13,0.0699681,-2.10758,1,0.417705
28,0.0045,-1.88521e-19,-2.01752e-13,-0.00413768,2.7794,-6.34405e-13,0.0623641,-2.01289,1,0.408246
28,0.00451,-1.89031e-19,-2.00746e-13,-0.00469554,2.84965,-6.3873e-13,0.0549024,-1.91842,1,0.398787
28,0.00452,-1.8954e-19,-1.99723e-13,-0.00524716,2.91975,-6.43056e-13,0.0475819,-1.82419,1,0.389328
28,0.00453,-1.9005e-19,-1.9872e-13,-0.00579258,2.98969,-6.47384e-13,0.0404014,-1.73019,1,0.379869
28,0.00454,-2.8584e-19,-1.97639e-13,-0.00633184,3.05948,-6.51742e-13,0.0333598,-1.63643,1,0.37041
28,0.00455,-1.9107e-19,-1.96701e-13,-0.006865,3.12912,-6.56039e-13,0.0264559,-1.54289,1,0.360951
28,0.00456,-3.83159e-19,-1.95542e-13,-0.00739211,3.19861,-6.60423e-13,0.0196887,-1.44958,1,0.351492
28,0.00457,-3.84178e-19,-1.94529e-13,-0.00791322,3.26795,-6.64742e-13,0.0130572,-1.35649,1,0.342033
28,0.00458,-1.92599e-19,-1.93644e-13,-0.00842836,3.33714,-6.6901e-13,0.00656012,-1.26362,1,0.332574
28,0.00459,-9.65543e-20,-1.92715e-13,-0.0089376,3.40619,-6.73317e-13,0.000196523,-1.17098,1,0.323115
28,0.0046,-9.68092e-20,-1.91694e-13,-0.00944097,3.47508,-6.77644e-13,-0.00603468,-1.07855,1,0.313656
28,0.00461,-9.7064e-20,-1.90683e-13,-0.00993853,3.54384,-6.81967e-13,-0.0121345,-0.986347,1,0.304197
28,0.00462,-2.91957e-19,-1.89502e-13,-0.0104303,3.61245,-6.86331e-13,-0.018104,-0.894356,1,0.294738
28,0.00463,-1.95148e-19,-1.88585e-13,-0.0109164,3.68092,-6.90645e-13,-0.0239443,-0.80258,1,0.28528
28,0.00464,-1.95657e-19,-1.8756e-13,-0.0113967,3.74924,-6.94967e-13,-0.0296562,-0.711016,1,0.275821
28,0.00465,-1.96167e-19,-1.86546e-13,-0.0118715,3.81743,-6.99293e-13,-0.0352408,-0.619662,1,0.266362
28,0.00466,-1.96677e-19,-1.85521e-13,-0.0123406,3.88547,-7.03615e-13,-0.0406992,-0.528519,1,0.256903
28,0.00467,-1.97187e-19,-1.84507e-13,-0.0128042,3.95338,-7.07941e-13,-0.0460322,-0.437583,1,0.247444
28,0.00468,-3.95393e-19,-1.8333e-13,-0.0132623,4.02115,-7.12283e-13,-0.0512409,-0.346853,1,0.237985
28,0.00469,-1.98206e-19,-1.82488e-13,-0.0137149,4.08879,-7.16596e-13,-0.0563261,-0.256327,1,0.228526
28,0.0047,-1.98716e-19,-1.81476e-13,-0.0141621,4.15629,-7.20925e-13,-0.061289,-0.166004,1,0.219067
28,0.00471,-3.98451e-19,-1.80277e-13,-0.014604,4.22366,-7.25249e-13,-0.0661303,-0.0758832,1,0.209608
28,0.00472,-1.99735e-19,-1.79445e-13,-0.0150404,4.29089,-7.29574e-13,-0.070851,0.0140383,1,0.200149
28,0.00473,-2.00245e-19,-1.7843e-13,-0.0154716,4.35799,-7.33899e-13,-0.0754521,0.103762,1,0.19069
28,0.00474,-2.00755e-19,-1.77407e-13,-0.0158975,4.42496,-7.38221e-13,-0.0799345,0.193288,1,0.181231
28,0.00475,-2.01265e-19,-1.76392e-13,-0.0163183,4.49181,-7.42547e-13,-0.084299,0.282619,1,0.171772
28,0.00476,-2.01774e-19,-1.75387e-13,-0.0167338,4.55852,-7.46877e-13,-0.0885466,0.371757,1,0.162313
28,0.00477,-4.04568e-19,-1.74169e-13,-0.0171442,4.6251,-7.51181e-13,-0.0926781,0.460702,1,0.152854
28,0.00478,-2.02794e-19,-1.73361e-13,-0.0175494,4.69156,-7.55532e-13,-0.0966944,0.549456,1,0.143395
28,0.00479,-2.03304e-19,-1.72352e-13,-0.0179497,4.75789,-7.59859e-13,-0.100596,0.638021,1,0.133936
28,0.0048,-2.03813e-19,-1.71332e-13,-0.0183449,4.8241,-7.64184e-13,-0.104385,0.726397,1,0.124477
28,0.00481,-2.04323e-19,-1.70315e-13,-0.0187351,4.89018,-7.68507e-13,-0.108061,0.814587,1,0.115018
28,0.00482,-4.09666e-19,-1.69083e-13,-0.0191203,4.95614,-7.72787e-13,-0.111625,0.902592,1,0.105559
28,0.00483,-2.05343e-19,-1.68278e-13,-0.0195007,5.02198,-7.77153e-13,-0.115078,0.990413,1,0.0961004
28,0.00484,-2.05852e-19,-1.67269e-13,-0.0198761,5.08769,-7.81481e-13,-0.118421,1.07805,1,0.0866414
28,0.00485,-2.06362e-19,-1.66258e-13,-0.0202468,5.15329,-7.8581e-13,-0.121655,1.16551,1,0.0771825
28,0.00486,-2.06872e-19,-1.65246e-13,-0.0206126,5.21876,-7.90139e-13,-0.12478,1.25279,1,0.0677235
28,0.00487,-2.07382e-19,-1.64237e-13,-0.0209737,5.28412,-7.94468e-13,-0.127798,1.33989,1,0.0582646
28,0.00488,-2.07891e-19,-1.63218e-13,-0.02133,5.34936,-7.98791e-13,-0.130709,1.42681,1,0.0488056
28,0.00489,-4.16802e-19,-1.61966e-13,-0.0216816,5.41448,-8.03045e-13,-0.133513,1.51355,1,0.0393466
28,0.0049,-2.08911e-19,-1.61186e-13,-0.0220286,5.47949,-8.0744e-13,-0.136213,1.60013,1,0.0298877
28,0.00491,-2.09421e-19,-1.60164e-13,-0.0223709,5.54438,-8.11761e-13,-0.138807,1.68652,1,0.0204287
28,0.00492,-4.19861e-19,-1.58912e-13,-0.0227086,5.60916,-8.16012e-13,-0.141298,1.77275,1,0.0109698
28,0.00493,-4.2088e-19,-1.57893e-13,-0.0230418,5.67382,-8.20334e-13,-0.143686,1.85881,1,0.00151082
28,0.00494,-2.1095e-19,-1.57129e-13,-0.0233704,5.73837,-8.24744e-13,-0.145972,1.94469,1,-0.00794814
28,0.00495,-2.1146e-19,-1.56122e-13,-0.0236945,5.80281,-8.29076e-13,-0.148156,2.03041,1,-0.0174071
28,0.00496,-2.11969e-19,-1.551e-13,-0.0240142,5.86714,-8.33397e-13,-0.150239,2.11596,1,-0.026866
28,0.00497,-2.12479e-19,-1.54086e-13,-0.0243294,5.93135,-8.37723e-13,-0.152222,2.20135,1,-0.036325
28,0.00498,0,-1.53335e-13,-0.0246403,5.99546,-8.42152e-13,-0.154105,2.28657,1,-0.045784
28,0.00499,-4.26997e-19,-1.51791e-13,-0.0249467,6.05946,-8.46268e-13,-0.15589,2.37162,1,-0.0552429
28,0.005,-4.28017e-19,-1.5077e-13,-0.0252489,6.12335,-8.50587e-13,-0.157577,2.45652,1,-0.0647019
28,0.00501,-2.14518e-19,-1.50029e-13,-0.0255467,6.18713,-8.55027e-13,-0.159167,2.54125,1,-0.0741608
28,0.00502,-2.15028e-19,-1.49015e-13,-0.0258402,6.25081,-8.59353e-13,-0.16066,2.62582,1,-0.0836198
28,0.00503,-4.31075e-19,-1.47723e-13,-0.0261295,6.31438,-8.63558e-13,-0.162057,2.71024,1,-0.0930787
28,0.00504,-4.32095e-19,-1.46706e-13,-0.0264146,6.37785,-8.6788e-13,-0.163359,2.79449,1,-0.102538
28,0.00505,-2.16557e-19,-1.45972e-13,-0.0266955,6.44121,-8.72331e-13,-0.164567,2.87859,1,-0.111997
28,0.00506,-2.17067e-19,-1.44958e-13,-0.0269722,6.50447,-8.76658e-13,-0.16568,2.96254,1,-0.121456
28,0.00507,-4.35153e-19,-1.43654e-13,-0.0272448,6.56763,-8.80848e-13,-0.166701,3.04633,1,-0.130915
28,0.00508,-4.36173e-19,-1.42637e-13,-0.0275133,6.63068,-8.8517e-13,-0.167629,3.12996,1,-0.140374
28,0.00509,-2.18596e-19,-1.41915e-13,-0.0277778,6.69363,-8.89636e-13,-0.168464,3.21345,1,-0.149832
28,0.0051,-2.19106e-19,-1.40901e-13,-0.0280381,6.75649,-8.93962e-13,-0.169209,3.29678,1,-0.159291
28,0.00511,-2.19616e-19,-1.3989e-13,-0.0282945,6.81924,-8.98293e-13,-0.169863,3.37996,1,-0.16875
28,0.00512,-2.20125e-19,-1.38876e-13,-0.0285469,6.88189,-9.02619e-13,-0.170427,3.46299,1,-0.178209
28,0.00513,-2.20635e-19,-1.37859e-13,-0.0287953,6.94445,-9.06941e-13,-0.170902,3.54588,1,-0.187668
28,0.00514,-2.21145e-19,-1.36845e-13,-0.0290398,7.00691,-9.11267e-13,-0.171287,3.62862,1,-0.197127
28,0.00515,-4.43309e-19,-1.35518e-13,-0.0292804,7.06927,-9.15428e-13,-0.171585,3.71121,1,-0.206586
28,0.00516,-2.22164e-19,-1.34811e-13,-0.0295172,7.13153,-9.19912e-13,-0.171795,3.79366,1,-0.216045
28,0.00517,-2.22674e-19,-1.33802e-13,-0.02975,7.1937,-9.24246e-13,-0.171918,3.87596,1,-0.225504
28,0.00518,-4.46368e-19,-1.32467e-13,-0.0299791,7.25577,-9.28394e-13,-0.171955,3.95812,1,-0.234963
28,0.00519,-4.47387e-19,-1.3145e-13,-0.0302043,7.31775,-9.32719e-13,-0.171906,4.04014,1,-0.244422
28,0.0052,-2.24203e-19,-1.30764e-13,-0.0304258,7.37963,-9.37232e-13,-0.171772,4.12201,1,-0.253881
28,0.00521,-2.24713e-19,-1.29745e-13,-0.0306435,7.44142,-9.41551e-13,-0.171553,4.20375,1,-0.26334
28,0.00522,-4.50445e-19,-1.28398e-13,-0.0308575,7.50312,-9.45689e-13,-0.17125,4.28534,1,-0.272799
28,0.00523,-2.25732e-19,-1.27713e-13,-0.0310678,7.56473,-9.50195e-13,-0.170864,4.3668,1,-0.282258
28,0.00524,-4.52484e-19,-1.26365e-13,-0.0312745,7.62624,-9.54332e-13,-0.170395,4.44812,1,-0.291717
28,0.00525,-3.40128e-19,-1.25517e-13,-0.0314775,7.68767,-9.5875e-13,-0.169844,4.52931,1,-0.301176
28,0.00526,-2.27262e-19,-1.24675e-13,-0.0316768,7.749,-9.63182e-13,-0.16921,4.61036,1,-0.310635
28,0.00527,-2.27771e-19,-1.23665e-13,-0.0318726,7.81024,-9.67517e-13,-0.168496,4.69127,1,-0.320094
28,0.00528,-3.42422e-19,-1.22468e-13,-0.0320648,7.8714,-9.7172e-13,-0.167701,4.77205,1,-0.329553
28,0.00529,-3.43186e-19,-1.21455e-13,-0.0322535,7.93247,-9.76056e-13,-0.166826,4.8527,1,-0.339012
28,0.0053,-3.43951e-19,-1.20437e-13,-0.0324386,7.99345,-9.80369e-13,-0.165871,4.93322,1,-0.348471
28,0.00531,-2.2981e-19,-1.19603e-13,-0.0326202,8.05434,-9.84808e-13,-0.164837,5.0136,1,-0.35793
28,0.00532,-2.3032e-19,-1.18587e-13,-0.0327984,8.11515,-9.89131e-13,-0.163724,5.09386,1,-0.367388
28,0.00533,-2.3083e-19,-1.17576e-13,-0.032973,8.17587,-9.93466e-13,-0.162534,5.17399,1,-0.376847
28,0.00534,-3.4701e-19,-1.16381e-13,-0.0331443,8.2365,-9.97673e-13,-0.161266,5.25398,1,-0.386306
28,0.00535,-2.31849e-19,-1.15548e-13,-0.0333121,8.29705,-1.00212e-12,-0.15992,5.33385,1,-0.395765
28,0.00536,-2.32359e-19,-1.14537e-13,-0.0334766,8.35752,-1.00645e-12,-0.158499,5.4136,1,-0.405224
28,0.00537,0,-1.13894e-13,-0.0336377,8.4179,-1.01101e-12,-0.157001,5.49321,1,-0.414683
28,0.00538,-2.33379e-19,-1.12506e-13,-0.0337954,8.4782,-1.0151e-12,-0.155428,5.5727,1,-0.424142
28,0.00539,-3.50833e-19,-1.11299e-13,-0.0339499,8.53841,-1.01929e-12,-0.15378,5.65207,1,-0.433601
28,0.0054,-3.51597e-19,-1.10283e-13,-0.034101,8.59855,-1.02361e-12,-0.152058,5.73132,1,-0.44306
28,0.00541,-2.34908e-19,-1.09464e-13,-0.0342488,8.6586,-1.02808e-12,-0.150261,5.81044,1,-0.452519
28,0.00542,-2.35418e-19,-1.0845e-13,-0.0343934,8.71857,-1.0324e-12,-0.148391,5.88944,1,-0.461978
28,0.00543,-3.53891e-19,-1.07237e-13,-0.0345348,8.77846,-1.03659e-12,-0.146447,5.96832,1,-0.471437
28,0.00544,-3.54656e-19,-1.06222e-13,-0.0346729,8.83827,-1.04091e-12,-0.144432,6.04707,1,-0.480896
28,0.00545,-2.36947e-19,-1.0541e-13,-0.0348079,8.898,-1.04539e-12,-0.142344,6.12571,1,-0.490355
28,0.00546,-2.37457e-19,-1.04393e-13,-0.0349396,8.95765,-1.04971e-12,-0.140184,6.20423,1,-0.499814
28,0.00547,-2.37966e-19,-1.0338e-13,-0.0350682,9.01723,-1.05403e-12,-0.137953,6.28263,1,-0.509273
28,0.00548,-2.38476e-19,-1.02366e-13,-0.0351937,9.07672,-1.05836e-12,-0.135651,6.36092,1,-0.518732
28,0.00549,-2.38986e-19,-1.01352e-13,-0.0353161,9.13614,-1.06268e-12,-0.133279,6.43909,1,-0.528191
28,0.0055,-3.59244e-19,-1.00136e-13,-0.0354354,9.19548,-1.06687e-12,-0.130838,6.51714,1,-0.53765
28,0.00551,-3.60008e-19,-9.91151e-14,-0.0355516,9.25475,-1.07119e-12,-0.128326,6.59508,1,-0.547109
28,0.00552,-2.40515e-19,-9.83083e-14,-0.0356647,9.31394,-1.07568e-12,-0.125746,6.6729,1,-0.556568
28,0.00553,-2.41025e-19,-9.7297e-14,-0.0357748,9.37305,-1.08e-12,-0.123098,6.75061,1,-0.566027
28,0.00554,-3.62302e-19,-9.60722e-14,-0.0358819,9.43209,-1.08416e-12,-0.120381,6.82821,1,-0.575486
28,0.00555,-2.42044e-19,-9.52686e-14,-0.035986,9.49105,-1.08864e-12,-0.117596,6.90569,1,-0.584944
28,0.00556,-2.42554e-19,-9.42518e-14,-0.0360872,9.54994,-1.09296e-12,-0.114745,6.98306,1,-0.594403
28,0.00557,-2.43064e-19,-9.32379e-14,-0.0361853,9.60876,-1.09729e-12,-0.111826,7.06033,1,-0.603862
28,0.00558,-3.65361e-19,-9.2014e-14,-0.0362806,9.6675,-1.10147e-12,-0.108841,7.13748,1,-0.613321
28,0.00559,-2.44083e-19,-9.12125e-14,-0.0363729,9.72617,-1.10596e-12,-0.10579,7.21452,1,-0.62278
28,0.0056,-2.44593e-19,-9.01956e-14,-0.0364623,9.78477,-1.11029e-12,-0.102674,7.29145,1,-0.632239
28,0.00561,-2.45103e-19,-8.91844e-14,-0.0365488,9.84329,-1.11462e-12,-0.0994925,7.36828,1,-0.641698
28,0.00562,0,-8.86114e-14,-0.0366324,9.90175,-1.11926e-12,-0.0962461,7.445,1,-0.651157
28,0.00563,0,-8.76001e-14,-0.0367132,9.96013,-1.12359e-12,-0.0929355,7.52161,1,-0.660616
28,0.00564,0,-8.65888e-14,-0.0367912,10.0184,-1.12792e-12,-0.0895608,7.59812,1,-0.670075
28,0.00565,-3.70713e-19,-8.49019e-14,-0.0368663,10.0767,-1.13173e-12,-0.0861227,7.67452,1,-0.679534
28,0.00566,-3.71478e-19,-8.38924e-14,-0.0369387,10.1349,-1.13606e-12,-0.0826213,7.75082,1,-0.688993
28,0.00567,-2.48161e-19,-8.30996e-14,-0.0370082,10.193,-1.14057e-12,-0.0790572,7.82701,1,-0.698452
28,0.00568,-2.48671e-19,-8.20832e-14,-0.0370751,10.251,-1.1449e-12,-0.0754307,7.9031,1,-0.707911
28,0.00569,-3.73771e-19,-8.0844e-14,-0.0371391,10.309,-1.14903e-12,-0.0717422,7.97909,1,-0.71737
28,0.0057,-3.74536e-19,-7.98289e-14,-0.0372005,10.3669,-1.15336e-12,-0.0679921,8.05497,1,-0.726829
28,0.00571,-2.502e-19,-7.90466e-14,-0.0372591,10.4247,-1.15786e-12,-0.0641808,8.13075,1,-0.736288
28,0.00572,-2.5071e-19,-7.80327e-14,-0.037315,10.4825,-1.16219e-12,-0.0603085,8.20643,1,-0.745747
28,0.00573,-2.5122e-19,-7.70161e-14,-0.0373682,10.5402,-1.16651e-12,-0.0563758,8.28202,1,-0.755206
28,0.00574,-3.77594e-19,-7.57711e-14,-0.0374188,10.5978,-1.17066e-12,-0.0523829,8.3575,1,-0.764665
28,0.00575,-3.78359e-19,-7.4756e-14,-0.0374668,10.6554,-1.17499e-12,-0.0483303,8.43288,1,-0.774124
28,0.00576,-3.79124e-19,-7.37408e-14,-0.0375121,10.7129,-1.17931e-12,-0.0442182,8.50817,1,-0.783583
28,0.00577,0,-7.34417e-14,-0.0375548,10.7703,-1.18421e-12,-0.0400471,8.58335,1,-0.793042
28,0.00578,-2.53769e-19,-7.1943e-14,-0.0375949,10.8277,-1.18817e-12,-0.0358173,8.65844,1,-0.8025
28,0.00579,-3.81418e-19,-7.06926e-14,-0.0376324,10.885,-1.19228e-12,-0.0315292,8.73343,1,-0.811959
28,0.0058,-2.54788e-19,-6.99221e-14,-0.0376673,10.9422,-1.1968e-12,-0.0271831,8.80833,1,-0.821418
28,0.00581,-2.55298e-19,-6.89055e-14,-0.0376997,10.9994,-1.20112e-12,-0.0227793,8.88313,1,-0.830877
28,0.00582,-2.55808e-19,-6.78917e-14,-0.0377295,11.0565,-1.20545e-12,-0.0183182,8.95784,1,-0.840336
28,0.00583,-2.56317e-19,-6.68768e-14,-0.0377569,11.1136,-1.20979e-12,-0.0138002,9.03245,1,-0.849795
28,0.00584,-2.56827e-19,-6.58618e-14,-0.0377817,11.1706,-1.21413e-12,-0.00922555,9.10697,1,-0.859254
28,0.00585,-2.57337e-19,-6.4845e-14,-0.037804,11.2275,-1.21845e-12,-0.00459463,9.18139,1,-0.868713
28,0.00586,-2.57847e-19,-6.3831e-14,-0.0378239,11.2844,-1.22278e-12,9.22439e-05,9.25572,1,-0.878172
28,0.00587,-2.58356e-19,-6.28255e-14,-0.0378412,11.3412,-1.22709e-12,0.00483473,9.32996,1,-0.887631
28,0.00588,0,-6.23173e-14,-0.0378562,11.3979,-1.23183e-12,0.0096325,9.40411,1,-0.89709
28,0.00589,0,-6.1306e-14,-0.0378687,11.4546,-1.23616e-12,0.0144852,9.47817,1,-0.906549
28,0.0059,-3.89828e-19,-5.95238e-14,-0.0378788,11.5112,-1.23986e-12,0.0193926,9.55214,1,-0.916008
28,0.00591,-3.90593e-19,-5.85144e-14,-0.0378864,11.5678,-1.24419e-12,0.0243543,9.62601,1,-0.925467
28,0.00592,-2.60905e-19,-5.77519e-14,-0.0378917,11.6243,-1.24873e-12,0.02937,9.6998,1,-0.934926
28,0.00593,-2.61415e-19,-5.67361e-14,-0.0378946,11.6807,-1.25307e-12,0.0344394,9.7735,1,-0.944385
28,0.00594,-3.92887e-19,-5.54664e-14,-0.0378952,11.7371,-1.25716e-12,0.0395621,9.84711,1,-0.953844
28,0.00595,-3.93652e-19,-5.44513e-14,-0.0378934,11.7934,-1.26148e-12,0.0447379,9.92063,1,-0.963303
28,0.00596,-2.62944e-19,-5.37015e-14,-0.0378892,11.8497,-1.26603e-12,0.0499665,9.99406,1,-0.972762
28,0.00597,-2.63454e-19,-5.26877e-14,-0.0378828,11.9059,-1.27035e-12,0.0552475,10.0674,1,-0.982221
28,0.00598,-2.63964e-19,-5.16711e-14,-0.037874,11.9621,-1.27468e-12,0.0605806,10.1407,1,-0.99168
28,0.00599,-3.9671e-19,-5.03777e-14,-0.0378629,12.0182,-1.2788e-12,0.0659656,10.2138,1,-1.00114
80,0.006,2.64907e-19,-3.98929e-13,-0.0704714,30.2307,-2.3922e-12,-0.00782323,50.1908,1,0.983385
80,0.00601,2.65348e-19,-3.68324e-13,-0.0668126,28.8122,-2.38503e-12,-0.00631651,49.8754,1,0.968554
80,0.00602,5.31579e-19,-3.38739e-13,-0.0632207,27.3961,-2.38013e-12,-0.00487471,49.5606,1,0.953724
80,0.00603,2.66231e-19,-3.06865e-13,-0.0596953,25.9825,-2.37071e-12,-0.00349751,49.2465,1,0.938894
80,0.00604,5.33345e-19,-2.77156e-13,-0.0562362,24.5712,-2.36578e-12,-0.00218458,48.933,1,0.924063
80,0.00605,2.67114e-19,-2.45224e-13,-0.052843,23.1624,-2.35648e-12,-0.000935608,48.6202,1,0.909233
80,0.00606,5.35111e-19,-2.15573e-13,-0.0495154,21.7559,-2.35144e-12,0.000249723,48.3079,1,0.894403
80,0.00607,5.35994e-19,-1.84782e-13,-0.046253,20.3518,-2.34427e-12,0.00137173,47.9964,1,0.879573
80,0.00608,5.36878e-19,-1.53992e-13,-0.0430556,18.95,-2.33709e-12,0.00243072,47.6854,1,0.864742
80,0.00609,5.37761e-19,-1.23201e-13,-0.0399228,17.5506,-2.32992e-12,0.00342701,47.3751,1,0.849912
80,0.0061,5.38644e-19,-9.24107e-14,-0.0368542,16.1535,-2.32275e-12,0.00436091,47.0654,1,0.835082
80,0.00611,5.39527e-19,-6.16206e-14,-0.0338497,14.7588,-2.31558e-12,0.00523272,46.7563,1,0.820251
80,0.00612,5.4041e-19,-3.08307e-14,-0.0309088,13.3663,-2.30841e-12,0.00604275,46.4479,1,0.805421
80,0.00613,5.41293e-19,-4.10428e-17,-0.0280313,11.9762,-2.30123e-12,0.00679129,46.14,1,0.790591
80,0.00614,2.71088e-19,3.12494e-14,-0.0252168,10.5884,-2.29198e-12,0.00747866,45.8328,1,0.775761
80,0.00615,2.71529e-19,6.19757e-14,-0.0224651,9.2028,-2.28482e-12,0.00810514,45.5262,1,0.76093
80,0.00616,2.71971e-19,9.27687e-14,-0.0197758,7.81951,-2.27774e-12,0.00867104,45.2202,1,0.7461
80,0.00617,2.72412e-19,1.23495e-13,-0.0171486,6.43847,-2.27058e-12,0.00917665,44.9148,1,0.73127
80,0.00618,2.72854e-19,1.54154e-13,-0.0145832,5.05967,-2.26335e-12,0.00962225,44.6099,1,0.716439
80,0.00619,2.73295e-19,1.8488e-13,-0.0120794,3.68312,-2.25619e-12,0.0100082,44.3057,1,0.701609
80,0.0062,2.73737e-19,2.15672e-13,-0.00963681,2.30878,-2.24911e-12,0.0103346,44.0021,1,0.686779
80,0.00621,5.48357e-19,2.46269e-13,-0.00725516,0.93666,-2.24386e-12,0.010602,43.6991,1,0.671949
80,0.00622,2.7462e-19,2.77056e-13,-0.00493414,-0.433259,-2.23471e-12,0.0108105,43.3966,1,0.657118
80,0.00623,5.50123e-19,3.07845e-13,-0.00267346,-1.80098,-2.22952e-12,0.0109604,43.0948,1,0.642288
80,0.00624,2.75503e-19,3.38574e-13,-0.000472851,-3.16653,-2.22047e-12,0.0110521,42.7935,1,0.627458
80,0.00625,5.51889e-19,3.6942e-13,0.00166799,-4.5299,-2.21518e-12,0.0110857,42.4928,1,0.612627
80,0.00626,5.52772e-19,4.00207e-13,0.00374935,-5.89112,-2.20801e-12,0.0110617,42.1927,1,0.597797
80,0.00627,5.53655e-19,4.30994e-13,0.00577151,-7.25018,-2.20084e-12,0.0109802,41.8932,1,0.582967
80,0.00628,5.54538e-19,4.61781e-13,0.00773476,-8.6071,-2.19367e-12,0.0108415,41.5942,1,0.568137
80,0.00629,5.55421e-19,4.92567e-13,0.00963937,-9.96189,-2.18649e-12,0.0106459,41.2958,1,0.553306
80,0.0063,5.56304e-19,5.23354e-13,0.0114856,-11.3146,-2.17932e-12,0.0103937,40.998,1,0.538476
80,0.00631,5.57187e-19,5.5414e-13,0.0132738,-12.6651,-2.17215e-12,0.0100851,40.7007,1,0.523646
80,0.00632,2.79035e-19,5.84307e-13,0.0150042,-14.0136,-2.16313e-12,0.00972043,40.404,1,0.508815
80,0.00633,2.79477e-19,6.15031e-13,0.016677,-15.36,-2.15597e-12,0.00929994,40.1078,1,0.493985
80,0.00634,2.79918e-19,6.45702e-13,0.0182926,-16.7043,-2.14881e-12,0.00882388,39.8122,1,0.479155
80,0.00635,2.8036e-19,6.76547e-13,0.0198512,-18.0465,-2.14173e-12,0.00829252,39.5172,1,0.464325
80,0.00636,2.80801e-19,7.07204e-13,0.0213531,-19.3866,-2.1345e-12,0.00770612,39.2227,1,0.449494
80,0.00637,2.81243e-19,7.37928e-13,0.0227985,-20.7248,-2.12734e-12,0.00706494,38.9288,1,0.434664
80,0.00638,5.63368e-19,7.69638e-13,0.0241878,-22.0608,-2.12196e-12,0.00636924,38.6354,1,0.419834
80,0.00639,2.82126e-19,7.99443e-13,0.0255211,-23.3949,-2.1131e-12,0.00561927,38.3425,1,0.405003
80,0.0064,5.65134e-19,8.31207e-13,0.0267988,-24.7269,-2.10762e-12,0.00481529,38.0502,1,0.390173
80,0.00641,2.83009e-19,8.60824e-13,0.0280211,-26.0569,-2.09871e-12,0.00395755,37.7584,1,0.375343
80,0.00642,5.669e-19,8.92776e-13,0.0291882,-27.3849,-2.09328e-12,0.00304631,37.4672,1,0.360512
80,0.00643,2.83892e-19,9.22338e-13,0.0303005,-28.7109,-2.08447e-12,0.0020818,37.1765,1,0.345682
80,0.00644,5.68666e-19,9.54344e-13,0.0313581,-30.0349,-2.07894e-12,0.00106428,36.8863,1,0.330852
80,0.00645,5.69549e-19,9.85127e-13,0.0323613,-31.357,-2.07177e-12,-5.99556e-06,36.5966,1,0.316022
80,0.00646,5.70432e-19,1.01591e-12,0.0333105,-32.6771,-2.0646e-12,-0.00112879,36.3075,1,0.301191
80,0.00647,5.71315e-19,1.04669e-12,0.0342057,-33.9952,-2.05743e-12,-0.00230387,36.0189,1,0.286361
80,0.00648,5.72198e-19,1.07748e-12,0.0350474,-35.3114,-2.05026e-12,-0.00353098,35.7308,1,0.271531
80,0.00649,2.86541e-19,1.10668e-12,0.0358357,-36.6256,-2.04153e-12,-0.00480988,35.4432,1,0.2567
80,0.0065,5.73964e-19,1.13904e-12,0.0365708,-37.9379,-2.03592e-12,-0.00614033,35.1562,1,0.24187
80,0.00651,2.87424e-19,1.16806e-12,0.0372531,-39.2483,-2.02714e-12,-0.0075221,34.8697,1,0.22704
80,0.00652,2.87865e-19,1.19878e-12,0.0378827,-40.5568,-2.01998e-12,-0.00895495,34.5836,1,0.21221
80,0.00653,2.88307e-19,1.22949e-12,0.03846,-41.8634,-2.01281e-12,-0.0104386,34.2981,1,0.197379
80,0.00654,2.88748e-19,1.26029e-12,0.038985,-43.1681,-2.00574e-12,-0.011973,34.0131,1,0.182549
80,0.00655,2.8919e-19,1.29095e-12,0.0394582,-44.4709,-1.99851e-12,-0.0135576,33.7286,1,0.167719
80,0.00656,2.89631e-19,1.32167e-12,0.0398797,-45.7718,-1.99135e-12,-0.0151925,33.4446,1,0.152888
80,0.00657,2.90073e-19,1.35246e-12,0.0402497,-47.0708,-1.98427e-12,-0.0168772,33.1611,1,0.138058
80,0.00658,2.90514e-19,1.38318e-12,0.0405686,-48.368,-1.9771e-12,-0.0186117,32.8781,1,0.123228
80,0.00659,5.81912e-19,1.41608e-12,0.0408364,-49.6634,-1.97139e-12,-0.0203956,32.5956,1,0.108398
80,0.0066,2.91397e-19,1.44456e-12,0.0410536,-50.9568,-1.96272e-12,-0.0222288,32.3135,1,0.0935673
80,0.00661,5.83678e-19,1.47764e-12,0.0412202,-52.2485,-1.95705e-12,-0.024111,32.032,1,0.078737
80,0.00662,2.9228e-19,1.50607e-12,0.0413365,-53.5383,-1.94848e-12,-0.0260419,31.751,1,0.0639067
80,0.00663,5.85444e-19,1.5392e-12,0.0414027,-54.8264,-1.94271e-12,-0.0280215,31.4704,1,0.0490764
80,0.00664,5.86327e-19,1.56999e-12,0.0414192,-56.1126,-1.93554e-12,-0.0300494,31.1903,1,0.0342461
80,0.00665,5.8721e-19,1.60077e-12,0.041386,-57.397,-1.92837e-12,-0.0321254,30.9107,1,0.0194159
80,0.00666,2.94046e-19,1.62889e-12,0.0413035,-58.6796,-1.91977e-12,-0.0342494,30.6316,1,0.00458557
80,0.00667,5.88976e-19,1.66233e-12,0.0411717,-59.9604,-1.91404e-12,-0.0364211,30.353,1,-0.0102447
80,0.00668,2.94929e-19,1.6904e-12,0.0409911,-61.2394,-1.90554e-12,-0.0386403,30.0748,1,-0.025075
80,0.00669,5.90742e-19,1.72389e-12,0.0407617,-62.5167,-1.8997e-12,-0.0409067,29.7971,1,-0.0399053
80,0.0067,2.95812e-19,1.75178e-12,0.0404838,-63.7922,-1.89115e-12,-0.0432202,29.5199,1,-0.0547356
80,0.00671,2.96254e-19,1.78252e-12,0.0401577,-65.066,-1.88398e-12,-0.0455806,29.2432,1,-0.0695659
80,0.00672,2.96695e-19,1.81324e-12,0.0397835,-66.338,-1.87682e-12,-0.0479876,28.9669,1,-0.0843962
80,0.00673,2.97137e-19,1.84401e-12,0.0393614,-67.6083,-1.86975e-12,-0.0504411,28.6911,1,-0.0992265
80,0.00674,2.97578e-19,1.87466e-12,0.0388916,-68.8768,-1.86252e-12,-0.0529407,28.4157,1,-0.114057
80,0.00675,2.9802e-19,1.90541e-12,0.0383745,-70.1436,-1.85535e-12,-0.0554865,28.1408,1,-0.128887
80,0.00676,2.98462e-19,1.93617e-12,0.0378101,-71.4088,-1.84828e-12,-0.058078,27.8664,1,-0.143717
80,0.00677,2.98903e-19,1.96682e-12,0.0371987,-72.6722,-1.84105e-12,-0.0607152,27.5924,1,-0.158548
80,0.00678,5.98689e-19,2.0009e-12,0.0365405,-73.9339,-1.83518e-12,-0.0633977,27.3189,1,-0.173378
80,0.00679,2.99786e-19,2.02831e-12,0.0358358,-75.1939,-1.82672e-12,-0.0661255,27.0458,1,-0.188208
80,0.0068,6.00455e-19,2.06245e-12,0.0350846,-76.4522,-1.82084e-12,-0.0688983,26.7732,1,-0.203038
80,0.00681,3.00669e-19,2.08971e-12,0.0342872,-77.7088,-1.81242e-12,-0.071716,26.501,1,-0.217869
80,0.00682,6.02221e-19,2.12401e-12,0.0334439,-78.9638,-1.8065e-12,-0.0745782,26.2293,1,-0.232699
80,0.00683,3.01552e-19,2.1512e-12,0.0325548,-80.2171,-1.7981e-12,-0.0774849,25.958,1,-0.247529
80,0.00684,6.03987e-19,2.18556e-12,0.0316201,-81.4688,-1.79217e-12,-0.0804358,25.6871,1,-0.26236
80,0.00685,3.02435e-19,2.21259e-12,0.03064,-82.7188,-1.78379e-12,-0.0834308,25.4167,1,-0.27719
80,0.00686,6.05753e-19,2.24712e-12,0.0296147,-83.9671,-1.77783e-12,-0.0864696,25.1468,1,-0.29202
80,0.00687,3.03318e-19,2.2741e-12,0.0285445,-85.2139,-1.76955e-12,-0.089552,24.8772,1,-0.30685
80,0.00688,6.07519e-19,2.30867e-12,0.0274294,-86.459,-1.76349e-12,-0.0926779,24.6081,1,-0.321681
80,0.00689,3.04201e-19,2.33547e-12,0.0262698,-87.7025,-1.75516e-12,-0.0958471,24.3395,1,-0.336511
80,0.0069,3.04643e-19,2.36625e-12,0.0250658,-88.9443,-1.748e-12,-0.0990594,24.0712,1,-0.351341
80,0.00691,3.05084e-19,2.39697e-12,0.0238175,-90.1846,-1.74084e-12,-0.102315,23.8034,1,-0.366172
80,0.00692,3.05526e-19,2.42769e-12,0.0225253,-91.4233,-1.73377e-12,-0.105612,23.5361,1,-0.381002
80,0.00693,3.05967e-19,2.45835e-12,0.0211892,-92.6603,-1.72654e-12,-0.108953,23.2691,1,-0.395832
80,0.00694,3.06409e-19,2.48913e-12,0.0198095,-93.8958,-1.71946e-12,-0.112336,23.0026,1,-0.410663
80,0.00695,3.0685e-19,2.51985e-12,0.0183863,-95.1297,-1.7123e-12,-0.115761,22.7365,1,-0.425493
80,0.00696,3.07292e-19,2.55051e-12,0.0169199,-96.3621,-1.70507e-12,-0.119227,22.4708,1,-0.440323
80,0.00697,6.15466e-19,2.58566e-12,0.0154104,-97.5929,-1.69898e-12,-0.122736,22.2055,1,-0.455153
80,0.00698,3.08175e-19,2.61202e-12,0.0138581,-98.8221,-1.69075e-12,-0.126286,21.9407,1,-0.469984
80,0.00699,6.17233e-19,2.64721e-12,0.012263,-100.05,-1.68465e-12,-0.129878,21.6763,1,-0.484814
80,0.007,6.18116e-19,2.67798e-12,0.0106254,-101.276,-1.67748e-12,-0.133511,21.4122,1,-0.499644
80,0.00701,6.18999e-19,2.70876e-12,0.00894543,-102.5,-1.67031e-12,-0.137185,21.1486,1,-0.514475
80,0.00702,6.19882e-19,2.73953e-12,0.00722332,-103.723,-1.66314e-12,-0.1409,20.8854,1,-0.529305
80,0.00703,6.20765e-19,2.77031e-12,0.00545925,-104.945,-1.65598e-12,-0.144656,20.6226,1,-0.544135
80,0.00704,3.10824e-19,2.79626e-12,0.00365337,-106.165,-1.64781e-12,-0.148452,20.3602,1,-0.558965
80,0.00705,6.22531e-19,2.83186e-12,0.00180587,-107.384,-1.64164e-12,-0.152289,20.0983,1,-0.573796
80,0.00706,3.11707e-19,2.85779e-12,-8.30738e-05,-108.601,-1.63349e-12,-0.156166,19.8367,1,-0.588626
80,0.00707,6.24297e-19,2.89341e-12,-0.00201329,-109.816,-1.6273e-12,-0.160083,19.5755,1,-0.603456
80,0.00708,3.1259e-19,2.91913e-12,-0.00398459,-111.03,-1.61919e-12,-0.16404,19.3147,1,-0.618287
80,0.00709,3.13031e-19,2.94985e-12,-0.00599682,-112.243,-1.61203e-12,-0.168036,19.0543,1,-0.633117
80,0.0071,3.13473e-19,2.98068e-12,-0.00804979,-113.454,-1.60487e-12,-0.172073,18.7943,1,-0.647947
80,0.00711,3.13914e-19,3.01129e-12,-0.0101433,-114.663,-1.59772e-12,-0.176148,18.5347,1,-0.662777
80,0.00712,3.14356e-19,3.04212e-12,-0.0122773,-115.871,-1.59056e-12,-0.180263,18.2755,1,-0.677608
80,0.00713,3.14797e-19,3.07284e-12,-0.0144515,-117.078,-1.5834e-12,-0.184416,18.0167,1,-0.692438
80,0.00714,3.15239e-19,3.10344e-12,-0.0166657,-118.283,-1.57625e-12,-0.188609,17.7583,1,-0.707268
80,0.00715,3.1568e-19,3.13416e-12,-0.0189199,-119.487,-1.56909e-12,-0.19284,17.5002,1,-0.722099
80,0.00716,6.32244e-19,3.17037e-12,-0.0212138,-120.689,-1.5628e-12,-0.19711,17.2426,1,-0.736929
80,0.00717,6.33127e-19,3.20114e-12,-0.0235472,-121.89,-1.55563e-12,-0.201419,16.9853,1,-0.751759
80,0.00718,6.3401e-19,3.23191e-12,-0.02592,-123.089,-1.54846e-12,-0.205765,16.7284,1,-0.766589
80,0.00719,6.34893e-19,3.26269e-12,-0.0283321,-124.287,-1.5413e-12,-0.21015,16.4719,1,-0.78142
80,0.0072,6.35776e-19,3.29346e-12,-0.0307833,-125.484,-1.53413e-12,-0.214572,16.2158,1,-0.79625
80,0.00721,6.36659e-19,3.32423e-12,-0.0332733,-126.679,-1.52696e-12,-0.219032,15.9601,1,-0.81108
80,0.00722,6.37542e-19,3.355e-12,-0.0358021,-127.873,-1.5198e-12,-0.22353,15.7047,1,-0.825911
80,0.00723,6.38425e-19,3.38578e-12,-0.0383695,-129.065,-1.51263e-12,-0.228066,15.4497,1,-0.840741
80,0.00724,6.39308e-19,3.41655e-12,-0.0409753,-130.256,-1.50546e-12,-0.232638,15.1951,1,-0.855571
80,0.00725,6.40191e-19,3.44732e-12,-0.0436194,-131.446,-1.49829e-12,-0.237248,14.9408,1,-0.870401
80,0.00726,6.41074e-19,3.47809e-12,-0.0463016,-132.634,-1.49113e-12,-0.241895,14.6869,1,-0.885232
80,0.00727,6.41957e-19,3.50886e-12,-0.0490217,-133.821,-1.48396e-12,-0.246578,14.4334,1,-0.900062
80,0.00728,6.4284e-19,3.53964e-12,-0.0517796,-135.006,-1.47679e-12,-0.251298,14.1803,1,-0.914892
80,0.00729,3.21862e-19,3.56421e-12,-0.0545752,-136.19,-1.46891e-12,-0.256055,13.9275,1,-0.929723
80,0.0073,6.44606e-19,3.60118e-12,-0.0574083,-137.373,-1.46246e-12,-0.260848,13.675,1,-0.944553
80,0.00731,3.22745e-19,3.62565e-12,-0.0602786,-138.554,-1.4546e-12,-0.265677,13.423,1,-0.959383
80,0.00732,3.23186e-19,3.65651e-12,-0.0631862,-139.734,-1.44743e-12,-0.270543,13.1713,1,-0.974213
80,0.00733,3.23628e-19,3.68715e-12,-0.0661308,-140.913,-1.44036e-12,-0.275444,12.92,1,-0.989044
76,0.00734,0,5.66851e-12,0.0428201,-203.138,-1.46732e-12,-0.263642,4.10524,1,0.99322
76,0.00735,-3.24511e-19,5.68674e-12,0.0312232,-202.543,-1.29996e-12,-0.254404,-2.33854,1,0.967267
76,0.00736,-3.24952e-19,5.71394e-12,0.0198393,-201.948,-1.13287e-12,-0.246005,-8.77374,1,0.941314
76,0.00737,0,5.74965e-12,0.00866763,-201.355,-9.64935e-13,-0.238441,-15.2004,1,0.915361
76,0.00738,0,5.77696e-12,-0.00229268,-200.763,-7.97575e-13,-0.231708,-21.6185,1,0.889408
76,0.00739,-3.26277e-19,5.79536e-12,-0.0130425,-200.172,-6.31401e-13,-0.225804,-28.0281,1,0.863455
76,0.0074,0,5.83119e-12,-0.0235827,-199.582,-4.62704e-13,-0.220725,-34.4293,1,0.837502
76,0.00741,0,5.85831e-12,-0.0339141,-198.993,-2.95269e-13,-0.216468,-40.8221,1,0.811549
76,0.00742,0,5.88542e-12,-0.0440376,-198.406,-1.27834e-13,-0.213029,-47.2064,1,0.785596
76,0.00743,0,5.91253e-12,-0.0539539,-197.819,3.96018e-14,-0.210405,-53.5825,1,0.759643
76,0.00744,0,5.93965e-12,-0.063664,-197.234,2.07037e-13,-0.208592,-59.9502,1,0.73369
76,0.00745,0,5.96676e-12,-0.0731687,-196.649,3.74473e-13,-0.207588,-66.3096,1,0.707737
76,0.00746,-3.29367e-19,5.98527e-12,-0.0824687,-196.066,5.38779e-13,-0.20739,-72.6608,1,0.681784
76,0.00747,0,6.02099e-12,-0.0915649,-195.484,7.09343e-13,-0.207993,-79.0038,1,0.655831
76,0.00748,0,6.04811e-12,-0.100458,-194.903,8.76779e-13,-0.209395,-85.3385,1,0.629878
76,0.00749,0,6.07522e-12,-0.109149,-194.323,1.04421e-12,-0.211592,-91.6652,1,0.603925
76,0.0075,-3.31133e-19,6.09377e-12,-0.117639,-193.744,1.20749e-12,-0.214582,-97.9837,1,0.577972
76,0.00751,0,6.12945e-12,-0.125928,-193.166,1.37908e-12,-0.218361,-104.294,1,0.552019
76,0.00752,0,6.15656e-12,-0.134018,-192.59,1.54652e-12,-0.222927,-110.596,1,0.526066
76,0.00753,0,6.18347e-12,-0.141908,-192.014,1.71399e-12,-0.228275,-116.891,1,0.500113
76,0.00754,0,6.21079e-12,-0.149601,-191.44,1.88139e-12,-0.234403,-123.177,1,0.47416
76,0.00755,0,6.23796e-12,-0.157096,-190.866,2.04876e-12,-0.241307,-129.456,1,0.448207
76,0.00756,0,6.26481e-12,-0.164394,-190.294,2.21629e-12,-0.248986,-135.726,1,0.422254
76,0.00757,0,6.29193e-12,-0.171497,-189.722,2.38372e-12,-0.257434,-141.989,1,0.396301
76,0.00758,0,6.31931e-12,-0.178404,-189.152,2.55107e-12,-0.266651,-148.243,1,0.370348
76,0.00759,-3.35107e-19,6.33808e-12,-0.185117,-188.583,2.7119e-12,-0.276632,-154.49,1,0.344395
76,0.0076,0,6.37327e-12,-0.191637,-188.015,2.88602e-12,-0.287374,-160.729,1,0.318442
76,0.00761,-3.3599e-19,6.39235e-12,-0.197964,-187.447,3.04623e-12,-0.298875,-166.961,1,0.292489
76,0.00762,0,6.42771e-12,-0.204099,-186.881,3.22087e-12,-0.311131,-173.184,1,0.266536
76,0.00763,-3.36873e-19,6.44669e-12,-0.210043,-186.316,3.38049e-12,-0.32414,-179.4,1,0.240583
76,0.00764,-3.37314e-19,6.47377e-12,-0.215797,-185.752,3.54773e-12,-0.337898,-185.608,1,0.21463
76,0.00765,-3.37756e-19,6.50106e-12,-0.22136,-185.189,3.71496e-12,-0.352403,-191.809,1,0.188677
76,0.00766,0,6.53616e-12,-0.226735,-184.627,3.89062e-12,-0.367651,-198.002,1,0.162724
76,0.00767,0,6.56328e-12,-0.231921,-184.066,4.05805e-12,-0.383641,-204.187,1,0.136771
76,0.00768,-3.39081e-19,6.58247e-12,-0.23692,-183.506,4.21647e-12,-0.400368,-210.365,1,0.110818
76,0.00769,0,6.61751e-12,-0.241732,-182.947,4.39292e-12,-0.41783,-216.535,1,0.0848652
76,0.0077,-3.39964e-19,6.63675e-12,-0.246359,-182.389,4.55081e-12,-0.436025,-222.698,1,0.0589122
76,0.00771,0,6.67173e-12,-0.250799,-181.832,4.72779e-12,-0.454948,-228.853,1,0.0329592
76,0.00772,0,6.69885e-12,-0.255056,-181.276,4.89523e-12,-0.474598,-235.001,1,0.0070062
76,0.00773,0,6.72596e-12,-0.259128,-180.721,5.06266e-12,-0.494972,-241.141,1,-0.0189468
76,0.00774,0,6.75308e-12,-0.263017,-180.167,5.2301e-12,-0.516067,-247.274,1,-0.0448998
76,0.00775,0,6.77998e-12,-0.266724,-179.613,5.39751e-12,-0.537879,-253.4,1,-0.0708528
76,0.00776,-3.42613e-19,6.79942e-12,-0.270249,-179.061,5.55375e-12,-0.560407,-259.518,1,-0.0968058
76,0.00777,0,6.83442e-12,-0.273592,-178.51,5.7324e-12,-0.583648,-265.629,1,-0.122759
76,0.00778,3.43496e-19,6.86949e-12,-0.276756,-177.96,5.91145e-12,-0.607598,-271.733,1,-0.148712
76,0.00779,-3.43937e-19,6.88083e-12,-0.27974,-177.411,6.05527e-12,-0.632255,-277.83,1,-0.174665
76,0.0078,0,6.91555e-12,-0.282545,-176.863,6.23467e-12,-0.657617,-283.919,1,-0.200618
76,0.00781,0,6.94294e-12,-0.285171,-176.315,6.40208e-12,-0.68368,-290.001,1,-0.226571
76,0.00782,0,6.97005e-12,-0.28762,-175.769,6.56952e-12,-0.710442,-296.076,1,-0.252524
76,0.00783,0,6.99711e-12,-0.289892,-175.224,6.73702e-12,-0.7379,-302.144,1,-0.278477
76,0.00784,0,7.02428e-12,-0.291988,-174.679,6.90439e-12,-0.766052,-308.205,1,-0.30443
76,0.00785,0,7.05139e-12,-0.293908,-174.136,7.07182e-12,-0.794895,-314.258,1,-0.330383
76,0.00786,0,7.07851e-12,-0.295654,-173.593,7.23926e-12,-0.824426,-320.305,1,-0.356336
76,0.00787,0,7.10562e-12,-0.297225,-173.052,7.40669e-12,-0.854643,-326.344,1,-0.382289
76,0.00788,0,7.13268e-12,-0.298622,-172.511,7.57419e-12,-0.885542,-332.377,1,-0.408242
76,0.00789,0,7.15985e-12,-0.299847,-171.971,7.74156e-12,-0.917122,-338.403,1,-0.434195
76,0.0079,-3.48794e-19,7.17912e-12,-0.300899,-171.433,7.89411e-12,-0.949381,-344.421,1,-0.460148
76,0.00791,0,7.21402e-12,-0.30178,-170.895,8.0765e-12,-0.982314,-350.433,1,-0.486101
76,0.00792,0,7.24114e-12,-0.30249,-170.358,8.24394e-12,-1.01592,-356.438,1,-0.512054
76,0.00793,0,7.26825e-12,-0.303029,-169.822,8.41137e-12,-1.0502,-362.436,1,-0.538007
76,0.00794,-3.5056e-19,7.28773e-12,-0.303399,-169.287,8.56274e-12,-1.08514,-368.427,1,-0.56396
76,0.00795,0,7.32248e-12,-0.3036,-168.753,8.74624e-12,-1.12075,-374.411,1,-0.589913
76,0.00796,0,7.34959e-12,-0.303632,-168.219,8.91368e-12,-1.15702,-380.389,1,-0.615866
76,0.00797,-3.51884e-19,7.36914e-12,-0.303497,-167.687,9.06426e-12,-1.19395,-386.36,1,-0.641819
76,0.00798,0,7.40382e-12,-0.303195,-167.155,9.24855e-12,-1.23154,-392.324,1,-0.667772
76,0.00799,-3.52767e-19,7.42335e-12,-0.302726,-166.625,9.39867e-12,-1.26979,-398.281,1,-0.693725
76,0.008,0,7.45805e-12,-0.302091,-166.095,9.58342e-12,-1.30868,-404.232,1,-0.719678
76,0.00801,-3.5365e-19,7.47763e-12,-0.301291,-165.566,9.73303e-12,-1.34823,-410.176,1,-0.745631
76,0.00802,0,7.51228e-12,-0.300326,-165.038,9.91829e-12,-1.38843,-416.113,1,-0.771584
76,0.00803,0,7.53939e-12,-0.299198,-164.511,1.00857e-11,-1.42927,-422.044,1,-0.797537
76,0.00804,0,7.56628e-12,-0.297906,-163.985,1.02531e-11,-1.47075,-427.968,1,-0.82349
76,0.00805,-3.55416e-19,7.58617e-12,-0.296451,-163.46,1.04017e-11,-1.51288,-433.885,1,-0.849443
76,0.00806,-3.55858e-19,7.61336e-12,-0.294834,-162.936,1.05688e-11,-1.55564,-439.796,1,-0.875396
76,0.00807,0,7.64763e-12,-0.293055,-162.412,1.07554e-11,-1.59904,-445.701,1,-0.901349
76,0.00808,0,7.67496e-12,-0.291115,-161.889,1.09229e-11,-1.64307,-451.599,1,-0.927302
76,0.00809,-3.57182e-19,7.69494e-12,-0.289015,-161.368,1.10706e-11,-1.68773,-457.49,1,-0.953255
76,0.0081,0,7.72919e-12,-0.286756,-160.847,1.12578e-11,-1.73303,-463.376,1,-0.979208
72,0.00811,3.58066e-19,7.82622e-12,-0.312291,-145.519,1.38374e-11,-1.69593,-514.46,1,0.990968
72,0.00812,3.58507e-19,7.67528e-12,-0.33323,-132.966,1.40429e-11,-1.74238,-523.333,1,0.94555
72,0.00813,3.58949e-19,7.52228e-12,-0.352081,-120.428,1.42475e-11,-1.79089,-532.197,1,0.900133
72,0.00814,3.5939e-19,7.36957e-12,-0.368853,-107.906,1.44524e-11,-1.84143,-541.051,1,0.854715
72,0.00815,3.59832e-19,7.21835e-12,-0.383552,-95.3982,1.46575e-11,-1.894,-549.895,1,0.809297
72,0.00816,3.60273e-19,7.06739e-12,-0.396186,-82.9057,1.4863e-11,-1.94859,-558.73,1,0.763879
72,0.00817,3.60715e-19,6.91542e-12,-0.406764,-70.4283,1.5068e-11,-2.00521,-567.555,1,0.718462
72,0.00818,3.61156e-19,6.76245e-12,-0.415291,-57.9658,1.52726e-11,-2.06383,-576.371,1,0.673044
72,0.00819,3.61598e-19,6.60975e-12,-0.421777,-45.5182,1.54775e-11,-2.12445,-585.177,1,0.627626
72,0.0082,3.62039e-19,6.45778e-12,-0.426228,-33.0854,1.56826e-11,-2.18707,-593.974,1,0.582208
72,0.00821,3.62481e-19,6.30754e-12,-0.428652,-20.6675,1.58881e-11,-2.25167,-602.761,1,0.536791
72,0.00822,3.62922e-19,6.15558e-12,-0.429056,-8.2643,1.60932e-11,-2.31826,-611.539,1,0.491373
72,0.00823,3.63364e-19,6.0019e-12,-0.427448,4.12421,1.62976e-11,-2.38681,-620.308,1,0.445955
72,0.00824,3.63805e-19,5.84994e-12,-0.423834,16.4981,1.65026e-11,-2.45733,-629.067,1,0.400537
72,0.00825,3.64247e-19,5.69872e-12,-0.418223,28.8574,1.67077e-11,-2.52982,-637.817,1,0.35512
72,0.00826,3.64688e-19,5.54771e-12,-0.410621,41.2021,1.69132e-11,-2.60425,-646.557,1,0.309702
72,0.00827,3.6513e-19,5.3948e-12,-0.401036,53.5324,1.71178e-11,-2.68062,-655.289,1,0.264284
72,0.00828,3.65571e-19,5.24378e-12,-0.389475,65.8482,1.73233e-11,-2.75894,-664.011,1,0.218866
72,0.00829,3.66013e-19,5.09014e-12,-0.375945,78.1497,1.75277e-11,-2.83918,-672.724,1,0.173449
72,0.0083,3.66454e-19,4.93893e-12,-0.360453,90.4369,1.77328e-11,-2.92134,-681.428,1,0.128031
72,0.00831,3.66896e-19,4.7879e-12,-0.343006,102.71,1.79383e-11,-3.00543,-690.123,1,0.0826131
72,0.00832,3.67337e-19,4.63502e-12,-0.323612,114.968,1.81429e-11,-3.09142,-698.809,1,0.0371953
72,0.00833,3.67779e-19,4.48307e-12,-0.302277,127.213,1.83479e-11,-3.17931,-707.486,1,-0.00822246
72,0.00834,3.6822e-19,4.33037e-12,-0.279008,139.443,1.85528e-11,-3.2691,-716.153,1,-0.0536402
72,0.00835,3.68662e-19,4.18006e-12,-0.253812,151.66,1.87584e-11,-3.36078,-724.812,1,-0.099058
72,0.00836,3.69103e-19,4.0281e-12,-0.226697,163.862,1.89634e-11,-3.45434,-733.462,1,-0.144476
72,0.00837,3.69545e-19,3.87526e-12,-0.197668,176.05,1.91679e-11,-3.54977,-742.103,1,-0.189894
72,0.00838,3.69986e-19,3.7233e-12,-0.166734,188.225,1.93729e-11,-3.64708,-750.735,1,-0.235311
72,0.00839,3.70428e-19,3.57061e-12,-0.1339,200.385,1.95779e-11,-3.74624,-759.359,1,-0.280729
72,0.0084,3.70869e-19,3.42027e-12,-0.0991732,212.532,1.97835e-11,-3.84726,-767.973,1,-0.326147
72,0.00841,3.71311e-19,3.26831e-12,-0.062561,224.665,1.99885e-11,-3.95013,-776.579,1,-0.371565
72,0.00842,3.71752e-19,3.1155e-12,-0.0240696,236.784,2.0193e-11,-4.05484,-785.176,1,-0.416982
72,0.00843,3.72194e-19,2.96356e-12,0.0162941,248.89,2.0398e-11,-4.16139,-793.764,1,-0.4624
72,0.00844,3.72635e-19,2.81161e-12,0.0585235,260.982,2.0603e-11,-4.26977,-802.344,1,-0.507818
72,0.00845,3.73077e-19,2.6605e-12,0.102612,273.06,2.08085e-11,-4.37996,-810.915,1,-0.553236
72,0.00846,3.73518e-19,2.50697e-12,0.148553,285.125,2.1013e-11,-4.49198,-819.477,1,-0.598653
72,0.00847,3.7396e-19,2.35577e-12,0.19634,297.176,2.12181e-11,-4.6058,-828.031,1,-0.644071
72,0.00848,3.74401e-19,2.20308e-12,0.245967,309.214,2.1423e-11,-4.72142,-836.576,1,-0.689489
72,0.00849,3.74843e-19,2.05188e-12,0.297426,321.239,2.16281e-11,-4.83885,-845.112,1,-0.734907
72,0.0085,3.75284e-19,1.89919e-12,0.350712,333.25,2.1833e-11,-4.95806,-853.641,1,-0.780324
72,0.00851,3.75726e-19,1.74879e-12,0.405817,345.248,2.20386e-11,-5.07906,-862.16,1,-0.825742
72,0.00852,3.76167e-19,1.5953e-12,0.462737,357.233,2.2243e-11,-5.20183,-870.672,1,-0.87116
72,0.00853,3.76609e-19,1.44336e-12,0.521463,369.204,2.2448e-11,-5.32638,-879.174,1,-0.916578
72,0.00854,3.7705e-19,1.29216e-12,0.581991,381.163,2.26531e-11,-5.45269,-887.669,1,-0.961995
68,0.00855,5.66238e-18,-8.38362e-12,0.582139,427.004,4.54532e-11,-5.576,-899.054,1,0.987027
68,0.00856,6.04694e-18,-9.97326e-12,0.628515,452.097,4.60179e-11,-5.72044,-901.944,1,0.907546
68,0.00857,6.054e-18,-1.15447e-11,0.680168,477.162,4.65445e-11,-5.86737,-904.833,1,0.828065
68,0.00858,6.06106e-18,-1.31161e-11,0.73708,502.199,4.70711e-11,-6.01677,-907.721,1,0.748584
68,0.00859,6.06813e-18,-1.46875e-11,0.799232,527.209,4.75977e-11,-6.16865,-910.606,1,0.669103
68,0.0086,6.07519e-18,-1.62589e-11,0.866605,552.192,4.81243e-11,-6.32299,-913.49,1,0.589622
68,0.00861,6.08226e-18,-1.78303e-11,0.939183,577.148,4.86509e-11,-6.47979,-916.373,1,0.51014
68,0.00862,6.08932e-18,-1.94016e-11,1.01695,602.076,4.91775e-11,-6.63903,-919.254,1,0.430659
68,0.00863,5.71536e-18,-2.09463e-11,1.09988,626.978,4.9665e-11,-6.80071,-922.133,1,0.351178
68,0.00864,5.72198e-18,-2.25181e-11,1.18796,651.852,5.01904e-11,-6.96481,-925.011,1,0.271697
68,0.00865,5.72861e-18,-2.40868e-11,1.28117,676.699,5.0718e-11,-7.13134,-927.887,1,0.192216
68,0.00866,5.73523e-18,-2.5657e-11,1.37949,701.52,5.12445e-11,-7.30028,-930.761,1,0.112735
68,0.00867,5.74185e-18,-2.72287e-11,1.48291,726.314,5.17699e-11,-7.47162,-933.634,1,0.033254
68,0.00868,5.74847e-18,-2.87973e-11,1.59141,751.082,5.22974e-11,-7.64535,-936.506,1,-0.0462271
68,0.00869,5.7551e-18,-3.03675e-11,1.70497,775.823,5.28239e-11,-7.82148,-939.376,1,-0.125708
68,0.0087,5.76172e-18,-3.19376e-11,1.82358,800.537,5.33503e-11,-7.99998,-942.244,1,-0.205189
68,0.00871,5.76834e-18,-3.35078e-11,1.94721,825.226,5.38768e-11,-8.18085,-945.111,1,-0.28467
68,0.00872,5.77497e-18,-3.50779e-11,2.07585,849.888,5.44033e-11,-8.36408,-947.976,1,-0.364151
68,0.00873,5.78159e-18,-3.6648e-11,2.20948,874.524,5.49297e-11,-8.54967,-950.84,1,-0.443632
68,0.00874,5.78821e-18,-3.82181e-11,2.34809,899.134,5.54562e-11,-8.7376,-953.702,1,-0.523114
68,0.00875,5.79483e-18,-3.97881e-11,2.49165,923.718,5.59827e-11,-8.92788,-956.563,1,-0.602595
68,0.00876,5.80146e-18,-4.13582e-11,2.64016,948.276,5.65091e-11,-9.12048,-959.422,1,-0.682076
68,0.00877,6.19528e-18,-4.29695e-11,2.79358,972.808,5.70763e-11,-9.3154,-962.28,1,-0.761557
68,0.00878,5.8147e-18,-4.44982e-11,2.95192,997.315,5.7562e-11,-9.51264,-965.136,1,-0.841038
68,0.00879,5.82132e-18,-4.60682e-11,3.11514,1021.8,5.80885e-11,-9.71218,-967.991,1,-0.920519
68,0.0088,0,-4.69709e-11,3.28324,1046.25,5.79976e-11,-9.91402,-970.844,1,-1
