origElemNum,globCoord-x,globCoord-y,fluidMechVelocity-real-x,fluidMechVelocity-real-y,fluidMechVelocity-imag-x,fluidMechVelocity-imag-y,locCoord-xi,locCoord-eta
6,1.0842e-19,0,5.69307e-18,4.10645e-18,8.14768e-17,2.88619e-17,1,1
11,1e-05,-1.03947e-20,-1.2773e-16,-1.01095e-06,8.84416e-17,3.78799e-07,-0.977273,-0.977273
11,2e-05,5.08071e-20,-2.56535e-16,-2.02552e-06,9.5312e-17,7.47256e-07,-0.954545,-0.954545
11,3e-05,-2.24004e-20,-3.80778e-16,-3.04361e-06,1.02102e-16,1.1053e-06,-0.931818,-0.931818
11,4e-05,2.61026e-20,-5.00475e-16,-4.0651e-06,1.08789e-16,1.45287e-06,-0.909091,-0.909091
11,5e-05,1.6706e-20,-6.15677e-16,-5.0899e-06,1.15379e-16,1.78988e-06,-0.886364,-0.886364
11,6e-05,2.52495e-20,-7.26424e-16,-6.11788e-06,1.21869e-16,2.11629e-06,-0.863636,-0.863636
11,7e-05,4.42085e-20,-8.32754e-16,-7.14892e-06,1.28248e-16,2.43201e-06,-0.840909,-0.840909
11,8e-05,-3.42456e-20,-9.34717e-16,-8.18289e-06,1.34517e-16,2.737e-06,-0.818182,-0.818182
11,9e-05,2.89873e-20,-1.03234e-15,-9.21966e-06,1.40669e-16,3.03118e-06,-0.795455,-0.795455
11,0.0001,-3.38731e-20,-1.12568e-15,-1.02591e-05,1.46707e-16,3.31449e-06,-0.772727,-0.772727
11,0.00011,-3.52577e-20,-1.21478e-15,-1.1301e-05,1.5262e-16,3.58687e-06,-0.75,-0.75
11,0.00012,-2.34274e-20,-1.29968e-15,-1.23453e-05,1.58405e-16,3.84826e-06,-0.727273,-0.727273
11,0.00013,-1.14221e-20,-1.38043e-15,-1.33917e-05,1.64063e-16,4.09861e-06,-0.704545,-0.704545
11,0.00014,-4.48236e-20,-1.45708e-15,-1.44402e-05,1.69589e-16,4.33785e-06,-0.681818,-0.681818
11,0.00015,-5.26778e-20,-1.52969e-15,-1.54906e-05,1.74979e-16,4.56593e-06,-0.659091,-0.659091
11,0.00016,3.4277e-21,-1.59829e-15,-1.65426e-05,1.80231e-16,4.78279e-06,-0.636364,-0.636364
11,0.00017,-4.68195e-20,-1.66295e-15,-1.75961e-05,1.85343e-16,4.98838e-06,-0.613636,-0.613636
11,0.00018,-2.68029e-20,-1.7237e-15,-1.86509e-05,1.9031e-16,5.18265e-06,-0.590909,-0.590909
11,0.00019,-4.99458e-20,-1.78062e-15,-1.97068e-05,1.95131e-16,5.36554e-06,-0.568182,-0.568182
11,0.0002,-3.18203e-20,-1.83374e-15,-2.07636e-05,1.99804e-16,5.53699e-06,-0.545455,-0.545455
11,0.00021,-4.25133e-20,-1.88314e-15,-2.18211e-05,2.04324e-16,5.69697e-06,-0.522727,-0.522727
11,0.00022,-2.20229e-20,-1.92885e-15,-2.28791e-05,2.08691e-16,5.84542e-06,-0.5,-0.5
11,0.00023,-4.45332e-20,-1.97095e-15,-2.39373e-05,2.12903e-16,5.98229e-06,-0.477273,-0.477273
11,0.00024,-4.05872e-20,-2.00949e-15,-2.49955e-05,2.16958e-16,6.10753e-06,-0.454545,-0.454545
11,0.00025,-2.07038e-20,-2.04453e-15,-2.60536e-05,2.20854e-16,6.2211e-06,-0.431818,-0.431818
11,0.00026,-3.47196e-20,-2.07613e-15,-2.71111e-05,2.24587e-16,6.32295e-06,-0.409091,-0.409091
11,0.00027,-2.94881e-20,-2.10435e-15,-2.8168e-05,2.2816e-16,6.41304e-06,-0.386364,-0.386364
11,0.00028,-3.18384e-20,-2.12925e-15,-2.92239e-05,2.31568e-16,6.49133e-06,-0.363636,-0.363636
11,0.00029,-2.66024e-20,-2.15091e-15,-3.02787e-05,2.34808e-16,6.55777e-06,-0.340909,-0.340909
11,0.0003,-1.08252e-20,-2.16937e-15,-3.13319e-05,2.37884e-16,6.61232e-06,-0.318182,-0.318182
11,0.00031,-3.44225e-20,-2.18472e-15,-3.23834e-05,2.40791e-16,6.65495e-06,-0.295455,-0.295455
11,0.00032,-3.07739e-20,-2.19702e-15,-3.34329e-05,2.43527e-16,6.68561e-06,-0.272727,-0.272727
11,0.00033,-4.71162e-20,-2.20633e-15,-3.448e-05,2.46095e-16,6.70426e-06,-0.25,-0.25
11,0.00034,-2.09264e-20,-2.21273e-15,-3.55246e-05,2.48491e-16,6.71087e-06,-0.227273,-0.227273
11,0.00035,-3.40317e-20,-2.21628e-15,-3.65663e-05,2.50716e-16,6.7054e-06,-0.204545,-0.204545
11,0.00036,-2.80064e-20,-2.21705e-15,-3.76048e-05,2.52769e-16,6.68782e-06,-0.181818,-0.181818
11,0.00037,-2.10124e-20,-2.21512e-15,-3.86398e-05,2.54648e-16,6.65809e-06,-0.159091,-0.159091
11,0.00038,-1.29313e-20,-2.21056e-15,-3.96709e-05,2.56356e-16,6.61618e-06,-0.136364,-0.136364
11,0.00039,-1.24698e-20,-2.20345e-15,-4.0698e-05,2.5789e-16,6.56207e-06,-0.113636,-0.113636
11,0.0004,-1.85248e-20,-2.19386e-15,-4.17205e-05,2.5925e-16,6.49571e-06,-0.0909091,-0.0909091
11,0.00041,-1.5101e-20,-2.18186e-15,-4.27383e-05,2.60437e-16,6.41707e-06,-0.0681818,-0.0681818
11,0.00042,-1.6204e-20,-2.16754e-15,-4.37509e-05,2.61451e-16,6.32614e-06,-0.0454545,-0.0454545
11,0.00043,-1.58651e-20,-2.15097e-15,-4.47581e-05,2.62293e-16,6.22288e-06,-0.0227273,-0.0227273
11,0.00044,-8.49066e-16,-2.23836e-15,-4.57594e-05,2.59913e-16,6.10727e-06,0,0
11,0.00045,-1.3324e-20,-2.1114e-15,-4.67545e-05,2.63459e-16,5.97927e-06,0.0227273,0.0227273
11,0.00046,-1.19688e-20,-2.08857e-15,-4.77431e-05,2.63784e-16,5.83888e-06,0.0454545,0.0454545
11,0.00047,-9.17178e-21,-2.06381e-15,-4.87248e-05,2.6394e-16,5.68605e-06,0.0681818,0.0681818
11,0.00048,-1.68307e-20,-2.03722e-15,-4.96992e-05,2.63925e-16,5.52077e-06,0.0909091,0.0909091
11,0.00049,-3.99951e-21,-2.00886e-15,-5.06659e-05,2.63741e-16,5.34303e-06,0.113636,0.113636
11,0.0005,-1.12372e-20,-1.97884e-15,-5.16245e-05,2.6339e-16,5.15279e-06,0.136364,0.136364
11,0.00051,-7.45984e-21,-1.94723e-15,-5.25746e-05,2.62872e-16,4.95004e-06,0.159091,0.159091
11,0.00052,-2.80064e-20,-1.91414e-15,-5.35159e-05,2.62188e-16,4.73476e-06,0.181818,0.181818
11,0.00053,-1.70911e-20,-1.87963e-15,-5.4448e-05,2.61341e-16,4.50694e-06,0.204545,0.204545
11,0.00054,-2.43145e-20,-1.8438e-15,-5.53703e-05,2.60333e-16,4.26655e-06,0.227273,0.227273
11,0.00055,-1.32349e-20,-1.80676e-15,-5.62826e-05,2.59163e-16,4.01358e-06,0.25,0.25
11,0.00056,-2.06095e-20,-1.76857e-15,-5.71843e-05,2.57835e-16,3.74803e-06,0.272727,0.272727
11,0.00057,-2.76462e-20,-1.72935e-15,-5.8075e-05,2.56349e-16,3.46987e-06,0.295455,0.295455
11,0.00058,-1.42133e-20,-1.68917e-15,-5.89544e-05,2.5471e-16,3.17909e-06,0.318182,0.318182
11,0.00059,-1.30499e-20,-1.64814e-15,-5.98219e-05,2.52918e-16,2.87569e-06,0.340909,0.340909
11,0.0006,-3.18384e-20,-1.60637e-15,-6.06772e-05,2.50973e-16,2.55965e-06,0.363636,0.363636
11,0.00061,-2.61e-20,-1.56393e-15,-6.15197e-05,2.48883e-16,2.23096e-06,0.386364,0.386364
11,0.00062,-3.13315e-20,-1.52094e-15,-6.2349e-05,2.46646e-16,1.88963e-06,0.409091,0.409091
11,0.00063,-3.08682e-20,-1.47747e-15,-6.31646e-05,2.44268e-16,1.53563e-06,0.431818,0.431818
11,0.00064,-5.41398e-20,-1.43365e-15,-6.39661e-05,2.41749e-16,1.16896e-06,0.454545,0.454545
11,0.00065,-1.404e-20,-1.38956e-15,-6.47529e-05,2.39094e-16,7.89624e-07,0.477273,0.477273
11,0.00066,2.5411e-20,-1.34532e-15,-6.55246e-05,2.36304e-16,3.97614e-07,0.5,0.5
11,0.00067,-1.85569e-21,-1.30103e-15,-6.62807e-05,2.3338e-16,-7.07328e-09,0.522727,0.522727
11,0.00068,-5.21491e-20,-1.25679e-15,-6.70207e-05,2.30329e-16,-4.24438e-07,0.545455,0.545455
11,0.00069,-4.31696e-20,-1.21269e-15,-6.77441e-05,2.27157e-16,-8.54482e-07,0.568182,0.568182
11,0.0007,-6.47415e-21,-1.16886e-15,-6.84504e-05,2.2386e-16,-1.2972e-06,0.590909,0.590909
11,0.00071,-2.98789e-20,-1.12541e-15,-6.9139e-05,2.20448e-16,-1.7526e-06,0.613636,0.613636
11,0.00072,3.4277e-21,-1.08242e-15,-6.98095e-05,2.16921e-16,-2.22067e-06,0.636364,0.636364
11,0.00073,-3.74312e-20,-1.04003e-15,-7.04612e-05,2.13284e-16,-2.70142e-06,0.659091,0.659091
11,0.00074,-9.24823e-21,-9.98328e-16,-7.10938e-05,2.09542e-16,-3.19482e-06,0.681818,0.681818
11,0.00075,3.82448e-21,-9.57442e-16,-7.17065e-05,2.05698e-16,-3.70089e-06,0.704545,0.704545
11,0.00076,1.98357e-21,-9.17477e-16,-7.2299e-05,2.01754e-16,-4.21961e-06,0.727273,0.727273
11,0.00077,2.23405e-20,-8.78548e-16,-7.28705e-05,1.97719e-16,-4.75098e-06,0.75,0.75
11,0.00078,8.21542e-24,-8.40774e-16,-7.34206e-05,1.93591e-16,-5.29498e-06,0.772727,0.772727
11,0.00079,1.96699e-20,-8.04262e-16,-7.39487e-05,1.89381e-16,-5.8516e-06,0.795455,0.795455
11,0.0008,-3.84807e-20,-7.69141e-16,-7.44543e-05,1.85089e-16,-6.42085e-06,0.818182,0.818182
11,0.00081,-3.22531e-21,-7.35506e-16,-7.49366e-05,1.80725e-16,-7.00269e-06,0.840909,0.840909
11,0.00082,5.65897e-20,-7.03493e-16,-7.53953e-05,1.7629e-16,-7.59713e-06,0.863636,0.863636
11,0.00083,-3.62335e-20,-6.73239e-16,-7.58296e-05,1.71785e-16,-8.20414e-06,0.886364,0.886364
11,0.00084,5.80781e-20,-6.44819e-16,-7.6239e-05,1.67227e-16,-8.82371e-06,0.909091,0.909091
11,0.00085,-1.11772e-20,-6.18406e-16,-7.66228e-05,1.62608e-16,-9.45582e-06,0.931818,0.931818
11,0.00086,5.02247e-20,-5.94083e-16,-7.69805e-05,1.57941e-16,-1.01005e-05,0.954545,0.954545
11,0.00087,-2.33782e-20,-5.72005e-16,-7.73114e-05,1.5323e-16,-1.07576e-05,0.977273,0.977273
11,0.00088,-1.08962e-15,-7.2285e-16,-7.76149e-05,1.01643e-16,-1.14273e-05,1,1
16,0.00089,1.00888e-19,-5.24716e-16,-7.8029e-05,1.5971e-16,-1.21666e-05,-0.977273,-0.977273
16,0.0009,4.07449e-19,-5.19769e-16,-7.84104e-05,1.55501e-16,-1.29371e-05,-0.954545,-0.954545
16,0.00091,8.78036e-19,-5.15369e-16,-7.87597e-05,1.51368e-16,-1.37396e-05,-0.931818,-0.931818
16,0.00092,1.58159e-18,-5.11483e-16,-7.90774e-05,1.47333e-16,-1.45752e-05,-0.909091,-0.909091
16,0.00093,2.46728e-18,-5.08086e-16,-7.93639e-05,1.43387e-16,-1.54448e-05,-0.886364,-0.886364
16,0.00094,3.47963e-18,-5.05143e-16,-7.96198e-05,1.39528e-16,-1.63492e-05,-0.863636,-0.863636
16,0.00095,4.63314e-18,-5.02647e-16,-7.98452e-05,1.35764e-16,-1.72894e-05,-0.840909,-0.840909
16,0.00096,5.92415e-18,-5.00549e-16,-8.00406e-05,1.32091e-16,-1.82659e-05,-0.818182,-0.818182
16,0.00097,7.3986e-18,-4.98818e-16,-8.0206e-05,1.28515e-16,-1.92794e-05,-0.795455,-0.795455
16,0.00098,9.03685e-18,-4.97441e-16,-8.03418e-05,1.25034e-16,-2.03306e-05,-0.772727,-0.772727
16,0.00099,1.08553e-17,-4.96373e-16,-8.0448e-05,1.21655e-16,-2.14201e-05,-0.75,-0.75
16,0.001,1.26964e-17,-4.95621e-16,-8.05246e-05,1.18359e-16,-2.25482e-05,-0.727273,-0.727273
16,0.00101,1.47232e-17,-4.9513e-16,-8.05716e-05,1.15173e-16,-2.37154e-05,-0.704545,-0.704545
16,0.00102,1.68095e-17,-4.94904e-16,-8.05889e-05,1.12075e-16,-2.49221e-05,-0.681818,-0.681818
16,0.00103,1.9055e-17,-4.94889e-16,-8.05765e-05,1.09082e-16,-2.61685e-05,-0.659091,-0.659091
16,0.00104,2.13922e-17,-4.95087e-16,-8.0534e-05,1.06189e-16,-2.74549e-05,-0.636364,-0.636364
16,0.00105,2.38166e-17,-4.95456e-16,-8.04613e-05,1.0339e-16,-2.87815e-05,-0.613636,-0.613636
16,0.00106,2.63192e-17,-4.95987e-16,-8.0358e-05,1.00686e-16,-3.01484e-05,-0.590909,-0.590909
16,0.00107,2.89271e-17,-4.96661e-16,-8.02237e-05,9.80845e-17,-3.15555e-05,-0.568182,-0.568182
16,0.00108,3.15542e-17,-4.97456e-16,-8.00581e-05,9.55805e-17,-3.30029e-05,-0.545455,-0.545455
16,0.00109,3.42592e-17,-4.98346e-16,-7.98605e-05,9.31741e-17,-3.44906e-05,-0.522727,-0.522727
16,0.0011,3.70552e-17,-4.99315e-16,-7.96305e-05,9.08672e-17,-3.60183e-05,-0.5,-0.5
16,0.00111,3.98966e-17,-5.00344e-16,-7.93673e-05,8.86573e-17,-3.75858e-05,-0.477273,-0.477273
16,0.00112,4.27672e-17,-5.01417e-16,-7.90705e-05,8.65394e-17,-3.9193e-05,-0.454545,-0.454545
16,0.00113,4.56867e-17,-5.02521e-16,-7.87391e-05,8.45162e-17,-4.08393e-05,-0.431818,-0.431818
16,0.00114,4.8623e-17,-5.03628e-16,-7.83724e-05,8.25925e-17,-4.25246e-05,-0.409091,-0.409091
16,0.00115,5.15729e-17,-5.04741e-16,-7.79695e-05,8.07574e-17,-4.42482e-05,-0.386364,-0.386364
16,0.00116,5.45357e-17,-5.0582e-16,-7.75295e-05,7.90184e-17,-4.60097e-05,-0.363636,-0.363636
16,0.00117,5.75332e-17,-5.06869e-16,-7.70515e-05,7.73692e-17,-4.78085e-05,-0.340909,-0.340909
16,0.00118,6.05416e-17,-5.07868e-16,-7.65343e-05,7.58126e-17,-4.96439e-05,-0.318182,-0.318182
16,0.00119,6.35397e-17,-5.08804e-16,-7.59769e-05,7.43403e-17,-5.15153e-05,-0.295455,-0.295455
16,0.0012,6.65015e-17,-5.0966e-16,-7.53781e-05,7.29574e-17,-5.34218e-05,-0.272727,-0.272727
16,0.00121,6.94776e-17,-5.10435e-16,-7.47367e-05,7.16606e-17,-5.53626e-05,-0.25,-0.25
16,0.00122,7.24093e-17,-5.111e-16,-7.40514e-05,7.04497e-17,-5.73369e-05,-0.227273,-0.227273
16,0.00123,7.52939e-17,-5.11666e-16,-7.33208e-05,6.93179e-17,-5.93437e-05,-0.204545,-0.204545
16,0.00124,7.81548e-17,-5.12106e-16,-7.25436e-05,6.82643e-17,-6.13819e-05,-0.181818,-0.181818
16,0.00125,8.09804e-17,-5.1241e-16,-7.17183e-05,6.7291e-17,-6.34505e-05,-0.159091,-0.159091
16,0.00126,8.37408e-17,-5.12578e-16,-7.08433e-05,6.63964e-17,-6.55483e-05,-0.136364,-0.136364
16,0.00127,8.64437e-17,-5.126e-16,-6.99171e-05,6.55733e-17,-6.7674e-05,-0.113636,-0.113636
16,0.00128,8.90774e-17,-5.12465e-16,-6.89381e-05,6.48214e-17,-6.98266e-05,-0.0909091,-0.0909091
16,0.00129,9.16336e-17,-5.12164e-16,-6.79044e-05,6.41415e-17,-7.20045e-05,-0.0681818,-0.0681818
16,0.0013,9.41099e-17,-5.11696e-16,-6.68144e-05,6.35234e-17,-7.42064e-05,-0.0454545,-0.0454545
16,0.00131,9.65025e-17,-5.11053e-16,-6.56662e-05,6.29755e-17,-7.64309e-05,-0.0227273,-0.0227273
16,0.00132,-7.1846e-16,-5.69287e-16,-6.4458e-05,-2.13655e-17,-7.86764e-05,0,0
16,0.00133,1.0099e-16,-5.09219e-16,-6.31878e-05,6.20518e-17,-8.09413e-05,0.0227273,0.0227273
16,0.00134,1.03072e-16,-5.0802e-16,-6.18535e-05,6.16739e-17,-8.3224e-05,0.0454545,0.0454545
16,0.00135,1.05044e-16,-5.06625e-16,-6.04532e-05,6.13535e-17,-8.55227e-05,0.0681818,0.0681818
16,0.00136,1.06887e-16,-5.05032e-16,-5.89846e-05,6.10784e-17,-8.78358e-05,0.0909091,0.0909091
16,0.00137,1.08602e-16,-5.03244e-16,-5.74456e-05,6.08472e-17,-9.01613e-05,0.113636,0.113636
16,0.00138,1.1018e-16,-5.0126e-16,-5.5834e-05,6.06633e-17,-9.24974e-05,0.136364,0.136364
16,0.00139,1.11609e-16,-4.99069e-16,-5.41474e-05,6.05144e-17,-9.4842e-05,0.159091,0.159091
16,0.0014,1.12893e-16,-4.96676e-16,-5.23834e-05,6.04043e-17,-9.71933e-05,0.181818,0.181818
16,0.00141,1.14027e-16,-4.9409e-16,-5.05397e-05,6.03241e-17,-9.9549e-05,0.204545,0.204545
16,0.00142,1.14988e-16,-4.91298e-16,-4.86138e-05,6.02717e-17,-0.000101907,0.227273,0.227273
16,0.00143,1.15783e-16,-4.88307e-16,-4.6603e-05,6.02435e-17,-0.000104265,0.25,0.25
16,0.00144,1.16385e-16,-4.85116e-16,-4.45048e-05,6.02388e-17,-0.000106621,0.272727,0.272727
16,0.00145,1.16808e-16,-4.81738e-16,-4.23166e-05,6.02452e-17,-0.000108973,0.295455,0.295455
16,0.00146,1.17035e-16,-4.78169e-16,-4.00355e-05,6.02631e-17,-0.000111317,0.318182,0.318182
16,0.00147,1.17086e-16,-4.74415e-16,-3.76588e-05,6.02922e-17,-0.000113653,0.340909,0.340909
16,0.00148,1.16901e-16,-4.70476e-16,-3.51836e-05,6.03147e-17,-0.000115976,0.363636,0.363636
16,0.00149,1.16517e-16,-4.66364e-16,-3.2607e-05,6.03463e-17,-0.000118285,0.386364,0.386364
16,0.0015,1.15925e-16,-4.62076e-16,-2.99261e-05,6.03752e-17,-0.000120577,0.409091,0.409091
16,0.00151,1.15066e-16,-4.57631e-16,-2.71378e-05,6.03802e-17,-0.000122849,0.431818,0.431818
16,0.00152,1.1402e-16,-4.53025e-16,-2.42391e-05,6.03768e-17,-0.000125098,0.454545,0.454545
16,0.00153,1.12714e-16,-4.48265e-16,-2.12266e-05,6.03528e-17,-0.000127322,0.477273,0.477273
16,0.00154,1.11143e-16,-4.43378e-16,-1.80974e-05,6.03021e-17,-0.000129517,0.5,0.5
16,0.00155,1.0932e-16,-4.38347e-16,-1.4848e-05,6.0219e-17,-0.000131682,0.522727,0.522727
16,0.00156,1.07248e-16,-4.33201e-16,-1.14752e-05,6.00985e-17,-0.000133812,0.545455,0.545455
16,0.00157,1.04943e-16,-4.27941e-16,-7.97548e-06,5.99412e-17,-0.000135904,0.568182,0.568182
16,0.00158,1.02298e-16,-4.22573e-16,-4.34548e-06,5.97303e-17,-0.000137956,0.590909,0.590909
16,0.00159,9.9416e-17,-4.17124e-16,-5.81659e-07,5.94678e-17,-0.000139964,0.613636,0.613636
16,0.0016,9.61496e-17,-4.11594e-16,3.31957e-06,5.91433e-17,-0.000141925,0.636364,0.636364
16,0.00161,9.27045e-17,-4.06007e-16,7.36183e-06,5.87684e-17,-0.000143835,0.659091,0.659091
16,0.00162,8.89276e-17,-4.00348e-16,1.15488e-05,5.83089e-17,-0.000145692,0.681818,0.681818
16,0.00163,8.48422e-17,-3.94671e-16,1.58843e-05,5.77841e-17,-0.000147491,0.704545,0.704545
16,0.00164,8.03625e-17,-3.88964e-16,2.03721e-05,5.71642e-17,-0.00014923,0.727273,0.727273
16,0.00165,7.56838e-17,-3.8326e-16,2.50161e-05,5.64722e-17,-0.000150904,0.75,0.75
16,0.00166,7.05179e-17,-3.77542e-16,2.98202e-05,5.56657e-17,-0.00015251,0.772727,0.772727
16,0.00167,6.51374e-17,-3.71868e-16,3.47884e-05,5.4773e-17,-0.000154044,0.795455,0.795455
16,0.00168,5.93584e-17,-3.66231e-16,3.99248e-05,5.3765e-17,-0.000155503,0.818182,0.818182
16,0.00169,5.32664e-17,-3.60647e-16,4.52335e-05,5.26479e-17,-0.000156882,0.840909,0.840909
16,0.0017,4.68647e-17,-3.55151e-16,5.07187e-05,5.14122e-17,-0.000158178,0.863636,0.863636
16,0.00171,3.99358e-17,-3.49733e-16,5.63846e-05,5.0034e-17,-0.000159387,0.886364,0.886364
16,0.00172,3.27742e-17,-3.44451e-16,6.22355e-05,4.85329e-17,-0.000160504,0.909091,0.909091
16,0.00173,2.51018e-17,-3.39289e-16,6.82758e-05,4.68782e-17,-0.000161526,0.931818,0.931818
16,0.00174,1.71885e-17,-3.34305e-16,7.45099e-05,4.50877e-17,-0.000162448,0.954545,0.954545
16,0.00175,8.74462e-18,-3.29479e-16,8.09422e-05,4.3127e-17,-0.000163267,0.977273,0.977273
16,0.00176,0,-3.24864e-16,8.75774e-05,4.10125e-17,-0.000163978,1,1
32,0.00177,0,-3.24578e-16,9.54342e-05,4.32354e-17,-0.000159464,1,0.990541
32,0.00178,4.98693e-20,-3.24287e-16,0.000103168,4.54113e-17,-0.000154955,1,0.981082
32,0.00179,5.03791e-20,-3.23999e-16,0.000110779,4.75289e-17,-0.000150451,1,0.971623
32,0.0018,1.01778e-19,-3.23721e-16,0.000118267,4.95985e-17,-0.00014595,1,0.962164
32,0.00181,5.13986e-20,-3.23416e-16,0.000125632,5.16062e-17,-0.000141454,1,0.952705
32,0.00182,5.19083e-20,-3.23122e-16,0.000132873,5.35662e-17,-0.000136963,1,0.943246
32,0.00183,1.04836e-19,-3.22841e-16,0.000139992,5.54766e-17,-0.000132475,1,0.933787
32,0.00184,0,-3.22531e-16,0.000146988,5.73218e-17,-0.000127992,1,0.924328
32,0.00185,0,-3.22227e-16,0.000153861,5.91246e-17,-0.000123513,1,0.914869
32,0.00186,0,-3.2193e-16,0.000160611,6.0873e-17,-0.000119038,1,0.90541
32,0.00187,0,-3.21628e-16,0.000167238,6.25693e-17,-0.000114568,1,0.895951
32,0.00188,0,-3.21323e-16,0.000173742,6.42136e-17,-0.000110102,1,0.886493
32,0.00189,0,-3.21017e-16,0.000180123,6.58046e-17,-0.000105641,1,0.877034
32,0.0019,5.59863e-20,-3.20711e-16,0.000186381,6.73492e-17,-0.000101183,1,0.867575
32,0.00191,5.6496e-20,-3.20402e-16,0.000192516,6.88353e-17,-9.67301e-05,1,0.858116
32,0.00192,5.70058e-20,-3.20091e-16,0.000198528,7.02688e-17,-9.22814e-05,1,0.848657
32,0.00193,5.75155e-20,-3.19778e-16,0.000204418,7.16507e-17,-8.78369e-05,1,0.839198
32,0.00194,5.80253e-20,-3.19464e-16,0.000210184,7.2979e-17,-8.33967e-05,1,0.829739
32,0.00195,5.8535e-20,-3.19148e-16,0.000215827,7.42547e-17,-7.89609e-05,1,0.82028
32,0.00196,5.90448e-20,-3.18839e-16,0.000221347,7.54726e-17,-7.45293e-05,1,0.810821
32,0.00197,5.95545e-20,-3.18512e-16,0.000226744,7.6647e-17,-7.0102e-05,1,0.801362
32,0.00198,6.00643e-20,-3.18191e-16,0.000232018,7.77647e-17,-6.56791e-05,1,0.791903
32,0.00199,6.0574e-20,-3.17868e-16,0.00023717,7.88299e-17,-6.12604e-05,1,0.782444
32,0.002,6.10838e-20,-3.17544e-16,0.000242198,7.98424e-17,-5.68461e-05,1,0.772985
32,0.00201,6.15935e-20,-3.17216e-16,0.000247103,8.08037e-17,-5.2436e-05,1,0.763526
32,0.00202,6.21033e-20,-3.16889e-16,0.000251885,8.17111e-17,-4.80302e-05,1,0.754067
32,0.00203,6.2613e-20,-3.16568e-16,0.000256545,8.2559e-17,-4.36288e-05,1,0.744608
32,0.00204,6.31228e-20,-3.16229e-16,0.000261081,8.33662e-17,-3.92316e-05,1,0.735149
32,0.00205,6.36325e-20,-3.15895e-16,0.000265494,8.41173e-17,-3.48387e-05,1,0.72569
32,0.00206,6.41423e-20,-3.15569e-16,0.000269785,8.48067e-17,-3.04502e-05,1,0.716231
32,0.00207,6.4652e-20,-3.15224e-16,0.000273952,8.54584e-17,-2.60659e-05,1,0.706772
32,0.00208,0,-3.14879e-16,0.000277996,8.60436e-17,-2.1686e-05,1,0.697313
32,0.00209,0,-3.14539e-16,0.000281918,8.65826e-17,-1.73103e-05,1,0.687854
32,0.0021,0,-3.14194e-16,0.000285716,8.70721e-17,-1.29389e-05,1,0.678395
32,0.00211,0,-3.13855e-16,0.000289392,8.75017e-17,-8.57189e-06,1,0.668937
32,0.00212,6.72008e-20,-3.13519e-16,0.000292944,8.7888e-17,-4.20913e-06,1,0.659478
32,0.00213,6.77105e-20,-3.13172e-16,0.000296374,8.82164e-17,1.49331e-07,1,0.650019
32,0.00214,6.82203e-20,-3.12822e-16,0.00029968,8.84944e-17,4.50349e-06,1,0.64056
32,0.00215,6.873e-20,-3.12482e-16,0.000302864,8.87083e-17,8.85335e-06,1,0.631101
32,0.00216,6.92397e-20,-3.12121e-16,0.000305924,8.88883e-17,1.31989e-05,1,0.621642
32,0.00217,6.97495e-20,-3.1177e-16,0.000308862,8.90038e-17,1.75402e-05,1,0.612183
32,0.00218,7.02592e-20,-3.11415e-16,0.000311676,8.90691e-17,2.18771e-05,1,0.602724
32,0.00219,7.0769e-20,-3.11058e-16,0.000314368,8.90818e-17,2.62098e-05,1,0.593265
32,0.0022,7.12787e-20,-3.10697e-16,0.000316937,8.90445e-17,3.05381e-05,1,0.583806
32,0.00221,7.17885e-20,-3.1034e-16,0.000319382,8.89493e-17,3.48622e-05,1,0.574347
32,0.00222,7.22982e-20,-3.09978e-16,0.000321705,8.88041e-17,3.91819e-05,1,0.564888
32,0.00223,7.2808e-20,-3.09614e-16,0.000323904,8.86063e-17,4.34974e-05,1,0.555429
32,0.00224,7.33177e-20,-3.09247e-16,0.000325981,8.83587e-17,4.78085e-05,1,0.54597
32,0.00225,7.38275e-20,-3.08889e-16,0.000327935,8.80444e-17,5.21154e-05,1,0.536511
32,0.00226,7.43372e-20,-3.08511e-16,0.000329766,8.77001e-17,5.6418e-05,1,0.527052
32,0.00227,7.4847e-20,-3.08141e-16,0.000331473,8.72919e-17,6.07162e-05,1,0.517593
32,0.00228,7.53567e-20,-3.07769e-16,0.000333058,8.6831e-17,6.50102e-05,1,0.508134
32,0.00229,7.58665e-20,-3.07398e-16,0.00033452,8.63144e-17,6.92998e-05,1,0.498675
32,0.0023,7.63762e-20,-3.07023e-16,0.000335859,8.57482e-17,7.35852e-05,1,0.489216
32,0.00231,7.6886e-20,-3.06646e-16,0.000337075,8.51295e-17,7.78662e-05,1,0.479757
32,0.00232,7.73957e-20,-3.06264e-16,0.000338167,8.44613e-17,8.2143e-05,1,0.470298
32,0.00233,7.79055e-20,-3.05886e-16,0.000339137,8.3734e-17,8.64154e-05,1,0.460839
32,0.00234,7.84152e-20,-3.05504e-16,0.000339984,8.29574e-17,9.06836e-05,1,0.451381
32,0.00235,0,-3.05106e-16,0.000340708,8.21265e-17,9.49474e-05,1,0.441922
32,0.00236,7.94347e-20,-3.04732e-16,0.000341309,8.12497e-17,9.9207e-05,1,0.432463
32,0.00237,7.99445e-20,-3.04354e-16,0.000341787,8.03019e-17,0.000103462,1,0.423004
32,0.00238,-4.02271e-20,-3.03938e-16,0.000342142,7.9321e-17,0.000107713,1,0.413545
32,0.00239,-4.0482e-20,-3.03545e-16,0.000342374,7.82833e-17,0.00011196,1,0.404086
32,0.0024,-4.07369e-20,-3.03153e-16,0.000342483,7.71911e-17,0.000116202,1,0.394627
32,0.00241,8.19835e-20,-3.02778e-16,0.000342469,7.60512e-17,0.00012044,1,0.385168
32,0.00242,8.24932e-20,-3.02382e-16,0.000342332,7.48536e-17,0.000124674,1,0.375709
32,0.00243,8.3003e-20,-3.01989e-16,0.000342072,7.35995e-17,0.000128903,1,0.36625
32,0.00244,8.35127e-20,-3.01589e-16,0.000341689,7.22966e-17,0.000133129,1,0.356791
32,0.00245,8.40224e-20,-3.01185e-16,0.000341183,7.09451e-17,0.000137349,1,0.347332
32,0.00246,8.45322e-20,-3.00782e-16,0.000340554,6.95371e-17,0.000141566,1,0.337873
32,0.00247,8.50419e-20,-3.00388e-16,0.000339802,6.80616e-17,0.000145778,1,0.328414
32,0.00248,0,-2.9996e-16,0.000338928,6.65593e-17,0.000149986,1,0.318955
32,0.00249,0,-2.99552e-16,0.00033793,6.49934e-17,0.00015419,1,0.309496
32,0.0025,0,-2.9914e-16,0.000336809,6.33804e-17,0.000158389,1,0.300037
32,0.00251,-4.35405e-20,-2.98728e-16,0.000335565,6.17e-17,0.000162584,1,0.290578
32,0.00252,0,-2.98319e-16,0.000334198,5.99802e-17,0.000166775,1,0.281119
32,0.00253,0,-2.97904e-16,0.000332709,5.82039e-17,0.000170961,1,0.27166
32,0.00254,-4.43051e-20,-2.9748e-16,0.000331096,5.63758e-17,0.000175144,1,0.262201
32,0.00255,0,-2.9707e-16,0.00032936,5.44935e-17,0.000179321,1,0.252742
32,0.00256,0,-2.96651e-16,0.000327501,5.25593e-17,0.000183495,1,0.243283
32,0.00257,0,-2.96229e-16,0.00032552,5.05725e-17,0.000187664,1,0.233825
32,0.00258,0,-2.95804e-16,0.000323415,4.85388e-17,0.000191829,1,0.224366
32,0.00259,-9.11589e-20,-2.95364e-16,0.000321187,4.645e-17,0.00019599,1,0.214907
32,0.0026,-9.16687e-20,-2.94935e-16,0.000318837,4.43112e-17,0.000200146,1,0.205448
32,0.00261,-9.21784e-20,-2.9451e-16,0.000316363,4.21052e-17,0.000204298,1,0.195989
32,0.00262,-9.26882e-20,-2.9408e-16,0.000313767,3.98587e-17,0.000208446,1,0.18653
32,0.00263,-9.31979e-20,-2.93649e-16,0.000311047,3.75564e-17,0.000212589,1,0.177071
32,0.00264,-9.37077e-20,-2.93219e-16,0.000308205,3.51957e-17,0.000216728,1,0.167612
32,0.00265,-9.42174e-20,-2.92782e-16,0.000305239,3.27907e-17,0.000220863,1,0.158153
32,0.00266,9.47272e-20,-2.92379e-16,0.00030215,3.03197e-17,0.000224994,1,0.148694
32,0.00267,9.52369e-20,-2.91935e-16,0.000298939,2.78118e-17,0.00022912,1,0.139235
32,0.00268,9.57467e-20,-2.91506e-16,0.000295605,2.5229e-17,0.000233242,1,0.129776
32,0.00269,9.62564e-20,-2.91059e-16,0.000292147,2.26222e-17,0.00023736,1,0.120317
32,0.0027,9.67662e-20,-2.90616e-16,0.000288567,1.99512e-17,0.000241473,1,0.110858
32,0.00271,9.72759e-20,-2.90171e-16,0.000284863,1.72213e-17,0.000245582,1,0.101399
32,0.00272,9.77857e-20,-2.89718e-16,0.000281037,1.44568e-17,0.000249687,1,0.0919402
32,0.00273,9.82954e-20,-2.89275e-16,0.000277087,1.16222e-17,0.000253787,1,0.0824812
32,0.00274,9.88052e-20,-2.88825e-16,0.000273015,8.74066e-18,0.000257883,1,0.0730223
32,0.00275,9.93149e-20,-2.88368e-16,0.00026882,5.81231e-18,0.000261975,1,0.0635633
32,0.00276,9.98246e-20,-2.87925e-16,0.000264501,2.80781e-18,0.000266063,1,0.0541044
32,0.00277,0,-2.87449e-16,0.00026006,-2.13428e-19,0.000270146,1,0.0446454
32,0.00278,-1.00844e-19,-2.86976e-16,0.000255496,-3.29574e-18,0.000274225,1,0.0351864
32,0.00279,0,-2.86533e-16,0.000250809,-6.44967e-18,0.000278299,1,0.0257275
32,0.0028,0,-2.86071e-16,0.000245998,-9.64077e-18,0.00028237,1,0.0162685
32,0.00281,0,-2.85611e-16,0.000241065,-1.28964e-17,0.000286436,1,0.00680958
32,0.00282,-1.02883e-19,-2.8513e-16,0.000236009,-1.61824e-17,0.000290498,1,-0.00264938
32,0.00283,-1.03393e-19,-2.84669e-16,0.00023083,-1.95374e-17,0.000294555,1,-0.0121083
32,0.00284,-1.03903e-19,-2.84201e-16,0.000225528,-2.29475e-17,0.000298608,1,-0.0215673
32,0.00285,-1.04412e-19,-2.83733e-16,0.000220102,-2.64075e-17,0.000302657,1,-0.0310262
32,0.00286,-1.04922e-19,-2.83263e-16,0.000214554,-2.99174e-17,0.000306701,1,-0.0404852
32,0.00287,-1.05432e-19,-2.8279e-16,0.000208883,-3.3488e-17,0.000310742,1,-0.0499442
32,0.00288,-1.05942e-19,-2.82317e-16,0.000203089,-3.71031e-17,0.000314778,1,-0.0594031
32,0.00289,-1.06451e-19,-2.81842e-16,0.000197172,-4.07736e-17,0.000318809,1,-0.0688621
32,0.0029,-1.06961e-19,-2.81362e-16,0.000191132,-4.44933e-17,0.000322837,1,-0.078321
32,0.00291,1.07471e-19,-2.80913e-16,0.000184969,-4.82971e-17,0.00032686,1,-0.08778
32,0.00292,1.07981e-19,-2.80426e-16,0.000178683,-5.2119e-17,0.000330878,1,-0.0972389
32,0.00293,1.0849e-19,-2.79955e-16,0.000172274,-5.6019e-17,0.000334893,1,-0.106698
32,0.00294,1.09e-19,-2.79471e-16,0.000165742,-5.9953e-17,0.000338903,1,-0.116157
32,0.00295,1.0951e-19,-2.7898e-16,0.000159087,-6.39279e-17,0.000342909,1,-0.125616
32,0.00296,1.1002e-19,-2.78493e-16,0.000152309,-6.79671e-17,0.00034691,1,-0.135075
32,0.00297,1.10529e-19,-2.77997e-16,0.000145408,-7.20519e-17,0.000350908,1,-0.144534
32,0.00298,1.11039e-19,-2.77517e-16,0.000138384,-7.62151e-17,0.0003549,1,-0.153993
32,0.00299,0,-2.77008e-16,0.000131237,-8.03885e-17,0.000358889,1,-0.163452
32,0.003,0,-2.76514e-16,0.000123968,-8.4638e-17,0.000362873,1,-0.172911
32,0.00301,0,-2.76016e-16,0.000116575,-8.89343e-17,0.000366853,1,-0.18237
32,0.00302,0,-2.75524e-16,0.000109059,-9.32985e-17,0.000370829,1,-0.191829
32,0.00303,0,-2.75021e-16,0.00010142,-9.77021e-17,0.000374801,1,-0.201287
32,0.00304,-1.14098e-19,-2.7451e-16,9.36583e-05,-1.02147e-16,0.000378768,1,-0.210746
32,0.00305,-1.14607e-19,-2.74013e-16,8.57736e-05,-1.06661e-16,0.000382731,1,-0.220205
32,0.00306,-1.15117e-19,-2.73506e-16,7.77658e-05,-1.11222e-16,0.000386689,1,-0.229664
32,0.00307,-1.15627e-19,-2.72996e-16,6.96351e-05,-1.15836e-16,0.000390643,1,-0.239123
32,0.00308,-1.16137e-19,-2.72494e-16,6.13814e-05,-1.20508e-16,0.000394593,1,-0.248582
32,0.00309,-1.16646e-19,-2.71984e-16,5.30047e-05,-1.25233e-16,0.000398539,1,-0.258041
32,0.0031,-1.17156e-19,-2.71473e-16,4.4505e-05,-1.30008e-16,0.00040248,1,-0.2675
32,0.00311,-1.17666e-19,-2.70963e-16,3.58824e-05,-1.34835e-16,0.000406417,1,-0.276959
32,0.00312,-1.18176e-19,-2.70445e-16,2.71367e-05,-1.39718e-16,0.00041035,1,-0.286418
32,0.00313,-1.18685e-19,-2.69935e-16,1.82681e-05,-1.44654e-16,0.000414278,1,-0.295877
32,0.00314,-1.19195e-19,-2.69414e-16,9.27654e-06,-1.49636e-16,0.000418202,1,-0.305336
32,0.00315,-1.19705e-19,-2.68895e-16,1.6197e-07,-1.54675e-16,0.000422122,1,-0.314795
32,0.00316,0,-2.68378e-16,-9.07559e-06,-1.59786e-16,0.000426038,1,-0.324254
32,0.00317,0,-2.67855e-16,-1.84361e-05,-1.6493e-16,0.000429949,1,-0.333713
32,0.00318,0,-2.67329e-16,-2.79196e-05,-1.70121e-16,0.000433856,1,-0.343172
32,0.00319,0,-2.66804e-16,-3.75261e-05,-1.75375e-16,0.000437759,1,-0.352631
32,0.0032,0,-2.66276e-16,-4.72556e-05,-1.80677e-16,0.000441657,1,-0.36209
32,0.00321,0,-2.65747e-16,-5.71081e-05,-1.86032e-16,0.000445551,1,-0.371549
32,0.00322,0,-2.65215e-16,-6.70835e-05,-1.91439e-16,0.000449441,1,-0.381008
32,0.00323,0,-2.64682e-16,-7.71819e-05,-1.96899e-16,0.000453326,1,-0.390467
32,0.00324,0,-2.64148e-16,-8.74033e-05,-2.02411e-16,0.000457207,1,-0.399926
32,0.00325,0,-2.63611e-16,-9.77477e-05,-2.07976e-16,0.000461084,1,-0.409385
32,0.00326,0,-2.63072e-16,-0.000108215,-2.13589e-16,0.000464956,1,-0.418843
32,0.00327,0,-2.62538e-16,-0.000118805,-2.19268e-16,0.000468825,1,-0.428302
32,0.00328,0,-2.61992e-16,-0.000129519,-2.24987e-16,0.000472689,1,-0.437761
32,0.00329,-6.34207e-20,-2.61447e-16,-0.000140355,-2.30751e-16,0.000476548,1,-0.44722
32,0.0033,-6.36755e-20,-2.60911e-16,-0.000151314,-2.36588e-16,0.000480403,1,-0.456679
32,0.00331,-6.39304e-20,-2.60353e-16,-0.000162397,-2.4245e-16,0.000484255,1,-0.466138
32,0.00332,-6.41853e-20,-2.59808e-16,-0.000173602,-2.48393e-16,0.000488101,1,-0.475597
32,0.00333,0,-2.59259e-16,-0.00018493,-2.5439e-16,0.000491944,1,-0.485056
32,0.00334,0,-2.58707e-16,-0.000196381,-2.60428e-16,0.000495782,1,-0.494515
32,0.00335,0,-2.58154e-16,-0.000207956,-2.6652e-16,0.000499616,1,-0.503974
32,0.00336,0,-2.57599e-16,-0.000219653,-2.72663e-16,0.000503445,1,-0.513433
32,0.00337,0,-2.57042e-16,-0.000231473,-2.7886e-16,0.00050727,1,-0.522892
32,0.00338,0,-2.56484e-16,-0.000243416,-2.85109e-16,0.000511091,1,-0.532351
32,0.00339,0,-2.55928e-16,-0.000255482,-2.91415e-16,0.000514908,1,-0.54181
32,0.0034,0,-2.55361e-16,-0.000267671,-2.97761e-16,0.00051872,1,-0.551269
32,0.00341,0,-2.54798e-16,-0.000279983,-3.04172e-16,0.000522528,1,-0.560728
32,0.00342,0,-2.54233e-16,-0.000292418,-3.10631e-16,0.000526332,1,-0.570187
32,0.00343,0,-2.53665e-16,-0.000304976,-3.17139e-16,0.000530131,1,-0.579646
32,0.00344,0,-2.53098e-16,-0.000317657,-3.23708e-16,0.000533926,1,-0.589105
32,0.00345,0,-2.52527e-16,-0.000330461,-3.30325e-16,0.000537717,1,-0.598564
32,0.00346,0,-2.51955e-16,-0.000343388,-3.36995e-16,0.000541504,1,-0.608023
32,0.00347,0,-2.51387e-16,-0.000356438,-3.43723e-16,0.000545286,1,-0.617482
32,0.00348,0,-2.50806e-16,-0.000369611,-3.50493e-16,0.000549064,1,-0.626941
32,0.00349,0,-2.50229e-16,-0.000382907,-3.57321e-16,0.000552837,1,-0.636399
32,0.0035,-6.8773e-20,-2.49653e-16,-0.000396326,-3.64187e-16,0.000556607,1,-0.645858
32,0.00351,0,-2.4907e-16,-0.000409868,-3.71135e-16,0.000560372,1,-0.655317
32,0.00352,0,-2.48487e-16,-0.000423533,-3.78117e-16,0.000564132,1,-0.664776
32,0.00353,0,-2.47904e-16,-0.000437321,-3.85159e-16,0.000567889,1,-0.674235
32,0.00354,0,-2.47319e-16,-0.000451232,-3.9225e-16,0.000571641,1,-0.683694
32,0.00355,0,-2.46732e-16,-0.000465265,-3.99393e-16,0.000575389,1,-0.693153
32,0.00356,0,-2.46148e-16,-0.000479422,-4.06595e-16,0.000579132,1,-0.702612
32,0.00357,0,-2.45552e-16,-0.000493702,-4.13838e-16,0.000582871,1,-0.712071
32,0.00358,0,-2.4496e-16,-0.000508105,-4.2114e-16,0.000586606,1,-0.72153
32,0.00359,0,-2.44366e-16,-0.00052263,-4.28494e-16,0.000590337,1,-0.730989
32,0.0036,0,-2.43769e-16,-0.000537279,-4.35898e-16,0.000594063,1,-0.740448
32,0.00361,0,-2.43173e-16,-0.000552051,-4.4336e-16,0.000597785,1,-0.749907
32,0.00362,0,-2.42574e-16,-0.000566946,-4.50872e-16,0.000601503,1,-0.759366
32,0.00363,0,-2.41973e-16,-0.000581963,-4.58436e-16,0.000605216,1,-0.768825
32,0.00364,0,-2.41376e-16,-0.000597104,-4.66059e-16,0.000608925,1,-0.778284
32,0.00365,0,-2.40766e-16,-0.000612367,-4.73723e-16,0.00061263,1,-0.787743
32,0.00366,0,-2.4016e-16,-0.000627754,-4.81445e-16,0.000616331,1,-0.797202
32,0.00367,-7.31059e-20,-2.3956e-16,-0.000643264,-4.89202e-16,0.000620027,1,-0.806661
32,0.00368,0,-2.38944e-16,-0.000658896,-4.97048e-16,0.000623719,1,-0.81612
32,0.00369,0,-2.38333e-16,-0.000674652,-5.04928e-16,0.000627406,1,-0.825579
32,0.0037,0,-2.3772e-16,-0.00069053,-5.12861e-16,0.00063109,1,-0.835038
32,0.00371,-7.41254e-20,-2.37114e-16,-0.000706532,-5.20825e-16,0.000634769,1,-0.844496
32,0.00372,0,-2.3649e-16,-0.000722656,-5.28885e-16,0.000638443,1,-0.853955
32,0.00373,0,-2.35878e-16,-0.000738904,-5.36981e-16,0.000642114,1,-0.863414
32,0.00374,0,-2.35253e-16,-0.000755274,-5.45119e-16,0.00064578,1,-0.872873
32,0.00375,0,-2.34632e-16,-0.000771768,-5.53315e-16,0.000649442,1,-0.882332
32,0.00376,0,-2.34014e-16,-0.000788384,-5.61569e-16,0.000653099,1,-0.891791
32,0.00377,0,-2.33384e-16,-0.000805123,-5.69863e-16,0.000656752,1,-0.90125
32,0.00378,0,-2.32758e-16,-0.000821986,-5.78218e-16,0.000660401,1,-0.910709
32,0.00379,0,-2.3213e-16,-0.000838971,-5.86625e-16,0.000664046,1,-0.920168
32,0.0038,0,-2.31501e-16,-0.000856079,-5.95084e-16,0.000667686,1,-0.929627
32,0.00381,0,-2.3087e-16,-0.000873311,-6.03596e-16,0.000671322,1,-0.939086
32,0.00382,0,-2.30236e-16,-0.000890665,-6.12159e-16,0.000674954,1,-0.948545
32,0.00383,0,-2.29602e-16,-0.000908142,-6.20777e-16,0.000678581,1,-0.958004
32,0.00384,0,-2.28972e-16,-0.000925743,-6.29453e-16,0.000682204,1,-0.967463
32,0.00385,-7.76936e-20,-2.28353e-16,-0.000943466,-6.38158e-16,0.000685823,1,-0.976922
32,0.00386,-7.79485e-20,-2.27702e-16,-0.000961312,-6.4692e-16,0.000689438,1,-0.986381
28,0.00387,-1.56407e-19,-2.25625e-16,-0.000977264,-6.58027e-16,0.00073108,1,1.00416
28,0.00388,-7.84582e-20,-2.28262e-16,-0.000999695,-6.6169e-16,0.000648467,1,0.994701
28,0.00389,-1.57426e-19,-2.30931e-16,-0.00102136,-6.65365e-16,0.000566753,1,0.985242
28,0.0039,-1.57936e-19,-2.33568e-16,-0.00104227,-6.69098e-16,0.00048594,1,0.975783
28,0.00391,-7.92229e-20,-2.36156e-16,-0.0010624,-6.72867e-16,0.000406026,1,0.966324
28,0.00392,-7.94777e-20,-2.38767e-16,-0.00108178,-6.76679e-16,0.000327012,1,0.956865
28,0.00393,-7.97326e-20,-2.41368e-16,-0.00110039,-6.80534e-16,0.000248897,1,0.947406
28,0.00394,-7.99875e-20,-2.43959e-16,-0.00111824,-6.84433e-16,0.000171683,1,0.937948
28,0.00395,-1.60485e-19,-2.46575e-16,-0.00113532,-6.88383e-16,9.53676e-05,1,0.928489
28,0.00396,-1.60994e-19,-2.49134e-16,-0.00115164,-6.92358e-16,1.99523e-05,1,0.91903
28,0.00397,-1.61504e-19,-2.51696e-16,-0.00116719,-6.96387e-16,-5.45632e-05,1,0.909571
28,0.00398,-1.62014e-19,-2.54247e-16,-0.00118198,-7.00461e-16,-0.000128179,1,0.900112
28,0.00399,-1.62524e-19,-2.56791e-16,-0.00119601,-7.04584e-16,-0.000200895,1,0.890653
28,0.004,-1.63033e-19,-2.59326e-16,-0.00120927,-7.0875e-16,-0.000272711,1,0.881194
28,0.00401,-1.63543e-19,-2.61848e-16,-0.00122177,-7.12953e-16,-0.000343628,1,0.871735
28,0.00402,-1.64053e-19,-2.64357e-16,-0.0012335,-7.17199e-16,-0.000413645,1,0.862276
28,0.00403,-8.22813e-20,-2.66821e-16,-0.00124447,-7.21467e-16,-0.000482762,1,0.852817
28,0.00404,-8.25362e-20,-2.69308e-16,-0.00125467,-7.25799e-16,-0.000550979,1,0.843358
28,0.00405,-8.27911e-20,-2.7179e-16,-0.00126412,-7.30173e-16,-0.000618297,1,0.833899
28,0.00406,-8.3046e-20,-2.74254e-16,-0.00127279,-7.34593e-16,-0.000684715,1,0.82444
28,0.00407,-8.33008e-20,-2.76718e-16,-0.00128071,-7.39052e-16,-0.000750233,1,0.814981
28,0.00408,-8.35557e-20,-2.79162e-16,-0.00128785,-7.43559e-16,-0.000814851,1,0.805522
28,0.00409,-1.67621e-19,-2.81643e-16,-0.00129424,-7.48134e-16,-0.00087857,1,0.796063
28,0.0041,-1.68131e-19,-2.84072e-16,-0.00129986,-7.52727e-16,-0.000941389,1,0.786604
28,0.00411,-1.68641e-19,-2.8649e-16,-0.00130471,-7.57363e-16,-0.00100331,1,0.777145
28,0.00412,-1.6915e-19,-2.88888e-16,-0.00130881,-7.6203e-16,-0.00106433,1,0.767686
28,0.00413,-1.6966e-19,-2.9129e-16,-0.00131213,-7.66752e-16,-0.00112445,1,0.758227
28,0.00414,-1.7017e-19,-2.93678e-16,-0.0013147,-7.71517e-16,-0.00118367,1,0.748768
28,0.00415,-1.7068e-19,-2.96053e-16,-0.0013165,-7.76327e-16,-0.00124199,1,0.739309
28,0.00416,-1.71189e-19,-2.98424e-16,-0.00131753,-7.81178e-16,-0.00129941,1,0.72985
28,0.00417,-8.58496e-20,-3.00744e-16,-0.00131781,-7.86047e-16,-0.00135593,1,0.720392
28,0.00418,-8.61045e-20,-3.03092e-16,-0.00131731,-7.90984e-16,-0.00141155,1,0.710933
28,0.00419,-8.63593e-20,-3.05437e-16,-0.00131606,-7.95962e-16,-0.00146627,1,0.701474
28,0.0042,-8.66142e-20,-3.07775e-16,-0.00131403,-8.00997e-16,-0.00152009,1,0.692015
28,0.00421,-8.68691e-20,-3.10082e-16,-0.00131125,-8.06053e-16,-0.00157301,1,0.682556
28,0.00422,-1.74248e-19,-3.1242e-16,-0.0013077,-8.11198e-16,-0.00162504,1,0.673097
28,0.00423,-1.74758e-19,-3.14712e-16,-0.00130339,-8.16354e-16,-0.00167616,1,0.663638
28,0.00424,-1.75267e-19,-3.17004e-16,-0.00129831,-8.21558e-16,-0.00172638,1,0.654179
28,0.00425,-1.75777e-19,-3.19281e-16,-0.00129247,-8.26805e-16,-0.0017757,1,0.64472
28,0.00426,-1.76287e-19,-3.21547e-16,-0.00128586,-8.32083e-16,-0.00182413,1,0.635261
28,0.00427,-1.76797e-19,-3.23808e-16,-0.00127849,-8.37416e-16,-0.00187165,1,0.625802
28,0.00428,-1.77306e-19,-3.26044e-16,-0.00127036,-8.42777e-16,-0.00191828,1,0.616343
28,0.00429,-8.89081e-20,-3.2825e-16,-0.00126146,-8.4815e-16,-0.001964,1,0.606884
28,0.0043,-8.91629e-20,-3.30481e-16,-0.0012518,-8.53605e-16,-0.00200882,1,0.597425
28,0.00431,-8.94178e-20,-3.32697e-16,-0.00124137,-8.59105e-16,-0.00205275,1,0.587966
28,0.00432,-8.96727e-20,-3.34892e-16,-0.00123018,-8.64651e-16,-0.00209577,1,0.578507
28,0.00433,-8.99276e-20,-3.37099e-16,-0.00121822,-8.70234e-16,-0.0021379,1,0.569048
28,0.00434,-9.01824e-20,-3.39284e-16,-0.0012055,-8.75864e-16,-0.00217912,1,0.559589
28,0.00435,-1.80875e-19,-3.41492e-16,-0.00119202,-8.81596e-16,-0.00221945,1,0.55013
28,0.00436,-1.81384e-19,-3.43653e-16,-0.00117777,-8.87308e-16,-0.00225887,1,0.540671
28,0.00437,-1.81894e-19,-3.45803e-16,-0.00116276,-8.93064e-16,-0.0022974,1,0.531212
28,0.00438,-1.82404e-19,-3.47953e-16,-0.00114699,-8.98866e-16,-0.00233503,1,0.521753
28,0.00439,-1.82914e-19,-3.50088e-16,-0.00113045,-9.04713e-16,-0.00237175,1,0.512294
28,0.0044,-1.83423e-19,-3.52206e-16,-0.00111314,-9.10605e-16,-0.00240758,1,0.502836
28,0.00441,-1.83933e-19,-3.54325e-16,-0.00109508,-9.16543e-16,-0.00244251,1,0.493377
28,0.00442,-1.84443e-19,-3.56433e-16,-0.00107624,-9.22524e-16,-0.00247654,1,0.483918
28,0.00443,-9.24763e-20,-3.58499e-16,-0.00105665,-9.28479e-16,-0.00250966,1,0.474459
28,0.00444,-2.78194e-19,-3.6063e-16,-0.00103629,-9.34664e-16,-0.00254189,1,0.465
28,0.00445,-2.78958e-19,-3.62695e-16,-0.00101516,-9.40762e-16,-0.00257322,1,0.455541
28,0.00446,-9.32409e-20,-3.64721e-16,-0.000993273,-9.46796e-16,-0.00260365,1,0.446082
28,0.00447,-9.34958e-20,-3.66768e-16,-0.00097062,-9.5299e-16,-0.00263318,1,0.436623
28,0.00448,-9.37507e-20,-3.68805e-16,-0.000947203,-9.59228e-16,-0.00266181,1,0.427164
28,0.00449,-1.88011e-19,-3.70877e-16,-0.000923022,-9.65572e-16,-0.00268953,1,0.417705
28,0.0045,-1.88521e-19,-3.72893e-16,-0.000898077,-9.71897e-16,-0.00271636,1,0.408246
28,0.00451,-1.89031e-19,-3.74913e-16,-0.000872368,-9.78261e-16,-0.00274229,1,0.398787
28,0.00452,-1.8954e-19,-3.76908e-16,-0.000845894,-9.84672e-16,-0.00276732,1,0.389328
28,0.00453,-1.9005e-19,-3.78903e-16,-0.000818656,-9.91118e-16,-0.00279145,1,0.379869
28,0.00454,-2.8584e-19,-3.80911e-16,-0.000790655,-9.97679e-16,-0.00281469,1,0.37041
28,0.00455,-1.9107e-19,-3.82861e-16,-0.000761889,-1.00415e-15,-0.00283702,1,0.360951
28,0.00456,-3.83159e-19,-3.84859e-16,-0.000732358,-1.01086e-15,-0.00285845,1,0.351492
28,0.00457,-3.84178e-19,-3.86822e-16,-0.000702064,-1.01749e-15,-0.00287898,1,0.342033
28,0.00458,-1.92599e-19,-3.88717e-16,-0.000671006,-1.02403e-15,-0.00289861,1,0.332574
28,0.00459,-9.65543e-20,-3.90631e-16,-0.000639183,-1.03067e-15,-0.00291734,1,0.323115
28,0.0046,-9.68092e-20,-3.92545e-16,-0.000606597,-1.03743e-15,-0.00293517,1,0.313656
28,0.00461,-9.7064e-20,-3.94472e-16,-0.000573246,-1.04423e-15,-0.00295211,1,0.304197
28,0.00462,-2.91957e-19,-3.9639e-16,-0.000539131,-1.05121e-15,-0.00296814,1,0.294738
28,0.00463,-1.95148e-19,-3.98273e-16,-0.000504252,-1.05802e-15,-0.00298327,1,0.28528
28,0.00464,-1.95657e-19,-4.0015e-16,-0.000468608,-1.06495e-15,-0.00299751,1,0.275821
28,0.00465,-1.96167e-19,-4.0202e-16,-0.000432201,-1.07192e-15,-0.00301084,1,0.266362
28,0.00466,-1.96677e-19,-4.03876e-16,-0.00039503,-1.07894e-15,-0.00302327,1,0.256903
28,0.00467,-1.97187e-19,-4.05727e-16,-0.000357094,-1.086e-15,-0.00303481,1,0.247444
28,0.00468,-3.95393e-19,-4.07594e-16,-0.000318394,-1.09323e-15,-0.00304544,1,0.237985
28,0.00469,-1.98206e-19,-4.09401e-16,-0.00027893,-1.10024e-15,-0.00305518,1,0.228526
28,0.0047,-1.98716e-19,-4.11218e-16,-0.000238702,-1.10743e-15,-0.00306401,1,0.219067
28,0.00471,-3.98451e-19,-4.13048e-16,-0.00019771,-1.1148e-15,-0.00307195,1,0.209608
28,0.00472,-1.99735e-19,-4.14831e-16,-0.000155953,-1.12194e-15,-0.00307898,1,0.200149
28,0.00473,-2.00245e-19,-4.1662e-16,-0.000113433,-1.12925e-15,-0.00308512,1,0.19069
28,0.00474,-2.00755e-19,-4.18394e-16,-7.01484e-05,-1.13662e-15,-0.00309035,1,0.181231
28,0.00475,-2.01265e-19,-4.20163e-16,-2.60996e-05,-1.14402e-15,-0.00309469,1,0.171772
28,0.00476,-2.01774e-19,-4.21927e-16,1.87133e-05,-1.15147e-15,-0.00309813,1,0.162313
28,0.00477,-4.04568e-19,-4.2367e-16,6.42904e-05,-1.15909e-15,-0.00310066,1,0.152854
28,0.00478,-2.02794e-19,-4.25411e-16,0.000110632,-1.16649e-15,-0.0031023,1,0.143395
28,0.00479,-2.03304e-19,-4.27149e-16,0.000157737,-1.17406e-15,-0.00310304,1,0.133936
28,0.0048,-2.03813e-19,-4.28858e-16,0.000205606,-1.18169e-15,-0.00310288,1,0.124477
28,0.00481,-2.04323e-19,-4.3057e-16,0.00025424,-1.18935e-15,-0.00310181,1,0.115018
28,0.00482,-4.09666e-19,-4.32267e-16,0.000303638,-1.1972e-15,-0.00309985,1,0.105559
28,0.00483,-2.05343e-19,-4.3395e-16,0.0003538,-1.20481e-15,-0.00309699,1,0.0961004
28,0.00484,-2.05852e-19,-4.35637e-16,0.000404726,-1.21261e-15,-0.00309323,1,0.0866414
28,0.00485,-2.06362e-19,-4.37301e-16,0.000456416,-1.22044e-15,-0.00308857,1,0.0771825
28,0.00486,-2.06872e-19,-4.38956e-16,0.00050887,-1.22832e-15,-0.00308301,1,0.0677235
28,0.00487,-2.07382e-19,-4.40612e-16,0.000562089,-1.23624e-15,-0.00307655,1,0.0582646
28,0.00488,-2.07891e-19,-4.4224e-16,0.000616071,-1.24421e-15,-0.00306918,1,0.0488056
28,0.00489,-4.16802e-19,-4.43863e-16,0.000670818,-1.25236e-15,-0.00306092,1,0.0393466
28,0.0049,-2.08911e-19,-4.45487e-16,0.000726329,-1.26027e-15,-0.00305177,1,0.0298877
28,0.00491,-2.09421e-19,-4.47087e-16,0.000782604,-1.26837e-15,-0.00304171,1,0.0204287
28,0.00492,-4.19861e-19,-4.48663e-16,0.000839643,-1.27664e-15,-0.00303075,1,0.0109698
28,0.00493,-4.2088e-19,-4.50234e-16,0.000897446,-1.28482e-15,-0.00301889,1,0.00151082
28,0.00494,-2.1095e-19,-4.51853e-16,0.000956014,-1.29292e-15,-0.00300613,1,-0.00794814
28,0.00495,-2.1146e-19,-4.53426e-16,0.00101535,-1.30118e-15,-0.00299247,1,-0.0174071
28,0.00496,-2.11969e-19,-4.54975e-16,0.00107544,-1.3095e-15,-0.00297791,1,-0.026866
28,0.00497,-2.12479e-19,-4.56521e-16,0.0011363,-1.31786e-15,-0.00296245,1,-0.036325
28,0.00498,0,-4.58101e-16,0.00119793,-1.32613e-15,-0.0029461,1,-0.045784
28,0.00499,-4.26997e-19,-4.59536e-16,0.00126031,-1.33483e-15,-0.00292884,1,-0.0552429
28,0.005,-4.28017e-19,-4.61038e-16,0.00132347,-1.34331e-15,-0.00291068,1,-0.0647019
28,0.00501,-2.14518e-19,-4.62603e-16,0.00138738,-1.35171e-15,-0.00289162,1,-0.0741608
28,0.00502,-2.15028e-19,-4.64098e-16,0.00145206,-1.36028e-15,-0.00287167,1,-0.0836198
28,0.00503,-4.31075e-19,-4.65525e-16,0.00151751,-1.36902e-15,-0.00285081,1,-0.0930787
28,0.00504,-4.32095e-19,-4.66997e-16,0.00158372,-1.37768e-15,-0.00282906,1,-0.102538
28,0.00505,-2.16557e-19,-4.68522e-16,0.00165069,-1.38626e-15,-0.0028064,1,-0.111997
28,0.00506,-2.17067e-19,-4.69977e-16,0.00171843,-1.39501e-15,-0.00278284,1,-0.121456
28,0.00507,-4.35153e-19,-4.71352e-16,0.00178693,-1.40392e-15,-0.00275839,1,-0.130915
28,0.00508,-4.36173e-19,-4.72783e-16,0.00185619,-1.41275e-15,-0.00273303,1,-0.140374
28,0.00509,-2.18596e-19,-4.7428e-16,0.00192622,-1.4215e-15,-0.00270678,1,-0.149832
28,0.0051,-2.19106e-19,-4.75693e-16,0.00199702,-1.43042e-15,-0.00267962,1,-0.159291
28,0.00511,-2.19616e-19,-4.77108e-16,0.00206857,-1.43938e-15,-0.00265157,1,-0.16875
28,0.00512,-2.20125e-19,-4.78501e-16,0.0021409,-1.44838e-15,-0.00262262,1,-0.178209
28,0.00513,-2.20635e-19,-4.79874e-16,0.00221398,-1.45743e-15,-0.00259276,1,-0.187668
28,0.00514,-2.21145e-19,-4.81248e-16,0.00228783,-1.46652e-15,-0.00256201,1,-0.197127
28,0.00515,-4.43309e-19,-4.82515e-16,0.00236245,-1.47577e-15,-0.00253036,1,-0.206586
28,0.00516,-2.22164e-19,-4.83955e-16,0.00243783,-1.48484e-15,-0.0024978,1,-0.216045
28,0.00517,-2.22674e-19,-4.85307e-16,0.00251397,-1.49406e-15,-0.00246435,1,-0.225504
28,0.00518,-4.46368e-19,-4.86521e-16,0.00259087,-1.50343e-15,-0.00243,1,-0.234963
28,0.00519,-4.47387e-19,-4.87853e-16,0.00266855,-1.51274e-15,-0.00239475,1,-0.244422
28,0.0052,-2.24203e-19,-4.89283e-16,0.00274698,-1.52198e-15,-0.00235859,1,-0.253881
28,0.00521,-2.24713e-19,-4.90577e-16,0.00282618,-1.53138e-15,-0.00232154,1,-0.26334
28,0.00522,-4.50445e-19,-4.91762e-16,0.00290614,-1.54092e-15,-0.00228359,1,-0.272799
28,0.00523,-2.25732e-19,-4.93142e-16,0.00298687,-1.5503e-15,-0.00224474,1,-0.282258
28,0.00524,-4.52484e-19,-4.94296e-16,0.00306836,-1.55991e-15,-0.00220499,1,-0.291717
28,0.00525,-3.40128e-19,-4.95608e-16,0.00315062,-1.56943e-15,-0.00216434,1,-0.301176
28,0.00526,-2.27262e-19,-4.96936e-16,0.00323364,-1.57899e-15,-0.00212279,1,-0.310635
28,0.00527,-2.27771e-19,-4.98186e-16,0.00331742,-1.58865e-15,-0.00208034,1,-0.320094
28,0.00528,-3.42422e-19,-4.99328e-16,0.00340197,-1.59839e-15,-0.00203699,1,-0.329553
28,0.00529,-3.43186e-19,-5.00569e-16,0.00348728,-1.60813e-15,-0.00199274,1,-0.339012
28,0.0053,-3.43951e-19,-5.01757e-16,0.00357336,-1.61791e-15,-0.00194759,1,-0.348471
28,0.00531,-2.2981e-19,-5.0303e-16,0.0036602,-1.6277e-15,-0.00190154,1,-0.35793
28,0.00532,-2.3032e-19,-5.04223e-16,0.0037478,-1.63757e-15,-0.00185459,1,-0.367388
28,0.00533,-2.3083e-19,-5.05412e-16,0.00383617,-1.64748e-15,-0.00180674,1,-0.376847
28,0.00534,-3.4701e-19,-5.06487e-16,0.00392531,-1.65747e-15,-0.001758,1,-0.386306
28,0.00535,-2.31849e-19,-5.07743e-16,0.0040152,-1.66743e-15,-0.00170835,1,-0.395765
28,0.00536,-2.32359e-19,-5.08902e-16,0.00410587,-1.67748e-15,-0.0016578,1,-0.405224
28,0.00537,0,-5.10199e-16,0.00419729,-1.68749e-15,-0.00160635,1,-0.414683
28,0.00538,-2.33379e-19,-5.11162e-16,0.00428948,-1.69769e-15,-0.00155401,1,-0.424142
28,0.00539,-3.50833e-19,-5.1218e-16,0.00438243,-1.7079e-15,-0.00150076,1,-0.433601
28,0.0054,-3.51597e-19,-5.13287e-16,0.00447615,-1.71811e-15,-0.00144661,1,-0.44306
28,0.00541,-2.34908e-19,-5.14491e-16,0.00457063,-1.72834e-15,-0.00139157,1,-0.452519
28,0.00542,-2.35418e-19,-5.1558e-16,0.00466588,-1.73864e-15,-0.00133562,1,-0.461978
28,0.00543,-3.53891e-19,-5.16548e-16,0.00476189,-1.74902e-15,-0.00127878,1,-0.471437
28,0.00544,-3.54656e-19,-5.17615e-16,0.00485867,-1.75941e-15,-0.00122103,1,-0.480896
28,0.00545,-2.36947e-19,-5.18796e-16,0.0049562,-1.76981e-15,-0.00116239,1,-0.490355
28,0.00546,-2.37457e-19,-5.19835e-16,0.00505451,-1.78029e-15,-0.00110284,1,-0.499814
28,0.00547,-2.37966e-19,-5.20862e-16,0.00515357,-1.7908e-15,-0.0010424,1,-0.509273
28,0.00548,-2.38476e-19,-5.21891e-16,0.0052534,-1.80137e-15,-0.000981051,1,-0.518732
28,0.00549,-2.38986e-19,-5.22909e-16,0.005354,-1.81197e-15,-0.000918807,1,-0.528191
28,0.0055,-3.59244e-19,-5.23798e-16,0.00545536,-1.82264e-15,-0.000855663,1,-0.53765
28,0.00551,-3.60008e-19,-5.24796e-16,0.00555748,-1.83333e-15,-0.00079162,1,-0.547109
28,0.00552,-2.40515e-19,-5.25924e-16,0.00566037,-1.84405e-15,-0.000726676,1,-0.556568
28,0.00553,-2.41025e-19,-5.269e-16,0.00576402,-1.85483e-15,-0.000660833,1,-0.566027
28,0.00554,-3.62302e-19,-5.2772e-16,0.00586844,-1.86566e-15,-0.00059409,1,-0.575486
28,0.00555,-2.42044e-19,-5.28804e-16,0.00597362,-1.87651e-15,-0.000526448,1,-0.584944
28,0.00556,-2.42554e-19,-5.29752e-16,0.00607956,-1.88742e-15,-0.000457906,1,-0.594403
28,0.00557,-2.43064e-19,-5.30689e-16,0.00618627,-1.89837e-15,-0.000388464,1,-0.603862
28,0.00558,-3.65361e-19,-5.31478e-16,0.00629374,-1.90937e-15,-0.000318122,1,-0.613321
28,0.00559,-2.44083e-19,-5.32552e-16,0.00640198,-1.92041e-15,-0.00024688,1,-0.62278
28,0.0056,-2.44593e-19,-5.3346e-16,0.00651098,-1.93149e-15,-0.000174739,1,-0.632239
28,0.00561,-2.45103e-19,-5.34355e-16,0.00662074,-1.94261e-15,-0.000101698,1,-0.641698
28,0.00562,0,-5.35523e-16,0.00673127,-1.95378e-15,-2.77576e-05,1,-0.651157
28,0.00563,0,-5.36404e-16,0.00684257,-1.96499e-15,4.70828e-05,1,-0.660616
28,0.00564,0,-5.37275e-16,0.00695462,-1.97625e-15,0.000122823,1,-0.670075
28,0.00565,-3.70713e-19,-5.37666e-16,0.00706745,-1.98754e-15,0.000199463,1,-0.679534
28,0.00566,-3.71478e-19,-5.38507e-16,0.00718103,-1.99887e-15,0.000277002,1,-0.688993
28,0.00567,-2.48161e-19,-5.3951e-16,0.00729538,-2.01027e-15,0.000355442,1,-0.698452
28,0.00568,-2.48671e-19,-5.40346e-16,0.00741049,-2.0217e-15,0.000434781,1,-0.707911
28,0.00569,-3.73771e-19,-5.40976e-16,0.00752637,-2.03315e-15,0.00051502,1,-0.71737
28,0.0057,-3.74536e-19,-5.41778e-16,0.00764301,-2.04466e-15,0.000596158,1,-0.726829
28,0.00571,-2.502e-19,-5.4274e-16,0.00776042,-2.05623e-15,0.000678196,1,-0.736288
28,0.00572,-2.5071e-19,-5.43524e-16,0.00787859,-2.06783e-15,0.000761134,1,-0.745747
28,0.00573,-2.5122e-19,-5.443e-16,0.00799753,-2.07948e-15,0.000844972,1,-0.755206
28,0.00574,-3.77594e-19,-5.44885e-16,0.00811722,-2.09114e-15,0.00092971,1,-0.764665
28,0.00575,-3.78359e-19,-5.45637e-16,0.00823769,-2.10287e-15,0.00101535,1,-0.774124
28,0.00576,-3.79124e-19,-5.46378e-16,0.00835891,-2.11464e-15,0.00110188,1,-0.783583
28,0.00577,0,-5.47677e-16,0.0084809,-2.12654e-15,0.00118932,1,-0.793042
28,0.00578,-2.53769e-19,-5.4804e-16,0.00860366,-2.13835e-15,0.00127766,1,-0.8025
28,0.00579,-3.81418e-19,-5.48542e-16,0.00872718,-2.15021e-15,0.00136689,1,-0.811959
28,0.0058,-2.54788e-19,-5.49437e-16,0.00885146,-2.16219e-15,0.00145703,1,-0.821418
28,0.00581,-2.55298e-19,-5.5013e-16,0.00897651,-2.17418e-15,0.00154806,1,-0.830877
28,0.00582,-2.55808e-19,-5.50814e-16,0.00910232,-2.18621e-15,0.00164,1,-0.840336
28,0.00583,-2.56317e-19,-5.51496e-16,0.0092289,-2.19829e-15,0.00173284,1,-0.849795
28,0.00584,-2.56827e-19,-5.52169e-16,0.00935624,-2.21042e-15,0.00182657,1,-0.859254
28,0.00585,-2.57337e-19,-5.52822e-16,0.00948434,-2.22258e-15,0.0019212,1,-0.868713
28,0.00586,-2.57847e-19,-5.53465e-16,0.00961321,-2.23479e-15,0.00201674,1,-0.878172
28,0.00587,-2.58356e-19,-5.54077e-16,0.00974284,-2.24703e-15,0.00211317,1,-0.887631
28,0.00588,0,-5.55144e-16,0.00987324,-2.25942e-15,0.00221051,1,-0.89709
28,0.00589,0,-5.55762e-16,0.0100044,-2.27176e-15,0.00230874,1,-0.906549
28,0.0059,-3.89828e-19,-5.5569e-16,0.0101363,-2.28398e-15,0.00240787,1,-0.916008
28,0.00591,-3.90593e-19,-5.56279e-16,0.010269,-2.2964e-15,0.00250791,1,-0.925467
28,0.00592,-2.60905e-19,-5.57097e-16,0.0104025,-2.30893e-15,0.00260884,1,-0.934926
28,0.00593,-2.61415e-19,-5.57678e-16,0.0105367,-2.32144e-15,0.00271067,1,-0.944385
28,0.00594,-3.92887e-19,-5.57985e-16,0.0106717,-2.33392e-15,0.0028134,1,-0.953844
28,0.00595,-3.93652e-19,-5.58533e-16,0.0108074,-2.34651e-15,0.00291704,1,-0.963303
28,0.00596,-2.62944e-19,-5.59313e-16,0.0109439,-2.35921e-15,0.00302157,1,-0.972762
28,0.00597,-2.63454e-19,-5.59844e-16,0.0110812,-2.3719e-15,0.003127,1,-0.982221
28,0.00598,-2.63964e-19,-5.60365e-16,0.0112192,-2.38462e-15,0.00323333,1,-0.99168
28,0.00599,-3.9671e-19,-5.60643e-16,0.011358,-2.39733e-15,0.00334056,1,-1.00114
80,0.006,2.64907e-19,-5.66472e-16,0.0117105,-2.42298e-15,0.00389862,1,0.983385
80,0.00601,2.65348e-19,-5.7033e-16,0.0120255,-2.44688e-15,0.00440583,1,0.968554
80,0.00602,5.31579e-19,-5.74404e-16,0.0123268,-2.47091e-15,0.00491071,1,0.953724
80,0.00603,2.66231e-19,-5.77083e-16,0.0126145,-2.49444e-15,0.00541327,1,0.938894
80,0.00604,5.33345e-19,-5.80566e-16,0.0128884,-2.51837e-15,0.0059135,1,0.924063
80,0.00605,2.67114e-19,-5.82578e-16,0.0131487,-2.5417e-15,0.00641141,1,0.909233
80,0.00606,5.35111e-19,-5.85497e-16,0.0133952,-2.56555e-15,0.00690699,1,0.894403
80,0.00607,5.35994e-19,-5.87501e-16,0.0136281,-2.58903e-15,0.00740025,1,0.879573
80,0.00608,5.36878e-19,-5.89197e-16,0.0138472,-2.61244e-15,0.00789118,1,0.864742
80,0.00609,5.37761e-19,-5.90585e-16,0.0140527,-2.63577e-15,0.00837979,1,0.849912
80,0.0061,5.38644e-19,-5.91665e-16,0.0142445,-2.65904e-15,0.00886608,1,0.835082
80,0.00611,5.39527e-19,-5.92437e-16,0.0144226,-2.68223e-15,0.00935004,1,0.820251
80,0.00612,5.4041e-19,-5.92902e-16,0.014587,-2.70535e-15,0.00983168,1,0.805421
80,0.00613,5.41293e-19,-5.93058e-16,0.0147377,-2.7284e-15,0.010311,1,0.790591
80,0.00614,2.71088e-19,-5.92223e-16,0.0148747,-2.75088e-15,0.010788,1,0.775761
80,0.00615,2.71529e-19,-5.91758e-16,0.014998,-2.77377e-15,0.0112626,1,0.76093
80,0.00616,2.71971e-19,-5.90974e-16,0.0151077,-2.79659e-15,0.011735,1,0.7461
80,0.00617,2.72412e-19,-5.89894e-16,0.0152036,-2.81934e-15,0.012205,1,0.73127
80,0.00618,2.72854e-19,-5.88519e-16,0.0152858,-2.84199e-15,0.0126727,1,0.716439
80,0.00619,2.73295e-19,-5.86825e-16,0.0153544,-2.86459e-15,0.0131381,1,0.701609
80,0.0062,2.73737e-19,-5.8481e-16,0.0154092,-2.88713e-15,0.0136011,1,0.686779
80,0.00621,5.48357e-19,-5.83226e-16,0.0154504,-2.91022e-15,0.0140618,1,0.671949
80,0.00622,2.7462e-19,-5.79899e-16,0.0154779,-2.93196e-15,0.0145202,1,0.657118
80,0.00623,5.50123e-19,-5.7769e-16,0.0154917,-2.95496e-15,0.0149763,1,0.642288
80,0.00624,2.75503e-19,-5.73729e-16,0.0154917,-2.97653e-15,0.01543,1,0.627458
80,0.00625,5.51889e-19,-5.70921e-16,0.0154781,-2.99941e-15,0.0158814,1,0.612627
80,0.00626,5.52772e-19,-5.67075e-16,0.0154508,-3.02153e-15,0.0163305,1,0.597797
80,0.00627,5.53655e-19,-5.62922e-16,0.0154098,-3.04357e-15,0.0167773,1,0.582967
80,0.00628,5.54538e-19,-5.5846e-16,0.0153551,-3.06555e-15,0.0172218,1,0.568137
80,0.00629,5.55421e-19,-5.5369e-16,0.0152868,-3.08745e-15,0.0176639,1,0.553306
80,0.0063,5.56304e-19,-5.48613e-16,0.0152047,-3.10928e-15,0.0181037,1,0.538476
80,0.00631,5.57187e-19,-5.43227e-16,0.0151089,-3.13104e-15,0.0185411,1,0.523646
80,0.00632,2.79035e-19,-5.36842e-16,0.0149995,-3.15186e-15,0.0189763,1,0.508815
80,0.00633,2.79477e-19,-5.30846e-16,0.0148763,-3.17346e-15,0.0194091,1,0.493985
80,0.00634,2.79918e-19,-5.24594e-16,0.0147395,-3.19499e-15,0.0198396,1,0.479155
80,0.00635,2.8036e-19,-5.17909e-16,0.0145889,-3.21646e-15,0.0202678,1,0.464325
80,0.00636,2.80801e-19,-5.11016e-16,0.0144247,-3.23782e-15,0.0206936,1,0.449494
80,0.00637,2.81243e-19,-5.03791e-16,0.0142468,-3.25913e-15,0.0211172,1,0.434664
80,0.00638,5.63368e-19,-4.9691e-16,0.0140552,-3.28135e-15,0.0215384,1,0.419834
80,0.00639,2.82126e-19,-4.88393e-16,0.0138499,-3.30157e-15,0.0219573,1,0.405003
80,0.0064,5.65134e-19,-4.80905e-16,0.0136309,-3.32366e-15,0.0223738,1,0.390173
80,0.00641,2.83009e-19,-4.7182e-16,0.0133982,-3.34366e-15,0.022788,1,0.375343
80,0.00642,5.669e-19,-4.63669e-16,0.0131518,-3.36567e-15,0.0231999,1,0.360512
80,0.00643,2.83892e-19,-4.53961e-16,0.0128917,-3.38552e-15,0.0236095,1,0.345682
80,0.00644,5.68666e-19,-4.45201e-16,0.0126179,-3.4074e-15,0.0240168,1,0.330852
80,0.00645,5.69549e-19,-4.35506e-16,0.0123305,-3.42816e-15,0.0244217,1,0.316022
80,0.00646,5.70432e-19,-4.25502e-16,0.0120293,-3.44884e-15,0.0248243,1,0.301191
80,0.00647,5.71315e-19,-4.15191e-16,0.0117144,-3.46946e-15,0.0252246,1,0.286361
80,0.00648,5.72198e-19,-4.04571e-16,0.0113859,-3.49e-15,0.0256226,1,0.271531
80,0.00649,2.86541e-19,-3.93096e-16,0.0110437,-3.50931e-15,0.0260182,1,0.2567
80,0.0065,5.73964e-19,-3.82409e-16,0.0106877,-3.53087e-15,0.0264115,1,0.24187
80,0.00651,2.87424e-19,-3.70384e-16,0.0103181,-3.54997e-15,0.0268025,1,0.22704
80,0.00652,2.87865e-19,-3.58551e-16,0.0099348,-3.5702e-15,0.0271911,1,0.21221
80,0.00653,2.88307e-19,-3.46467e-16,0.00953779,-3.59038e-15,0.0275775,1,0.197379
80,0.00654,2.88748e-19,-3.33925e-16,0.00912709,-3.61051e-15,0.0279615,1,0.182549
80,0.00655,2.8919e-19,-3.21207e-16,0.0087027,-3.63049e-15,0.0283432,1,0.167719
80,0.00656,2.89631e-19,-3.08144e-16,0.00826461,-3.65044e-15,0.0287225,1,0.152888
80,0.00657,2.90073e-19,-2.94736e-16,0.00781283,-3.67036e-15,0.0290996,1,0.138058
80,0.00658,2.90514e-19,-2.81115e-16,0.00734736,-3.69018e-15,0.0294743,1,0.123228
80,0.00659,5.81912e-19,-2.67439e-16,0.00686819,-3.71123e-15,0.0298467,1,0.108398
80,0.0066,2.91397e-19,-2.52822e-16,0.00637534,-3.72953e-15,0.0302168,1,0.0935673
80,0.00661,5.83678e-19,-2.38504e-16,0.00586878,-3.75052e-15,0.0305845,1,0.078737
80,0.00662,2.9228e-19,-2.23275e-16,0.00534854,-3.76869e-15,0.0309499,1,0.0639067
80,0.00663,5.85444e-19,-2.08337e-16,0.0048146,-3.78953e-15,0.031313,1,0.0490764
80,0.00664,5.86327e-19,-1.92792e-16,0.00426698,-3.80892e-15,0.0316738,1,0.0342461
80,0.00665,5.8721e-19,-1.76938e-16,0.00370565,-3.82825e-15,0.0320322,1,0.0194159
80,0.00666,2.94046e-19,-1.6062e-16,0.00313064,-3.84601e-15,0.0323883,1,0.00458557
80,0.00667,5.88976e-19,-1.44308e-16,0.00254193,-3.86668e-15,0.0327421,1,-0.0102447
80,0.00668,2.94929e-19,-1.27382e-16,0.00193953,-3.88432e-15,0.0330936,1,-0.025075
80,0.00669,5.90742e-19,-1.10447e-16,0.00132344,-3.90483e-15,0.0334428,1,-0.0399053
80,0.0067,2.95812e-19,-9.30073e-17,0.00069365,-3.92224e-15,0.0337896,1,-0.0547356
80,0.00671,2.96254e-19,-7.53921e-17,5.01706e-05,-3.94112e-15,0.0341341,1,-0.0695659
80,0.00672,2.96695e-19,-5.74133e-17,-0.000607001,-3.95993e-15,0.0344762,1,-0.0843962
80,0.00673,2.97137e-19,-3.90219e-17,-0.00127787,-3.97872e-15,0.0348161,1,-0.0992265
80,0.00674,2.97578e-19,-2.04784e-17,-0.00196242,-3.99732e-15,0.0351536,1,-0.114057
80,0.00675,2.9802e-19,-1.63309e-18,-0.00266067,-4.01592e-15,0.0354888,1,-0.128887
80,0.00676,2.98462e-19,1.76812e-17,-0.00337262,-4.03449e-15,0.0358217,1,-0.143717
80,0.00677,2.98903e-19,3.71444e-17,-0.00409825,-4.05288e-15,0.0361522,1,-0.158548
80,0.00678,5.98689e-19,5.71702e-17,-0.00483758,-4.07294e-15,0.0364805,1,-0.173378
80,0.00679,2.99786e-19,7.70423e-17,-0.00559061,-4.08957e-15,0.0368064,1,-0.188208
80,0.0068,6.00455e-19,9.78051e-17,-0.00635732,-4.10951e-15,0.03713,1,-0.203038
80,0.00681,3.00669e-19,1.18276e-16,-0.00713773,-4.12596e-15,0.0374512,1,-0.217869
80,0.00682,6.02221e-19,1.39671e-16,-0.00793183,-4.14579e-15,0.0377701,1,-0.232699
80,0.00683,3.01552e-19,1.60634e-16,-0.00873962,-4.16208e-15,0.0380867,1,-0.247529
80,0.00684,6.03987e-19,1.82769e-16,-0.00956111,-4.18179e-15,0.038401,1,-0.26236
80,0.00685,3.02435e-19,2.04325e-16,-0.0103963,-4.1979e-15,0.038713,1,-0.27719
80,0.00686,6.05753e-19,2.27099e-16,-0.0112452,-4.2175e-15,0.0390226,1,-0.29202
80,0.00687,3.03318e-19,2.49251e-16,-0.0121077,-4.2335e-15,0.0393299,1,-0.30685
80,0.00688,6.07519e-19,2.7266e-16,-0.012984,-4.25292e-15,0.0396349,1,-0.321681
80,0.00689,3.04201e-19,2.95289e-16,-0.0138739,-4.26869e-15,0.0399376,1,-0.336511
80,0.0069,3.04643e-19,3.1875e-16,-0.0147776,-4.28621e-15,0.0402379,1,-0.351341
80,0.00691,3.05084e-19,3.42567e-16,-0.0156949,-4.30365e-15,0.0405359,1,-0.366172
80,0.00692,3.05526e-19,3.668e-16,-0.0166259,-4.3211e-15,0.0408316,1,-0.381002
80,0.00693,3.05967e-19,3.91169e-16,-0.0175707,-4.33833e-15,0.0411249,1,-0.395832
80,0.00694,3.06409e-19,4.15971e-16,-0.0185291,-4.35563e-15,0.041416,1,-0.410663
80,0.00695,3.0685e-19,4.41017e-16,-0.0195012,-4.3728e-15,0.0417047,1,-0.425493
80,0.00696,3.07292e-19,4.66305e-16,-0.020487,-4.38981e-15,0.0419911,1,-0.440323
80,0.00697,6.15466e-19,4.92924e-16,-0.0214865,-4.40878e-15,0.0422751,1,-0.455153
80,0.00698,3.08175e-19,5.1789e-16,-0.0224997,-4.42378e-15,0.0425569,1,-0.469984
80,0.00699,6.17233e-19,5.45258e-16,-0.0235265,-4.44263e-15,0.0428363,1,-0.484814
80,0.007,6.18116e-19,5.71887e-16,-0.0245671,-4.45944e-15,0.0431134,1,-0.499644
80,0.00701,6.18999e-19,5.98824e-16,-0.0256214,-4.47619e-15,0.0433881,1,-0.514475
80,0.00702,6.19882e-19,6.26069e-16,-0.0266893,-4.49286e-15,0.0436606,1,-0.529305
80,0.00703,6.20765e-19,6.53621e-16,-0.027771,-4.50946e-15,0.0439307,1,-0.544135
80,0.00704,3.10824e-19,6.80188e-16,-0.0288663,-4.52395e-15,0.0441985,1,-0.558965
80,0.00705,6.22531e-19,7.0965e-16,-0.0299754,-4.54245e-15,0.044464,1,-0.573796
80,0.00706,3.11707e-19,7.36696e-16,-0.0310981,-4.55677e-15,0.0447271,1,-0.588626
80,0.00707,6.24297e-19,7.6691e-16,-0.0322345,-4.57515e-15,0.0449879,1,-0.603456
80,0.00708,3.1259e-19,7.94504e-16,-0.0333846,-4.5893e-15,0.0452464,1,-0.618287
80,0.00709,3.13031e-19,8.23851e-16,-0.0345484,-4.60546e-15,0.0455026,1,-0.633117
80,0.0071,3.13473e-19,8.53474e-16,-0.0357259,-4.62155e-15,0.0457564,1,-0.647947
80,0.00711,3.13914e-19,8.83467e-16,-0.0369171,-4.63756e-15,0.046008,1,-0.662777
80,0.00712,3.14356e-19,9.13707e-16,-0.038122,-4.65351e-15,0.0462572,1,-0.677608
80,0.00713,3.14797e-19,9.44284e-16,-0.0393406,-4.66938e-15,0.046504,1,-0.692438
80,0.00714,3.15239e-19,9.75195e-16,-0.0405729,-4.68518e-15,0.0467486,1,-0.707268
80,0.00715,3.1568e-19,1.00639e-15,-0.0418188,-4.70091e-15,0.0469908,1,-0.722099
80,0.00716,6.32244e-19,1.03982e-15,-0.0430785,-4.71875e-15,0.0472307,1,-0.736929
80,0.00717,6.33127e-19,1.07168e-15,-0.0443518,-4.73435e-15,0.0474683,1,-0.751759
80,0.00718,6.3401e-19,1.10386e-15,-0.0456389,-4.74988e-15,0.0477035,1,-0.766589
80,0.00719,6.34893e-19,1.13633e-15,-0.0469396,-4.76533e-15,0.0479364,1,-0.78142
80,0.0072,6.35776e-19,1.16912e-15,-0.048254,-4.78072e-15,0.0481671,1,-0.79625
80,0.00721,6.36659e-19,1.20222e-15,-0.0495822,-4.79603e-15,0.0483953,1,-0.81108
80,0.00722,6.37542e-19,1.23562e-15,-0.050924,-4.81127e-15,0.0486213,1,-0.825911
80,0.00723,6.38425e-19,1.26933e-15,-0.0522795,-4.82644e-15,0.0488449,1,-0.840741
80,0.00724,6.39308e-19,1.30335e-15,-0.0536487,-4.84153e-15,0.0490662,1,-0.855571
80,0.00725,6.40191e-19,1.33767e-15,-0.0550316,-4.85656e-15,0.0492852,1,-0.870401
80,0.00726,6.41074e-19,1.37231e-15,-0.0564282,-4.87151e-15,0.0495018,1,-0.885232
80,0.00727,6.41957e-19,1.40725e-15,-0.0578384,-4.88639e-15,0.0497162,1,-0.900062
80,0.00728,6.4284e-19,1.4425e-15,-0.0592624,-4.9012e-15,0.0499282,1,-0.914892
80,0.00729,3.21862e-19,1.47531e-15,-0.0607001,-4.91361e-15,0.0501379,1,-0.929723
80,0.0073,6.44606e-19,1.51392e-15,-0.0621514,-4.93061e-15,0.0503452,1,-0.944553
80,0.00731,3.22745e-19,1.54722e-15,-0.0636165,-4.94285e-15,0.0505503,1,-0.959383
80,0.00732,3.23186e-19,1.58363e-15,-0.0650952,-4.95737e-15,0.050753,1,-0.974213
80,0.00733,3.23628e-19,1.62045e-15,-0.0665877,-4.97191e-15,0.0509534,1,-0.989044
76,0.00734,0,1.6596e-15,-0.0682539,-4.98415e-15,0.0511312,1,0.99322
76,0.00735,-3.24511e-19,1.71334e-15,-0.0703759,-4.99571e-15,0.0512102,1,0.967267
76,0.00736,-3.24952e-19,1.7703e-15,-0.0724948,-5.00782e-15,0.0512248,1,0.941314
76,0.00737,0,1.83087e-15,-0.0746104,-5.02063e-15,0.051175,1,0.915361
76,0.00738,0,1.88851e-15,-0.0767229,-5.02945e-15,0.0510607,1,0.889408
76,0.00739,-3.26277e-19,1.94292e-15,-0.0788321,-5.03428e-15,0.0508821,1,0.863455
76,0.0074,0,2.0046e-15,-0.0809381,-5.04205e-15,0.050639,1,0.837502
76,0.00741,0,2.06304e-15,-0.0830408,-5.04584e-15,0.0503315,1,0.811549
76,0.00742,0,2.12176e-15,-0.0851404,-5.04796e-15,0.0499595,1,0.785596
76,0.00743,0,2.18075e-15,-0.0872367,-5.0484e-15,0.0495232,1,0.759643
76,0.00744,0,2.24001e-15,-0.0893299,-5.04716e-15,0.0490224,1,0.73369
76,0.00745,0,2.29954e-15,-0.0914198,-5.04426e-15,0.0484573,1,0.707737
76,0.00746,-3.29367e-19,2.35525e-15,-0.0935065,-5.03754e-15,0.0478276,1,0.681784
76,0.00747,0,2.41942e-15,-0.09559,-5.03342e-15,0.0471336,1,0.655831
76,0.00748,0,2.47977e-15,-0.0976703,-5.02549e-15,0.0463752,1,0.629878
76,0.00749,0,2.54038e-15,-0.0997473,-5.01588e-15,0.0455523,1,0.603925
76,0.0075,-3.31133e-19,2.59684e-15,-0.101821,-5.00265e-15,0.044665,1,0.577972
76,0.00751,0,2.66243e-15,-0.103892,-4.99165e-15,0.0437133,1,0.552019
76,0.00752,0,2.72386e-15,-0.105959,-4.97702e-15,0.0426972,1,0.526066
76,0.00753,0,2.78552e-15,-0.108023,-4.96071e-15,0.0416166,1,0.500113
76,0.00754,0,2.84753e-15,-0.110084,-4.94274e-15,0.0404717,1,0.47416
76,0.00755,0,2.90974e-15,-0.112142,-4.92306e-15,0.0392623,1,0.448207
76,0.00756,0,2.97225e-15,-0.114197,-4.90176e-15,0.0379885,1,0.422254
76,0.00757,0,3.03503e-15,-0.116248,-4.87875e-15,0.0366502,1,0.396301
76,0.00758,0,3.0981e-15,-0.118296,-4.85406e-15,0.0352476,1,0.370348
76,0.00759,-3.35107e-19,3.15619e-15,-0.120341,-4.82622e-15,0.0337805,1,0.344395
76,0.0076,0,3.22501e-15,-0.122383,-4.79971e-15,0.032249,1,0.318442
76,0.00761,-3.3599e-19,3.28348e-15,-0.124421,-4.76863e-15,0.0306531,1,0.292489
76,0.00762,0,3.35307e-15,-0.126457,-4.73865e-15,0.0289928,1,0.266536
76,0.00763,-3.36873e-19,3.41182e-15,-0.128489,-4.70433e-15,0.027268,1,0.240583
76,0.00764,-3.37314e-19,3.47645e-15,-0.130517,-4.66972e-15,0.0254788,1,0.21463
76,0.00765,-3.37756e-19,3.5414e-15,-0.132543,-4.63345e-15,0.0236252,1,0.188677
76,0.00766,0,3.61235e-15,-0.134566,-4.59642e-15,0.0217072,1,0.162724
76,0.00767,0,3.67785e-15,-0.136585,-4.55668e-15,0.0197248,1,0.136771
76,0.00768,-3.39081e-19,3.73763e-15,-0.138601,-4.51447e-15,0.0176779,1,0.110818
76,0.00769,0,3.80966e-15,-0.140613,-4.47217e-15,0.0155667,1,0.0848652
76,0.0077,-3.39964e-19,3.86981e-15,-0.142623,-4.4268e-15,0.013391,1,0.0589122
76,0.00771,0,3.94255e-15,-0.144629,-4.38096e-15,0.0111508,1,0.0329592
76,0.00772,0,4.0094e-15,-0.146633,-4.33285e-15,0.00884629,1,0.0070062
76,0.00773,0,4.07653e-15,-0.148632,-4.28306e-15,0.00647733,1,-0.0189468
76,0.00774,0,4.14392e-15,-0.150629,-4.23159e-15,0.00404395,1,-0.0448998
76,0.00775,0,4.2115e-15,-0.152623,-4.17844e-15,0.00154615,1,-0.0708528
76,0.00776,-3.42613e-19,4.27274e-15,-0.154613,-4.12362e-15,-0.00101607,1,-0.0968058
76,0.00777,0,4.34773e-15,-0.1566,-4.06716e-15,-0.00364271,1,-0.122759
76,0.00778,3.43496e-19,4.42313e-15,-0.158584,-4.00875e-15,-0.00633377,1,-0.148712
76,0.00779,-3.43937e-19,4.47792e-15,-0.160564,-3.94948e-15,-0.00908926,1,-0.174665
76,0.0078,0,4.55389e-15,-0.162542,-3.88764e-15,-0.0119092,1,-0.200618
76,0.00781,0,4.62326e-15,-0.164516,-3.82445e-15,-0.0147935,1,-0.226571
76,0.00782,0,4.69283e-15,-0.166487,-3.75959e-15,-0.0177422,1,-0.252524
76,0.00783,0,4.76268e-15,-0.168455,-3.69307e-15,-0.0207554,1,-0.278477
76,0.00784,0,4.83277e-15,-0.170419,-3.62485e-15,-0.023833,1,-0.30443
76,0.00785,0,4.90315e-15,-0.172381,-3.55497e-15,-0.026975,1,-0.330383
76,0.00786,0,4.9738e-15,-0.174339,-3.48341e-15,-0.0301814,1,-0.356336
76,0.00787,0,5.04472e-15,-0.176294,-3.41018e-15,-0.0334523,1,-0.382289
76,0.00788,0,5.11592e-15,-0.178245,-3.33529e-15,-0.0367875,1,-0.408242
76,0.00789,0,5.18737e-15,-0.180194,-3.2587e-15,-0.0401872,1,-0.434195
76,0.0079,-3.48794e-19,5.251e-15,-0.182139,-3.18227e-15,-0.0436513,1,-0.460148
76,0.00791,0,5.33112e-15,-0.184081,-3.10053e-15,-0.0471799,1,-0.486101
76,0.00792,0,5.4034e-15,-0.18602,-3.01893e-15,-0.0507728,1,-0.512054
76,0.00793,0,5.47595e-15,-0.187956,-2.93566e-15,-0.0544302,1,-0.538007
76,0.00794,-3.5056e-19,5.54029e-15,-0.189888,-2.85314e-15,-0.058152,1,-0.56396
76,0.00795,0,5.62185e-15,-0.191817,-2.76408e-15,-0.0619382,1,-0.589913
76,0.00796,0,5.69521e-15,-0.193743,-2.67578e-15,-0.0657888,1,-0.615866
76,0.00797,-3.51884e-19,5.76011e-15,-0.195666,-2.58874e-15,-0.0697039,1,-0.641819
76,0.00798,0,5.84275e-15,-0.197586,-2.49416e-15,-0.0736834,1,-0.667772
76,0.00799,-3.52767e-19,5.90802e-15,-0.199502,-2.40413e-15,-0.0777272,1,-0.693725
76,0.008,0,5.99137e-15,-0.201415,-2.30584e-15,-0.0818356,1,-0.719678
76,0.00801,-3.5365e-19,6.05701e-15,-0.203325,-2.21282e-15,-0.0860083,1,-0.745631
76,0.00802,0,6.14107e-15,-0.205232,-2.11082e-15,-0.0902455,1,-0.771584
76,0.00803,0,6.21633e-15,-0.207135,-2.0108e-15,-0.094547,1,-0.797537
76,0.00804,0,6.29171e-15,-0.209035,-1.90911e-15,-0.098913,1,-0.82349
76,0.00805,-3.55416e-19,6.35824e-15,-0.210932,-1.81014e-15,-0.103343,1,-0.849443
76,0.00806,-3.55858e-19,6.43422e-15,-0.212826,-1.70529e-15,-0.107838,1,-0.875396
76,0.00807,0,6.51992e-15,-0.214717,-1.59399e-15,-0.112398,1,-0.901349
76,0.00808,0,6.59669e-15,-0.216604,-1.48558e-15,-0.117021,1,-0.927302
76,0.00809,-3.57182e-19,6.66397e-15,-0.218488,-1.38071e-15,-0.121709,1,-0.953255
76,0.0081,0,6.75073e-15,-0.220369,-1.26378e-15,-0.126462,1,-0.979208
72,0.00811,3.58066e-19,6.83776e-15,-0.22222,-1.14004e-15,-0.131368,1,0.990968
72,0.00812,3.58507e-19,6.91529e-15,-0.223886,-1.00062e-15,-0.136717,1,0.94555
72,0.00813,3.58949e-19,6.99127e-15,-0.225429,-8.59172e-16,-0.142161,1,0.900133
72,0.00814,3.5939e-19,7.06605e-15,-0.226847,-7.15638e-16,-0.1477,1,0.854715
72,0.00815,3.59832e-19,7.1387e-15,-0.228142,-5.70107e-16,-0.153333,1,0.809297
72,0.00816,3.60273e-19,7.21019e-15,-0.229313,-4.22473e-16,-0.159062,1,0.763879
72,0.00817,3.60715e-19,7.28012e-15,-0.23036,-2.72809e-16,-0.164886,1,0.718462
72,0.00818,3.61156e-19,7.34845e-15,-0.231283,-1.2113e-16,-0.170805,1,0.673044
72,0.00819,3.61598e-19,7.41559e-15,-0.232082,3.26541e-17,-0.176818,1,0.627626
72,0.0082,3.62039e-19,7.48094e-15,-0.232758,1.88464e-16,-0.182927,1,0.582208
72,0.00821,3.62481e-19,7.54463e-15,-0.23331,3.46351e-16,-0.189131,1,0.536791
72,0.00822,3.62922e-19,7.60695e-15,-0.233738,5.06268e-16,-0.19543,1,0.491373
72,0.00823,3.63364e-19,7.66788e-15,-0.234042,6.68197e-16,-0.201824,1,0.445955
72,0.00824,3.63805e-19,7.72715e-15,-0.234223,8.32209e-16,-0.208312,1,0.400537
72,0.00825,3.64247e-19,7.78468e-15,-0.234279,9.98252e-16,-0.214896,1,0.35512
72,0.00826,3.64688e-19,7.84107e-15,-0.234212,1.16644e-15,-0.221575,1,0.309702
72,0.00827,3.6513e-19,7.89564e-15,-0.234021,1.33653e-15,-0.228349,1,0.264284
72,0.00828,3.65571e-19,7.94901e-15,-0.233706,1.50883e-15,-0.235217,1,0.218866
72,0.00829,3.66013e-19,8.00071e-15,-0.233267,1.68303e-15,-0.242181,1,0.173449
72,0.0083,3.66454e-19,8.05068e-15,-0.232705,1.85933e-15,-0.24924,1,0.128031
72,0.00831,3.66896e-19,8.09952e-15,-0.232019,2.03779e-15,-0.256394,1,0.0826131
72,0.00832,3.67337e-19,8.14645e-15,-0.231209,2.21811e-15,-0.263642,1,0.0371953
72,0.00833,3.67779e-19,8.19205e-15,-0.230275,2.40058e-15,-0.270986,1,-0.00822246
72,0.00834,3.6822e-19,8.23629e-15,-0.229217,2.58511e-15,-0.278425,1,-0.0536402
72,0.00835,3.68662e-19,8.27893e-15,-0.228035,2.77178e-15,-0.285959,1,-0.099058
72,0.00836,3.69103e-19,8.31998e-15,-0.22673,2.9604e-15,-0.293587,1,-0.144476
72,0.00837,3.69545e-19,8.35926e-15,-0.225301,3.15095e-15,-0.301311,1,-0.189894
72,0.00838,3.69986e-19,8.39727e-15,-0.223748,3.34367e-15,-0.30913,1,-0.235311
72,0.00839,3.70428e-19,8.43387e-15,-0.222071,3.53845e-15,-0.317043,1,-0.280729
72,0.0084,3.70869e-19,8.469e-15,-0.22027,3.73541e-15,-0.325052,1,-0.326147
72,0.00841,3.71311e-19,8.50245e-15,-0.218346,3.93428e-15,-0.333156,1,-0.371565
72,0.00842,3.71752e-19,8.53409e-15,-0.216298,4.13506e-15,-0.341355,1,-0.416982
72,0.00843,3.72194e-19,8.5645e-15,-0.214126,4.33803e-15,-0.349648,1,-0.4624
72,0.00844,3.72635e-19,8.59338e-15,-0.21183,4.54305e-15,-0.358037,1,-0.507818
72,0.00845,3.73077e-19,8.62107e-15,-0.20941,4.75029e-15,-0.366521,1,-0.553236
72,0.00846,3.73518e-19,8.64667e-15,-0.206867,4.95926e-15,-0.375099,1,-0.598653
72,0.00847,3.7396e-19,8.67093e-15,-0.2042,5.17043e-15,-0.383773,1,-0.644071
72,0.00848,3.74401e-19,8.69379e-15,-0.201408,5.38366e-15,-0.392542,1,-0.689489
72,0.00849,3.74843e-19,8.71503e-15,-0.198494,5.59893e-15,-0.401405,1,-0.734907
72,0.0085,3.75284e-19,8.73483e-15,-0.195455,5.81626e-15,-0.410364,1,-0.780324
72,0.00851,3.75726e-19,8.75341e-15,-0.192292,6.03583e-15,-0.419418,1,-0.825742
72,0.00852,3.76167e-19,8.7698e-15,-0.189006,6.25706e-15,-0.428566,1,-0.87116
72,0.00853,3.76609e-19,8.785e-15,-0.185596,6.48054e-15,-0.43781,1,-0.916578
72,0.00854,3.7705e-19,8.79868e-15,-0.182062,6.70606e-15,-0.447149,1,-0.961995
68,0.00855,5.66238e-18,8.90839e-15,-0.17835,7.24464e-15,-0.456588,1,0.987027
68,0.00856,6.04694e-18,8.82424e-15,-0.174164,7.72196e-15,-0.466118,1,0.907546
68,0.00857,6.054e-18,8.7168e-15,-0.169721,8.18515e-15,-0.475687,1,0.828065
68,0.00858,6.06106e-18,8.59363e-15,-0.165023,8.65361e-15,-0.485294,1,0.748584
68,0.00859,6.06813e-18,8.45475e-15,-0.160069,9.12735e-15,-0.494942,1,0.669103
68,0.0086,6.07519e-18,8.30015e-15,-0.154858,9.60636e-15,-0.504628,1,0.589622
68,0.00861,6.08226e-18,8.12983e-15,-0.149392,1.00906e-14,-0.514353,1,0.51014
68,0.00862,6.08932e-18,7.94379e-15,-0.143671,1.05802e-14,-0.524117,1,0.430659
68,0.00863,5.71536e-18,7.73619e-15,-0.137693,1.10523e-14,-0.533921,1,0.351178
68,0.00864,5.72198e-18,7.51884e-15,-0.131459,1.15519e-14,-0.543764,1,0.271697
68,0.00865,5.72861e-18,7.28607e-15,-0.12497,1.2057e-14,-0.553645,1,0.192216
68,0.00866,5.73523e-18,7.03745e-15,-0.118224,1.25672e-14,-0.563566,1,0.112735
68,0.00867,5.74185e-18,6.77292e-15,-0.111223,1.30826e-14,-0.573526,1,0.033254
68,0.00868,5.74847e-18,6.49308e-15,-0.103966,1.36035e-14,-0.583525,1,-0.0462271
68,0.00869,5.7551e-18,6.19734e-15,-0.0964527,1.41295e-14,-0.593564,1,-0.125708
68,0.0087,5.76172e-18,5.88588e-15,-0.0886837,1.46608e-14,-0.603641,1,-0.205189
68,0.00871,5.76834e-18,5.55873e-15,-0.0806589,1.51974e-14,-0.613757,1,-0.28467
68,0.00872,5.77497e-18,5.21586e-15,-0.0723783,1.57393e-14,-0.623913,1,-0.364151
68,0.00873,5.78159e-18,4.85729e-15,-0.0638417,1.62864e-14,-0.634108,1,-0.443632
68,0.00874,5.78821e-18,4.48301e-15,-0.0550493,1.68388e-14,-0.644341,1,-0.523114
68,0.00875,5.79483e-18,4.09302e-15,-0.046001,1.73965e-14,-0.654614,1,-0.602595
68,0.00876,5.80146e-18,3.68733e-15,-0.0366968,1.79594e-14,-0.664926,1,-0.682076
68,0.00877,6.19528e-18,3.26708e-15,-0.0271368,1.85563e-14,-0.675277,1,-0.761557
68,0.00878,5.8147e-18,2.82882e-15,-0.0173208,1.91011e-14,-0.685668,1,-0.841038
68,0.00879,5.82132e-18,2.376e-15,-0.00724904,1.96799e-14,-0.696097,1,-0.920519
68,0.0088,0,1.90306e-15,0.00307864,1.98093e-14,-0.706566,1,-1
